ISO3,CountryName,Year,AnnualMean,OSDMA8,nCells
AFG,"Afghanistan",1990,37.5526983263907,37.60827795689,68
AFG,"Afghanistan",1991,37.1250506747661,48.8403543440612,68
AFG,"Afghanistan",1992,29.9217893680699,38.5368988975694,68
AFG,"Afghanistan",1993,33.8973761135002,45.7716676709778,68
AFG,"Afghanistan",1994,33.2745626185002,40.0383132813416,68
AFG,"Afghanistan",1995,36.1330442751643,45.530166332843,68
AFG,"Afghanistan",1996,36.1125616979312,42.4971722716071,68
AFG,"Afghanistan",1997,41.8405493397264,48.6378847243466,68
AFG,"Afghanistan",1998,38.778740835125,44.6504882610364,68
AFG,"Afghanistan",1999,49.1016028582719,60.2437287312231,68
AFG,"Afghanistan",2000,34.058652878627,43.0462164796076,68
AFG,"Afghanistan",2001,41.0001176884684,49.9410888892312,68
AFG,"Afghanistan",2002,44.0708099294241,53.8088315268379,68
AFG,"Afghanistan",2003,42.8362210504658,54.3728765841862,68
AFG,"Afghanistan",2004,42.5898346550573,51.6381510830777,68
AFG,"Afghanistan",2005,41.6390370602667,47.0212551759444,68
AFG,"Afghanistan",2006,46.5349638238551,54.0608942834263,68
AFG,"Afghanistan",2007,50.8473594154549,56.9124004053261,68
AFG,"Afghanistan",2008,53.6926439499167,60.1661998371826,68
AFG,"Afghanistan",2009,47.8771775654216,52.8291787540344,68
AFG,"Afghanistan",2010,41.9515392022657,50.0380036807958,68
AFG,"Afghanistan",2011,38.7205402979078,45.540730797812,68
AFG,"Afghanistan",2012,43.2087677420825,49.6925452504882,68
AFG,"Afghanistan",2013,27.2347184111563,31.5091484275496,68
AFG,"Afghanistan",2014,37.729552630443,46.1565576759855,68
AFG,"Afghanistan",2015,36.9950469146712,44.2016816446009,68
AFG,"Afghanistan",2016,29.611314860134,37.0398750197975,68
AFG,"Afghanistan",2017,41.7284711869657,51.1617222168638,68
AFG,"Afghanistan",2018,44.376764468921,53.8826809782697,68
AFG,"Afghanistan",2019,42.9633339093714,52.0248350158809,68
AFG,"Afghanistan",2020,41.2106899173593,48.2393814689861,68
AFG,"Afghanistan",2021,41.9362161676807,52.109222648707,68
AFG,"Afghanistan",2022,45.9569001413538,53.6225885276298,68
ALB,"Albania",1990,42.0174680916284,53.1303122439214,5
ALB,"Albania",1991,32.3231634186724,42.5763501642468,5
ALB,"Albania",1992,31.0628267435933,39.8932528825333,5
ALB,"Albania",1993,31.8315178777875,42.7326779117726,5
ALB,"Albania",1994,34.2779827730931,43.4577307956817,5
ALB,"Albania",1995,35.5423115677385,45.2352913921964,5
ALB,"Albania",1996,31.7273686780687,40.9860541844604,5
ALB,"Albania",1997,34.0175886442047,43.1495613477403,5
ALB,"Albania",1998,32.391362062715,42.3757862441891,5
ALB,"Albania",1999,30.5706907969077,35.4814062561962,5
ALB,"Albania",2000,33.7432492125819,43.0360931388962,5
ALB,"Albania",2001,45.4779112199925,55.5403394937934,5
ALB,"Albania",2002,36.6405504382949,45.5829998063514,5
ALB,"Albania",2003,41.1978394082668,53.5917443402239,5
ALB,"Albania",2004,45.0201358722536,59.3684132334883,5
ALB,"Albania",2005,53.8189828001435,64.083623246056,5
ALB,"Albania",2006,53.3891674484765,62.5615074438435,5
ALB,"Albania",2007,53.365374506398,63.6813621895161,5
ALB,"Albania",2008,55.2455734912726,64.3763958326169,5
ALB,"Albania",2009,44.5634541989023,55.1511142076503,5
ALB,"Albania",2010,43.2489680129518,52.2794800410757,5
ALB,"Albania",2011,43.5330918672684,55.3371717194645,5
ALB,"Albania",2012,36.6084429903451,43.6995691615726,5
ALB,"Albania",2013,43.3744054459946,55.0090631625362,5
ALB,"Albania",2014,30.8551990089948,39.0280456917507,5
ALB,"Albania",2015,29.7910796434772,36.7326196630449,5
ALB,"Albania",2016,25.7411634043685,31.3971111372034,5
ALB,"Albania",2017,29.4640785443197,34.564409572293,5
ALB,"Albania",2018,38.335045044656,46.0176582816268,5
ALB,"Albania",2019,36.0321536986831,41.0928189979232,5
ALB,"Albania",2020,31.3422990317288,39.6732248140962,5
ALB,"Albania",2021,37.8420957078098,44.1221410222783,5
ALB,"Albania",2022,36.7267035486723,44.5818019413373,5
DZA,"Algeria",1990,35.1118521152165,44.8888537017745,221
DZA,"Algeria",1991,38.1874362068386,47.5126299730242,221
DZA,"Algeria",1992,35.7799109997286,49.2452679893309,221
DZA,"Algeria",1993,36.1744090915751,45.9201845166106,221
DZA,"Algeria",1994,34.3573485380418,44.3201853492637,221
DZA,"Algeria",1995,41.4566860332956,50.2101066739776,221
DZA,"Algeria",1996,41.0616619725112,51.3493360954548,221
DZA,"Algeria",1997,37.71116079104,43.744016738236,221
DZA,"Algeria",1998,37.9938798797596,43.2612872058975,221
DZA,"Algeria",1999,38.3627514951643,46.8592459437541,221
DZA,"Algeria",2000,43.2820313188909,49.6136006112315,221
DZA,"Algeria",2001,41.5618495836326,48.1221044989857,221
DZA,"Algeria",2002,40.0180239767127,46.2596468847747,221
DZA,"Algeria",2003,42.8539576985061,51.3012169657576,221
DZA,"Algeria",2004,38.9864425047066,43.0624986882175,221
DZA,"Algeria",2005,39.8848504718538,45.6286985169126,221
DZA,"Algeria",2006,39.3816776649176,45.0738758254519,221
DZA,"Algeria",2007,39.1395330051927,43.1559573892343,221
DZA,"Algeria",2008,41.9423542201025,46.5214536857877,221
DZA,"Algeria",2009,41.6217519546094,46.106841677991,221
DZA,"Algeria",2010,42.065826733047,47.0626569988,221
DZA,"Algeria",2011,42.6186739392248,46.8407568056835,221
DZA,"Algeria",2012,42.1567159390897,47.4884395872156,221
DZA,"Algeria",2013,41.3910951858472,46.8009061010605,221
DZA,"Algeria",2014,40.9920965346862,47.7666756010021,221
DZA,"Algeria",2015,42.5426651893045,47.9588163326563,221
DZA,"Algeria",2016,43.4675825746865,48.4773449755766,221
DZA,"Algeria",2017,45.8319694019761,51.1530778973249,221
DZA,"Algeria",2018,44.0495746576485,49.0685851130072,221
DZA,"Algeria",2019,42.9620323460222,47.4891192293107,221
DZA,"Algeria",2020,41.3928470471767,44.9158504799277,221
DZA,"Algeria",2021,41.1207468123832,45.7593931177066,221
DZA,"Algeria",2022,39.9626399522125,42.2873426229183,221
ASM,"American Samoa",1990,15.6104757190122,17.5432154037873,3
ASM,"American Samoa",1991,19.9384002650203,25.6977093507767,3
ASM,"American Samoa",1992,20.4877753563115,24.8512558802094,3
ASM,"American Samoa",1993,23.5180009112458,29.6925903572576,3
ASM,"American Samoa",1994,19.8087996299264,23.6420473933053,3
ASM,"American Samoa",1995,18.9239799338071,22.0965444737814,3
ASM,"American Samoa",1996,23.8047583234008,28.3671435253686,3
ASM,"American Samoa",1997,23.6077677743636,26.8575893448689,3
ASM,"American Samoa",1998,20.7853410015535,24.2914954868017,3
ASM,"American Samoa",1999,19.8471347942365,22.0525772414855,3
ASM,"American Samoa",2000,19.450134206964,24.5038725075275,3
ASM,"American Samoa",2001,21.8650952716017,26.3048009467325,3
ASM,"American Samoa",2002,22.3177858010919,26.2306315825542,3
ASM,"American Samoa",2003,19.4795671086401,22.9017924995285,3
ASM,"American Samoa",2004,19.3961289846414,22.7009813181412,3
ASM,"American Samoa",2005,18.1723950600601,22.3359554014545,3
ASM,"American Samoa",2006,16.9539923000014,19.7999486548884,3
ASM,"American Samoa",2007,17.8423272273946,21.0206229225311,3
ASM,"American Samoa",2008,15.8707122299803,18.98866166093,3
ASM,"American Samoa",2009,17.2209166473264,20.8371294429182,3
ASM,"American Samoa",2010,18.211710395415,22.1458754396271,3
ASM,"American Samoa",2011,17.2563693564139,19.8497454067861,3
ASM,"American Samoa",2012,17.5622357370479,20.8832826496979,3
ASM,"American Samoa",2013,18.9169168775648,21.866237616878,3
ASM,"American Samoa",2014,21.108486168213,25.0254229555002,3
ASM,"American Samoa",2015,20.4078317020024,22.0077950956469,3
ASM,"American Samoa",2016,19.9519842180329,21.58971612261,3
ASM,"American Samoa",2017,20.5125242091503,22.7456616831499,3
ASM,"American Samoa",2018,21.2874119448986,22.5205553142508,3
ASM,"American Samoa",2019,21.0544873443422,21.2480902030074,3
ASM,"American Samoa",2020,20.1768767419166,20.5349252059212,3
ASM,"American Samoa",2021,22.3929817078293,28.860832473218,3
ASM,"American Samoa",2022,34.4403336536184,34.5041721418091,3
AGO,"Angola",1990,38.8177008149808,38.8688033620779,111
AGO,"Angola",1991,30.6542678269469,39.3604863897482,111
AGO,"Angola",1992,30.0605592653438,41.1772224086218,111
AGO,"Angola",1993,31.7500198951841,43.6488248784155,111
AGO,"Angola",1994,29.6487404017959,39.5011539467587,111
AGO,"Angola",1995,32.6093687203011,43.6554350198372,111
AGO,"Angola",1996,30.7977907061654,41.7909962937639,111
AGO,"Angola",1997,32.5129453609325,41.91912080456,111
AGO,"Angola",1998,34.3428795191392,46.9083320019068,111
AGO,"Angola",1999,33.6066216915955,43.354524450767,111
AGO,"Angola",2000,28.8542668853617,40.0286979349262,111
AGO,"Angola",2001,27.6067878203928,37.127256984772,111
AGO,"Angola",2002,32.504256323321,43.8450817430708,111
AGO,"Angola",2003,31.2634452736757,42.5373072806361,111
AGO,"Angola",2004,24.4487026997697,30.4238556619655,111
AGO,"Angola",2005,30.1192584254528,37.7952924788145,111
AGO,"Angola",2006,26.8705591866048,35.1312793301237,111
AGO,"Angola",2007,31.3830076799172,40.0026819410832,111
AGO,"Angola",2008,28.1381309325335,34.5135569789091,111
AGO,"Angola",2009,29.9916543417506,37.450656677367,111
AGO,"Angola",2010,27.819400596408,32.8411468988005,111
AGO,"Angola",2011,35.5674732305659,46.3744670139115,111
AGO,"Angola",2012,33.8848674788707,41.5869813103498,111
AGO,"Angola",2013,30.9503405583275,40.0795499215014,111
AGO,"Angola",2014,37.7435332356927,45.8671349648431,111
AGO,"Angola",2015,35.2994498934388,43.8135049768213,111
AGO,"Angola",2016,36.1169792426995,45.2449124538069,111
AGO,"Angola",2017,34.4295319015765,41.9023458842962,111
AGO,"Angola",2018,35.1503505464252,41.3871104506888,111
AGO,"Angola",2019,33.5105149558319,40.1659917391297,111
AGO,"Angola",2020,31.9935638291433,37.5735035027033,111
AGO,"Angola",2021,36.5227961518357,42.8507549759111,111
AGO,"Angola",2022,32.4896346087352,32.5915997378652,111
ATG,"Antigua and Barbuda",1990,23.6757346753304,28.3241581834427,3
ATG,"Antigua and Barbuda",1991,28.3684893752242,30.281196917931,3
ATG,"Antigua and Barbuda",1992,27.3453803776579,30.1602718562998,3
ATG,"Antigua and Barbuda",1993,29.3452173081984,32.4469366160393,3
ATG,"Antigua and Barbuda",1994,29.8866161806055,33.471707538501,3
ATG,"Antigua and Barbuda",1995,28.5447894329234,32.5866425835076,3
ATG,"Antigua and Barbuda",1996,31.4666535900354,36.0707487092735,3
ATG,"Antigua and Barbuda",1997,31.1579783384448,35.0475193176104,3
ATG,"Antigua and Barbuda",1998,32.1565877108272,35.4364754434223,3
ATG,"Antigua and Barbuda",1999,31.4220314114963,34.1202429171527,3
ATG,"Antigua and Barbuda",2000,28.3410273487315,31.6018886917528,3
ATG,"Antigua and Barbuda",2001,24.3724560223474,28.7876252923623,3
ATG,"Antigua and Barbuda",2002,30.0922355951661,33.2776971510274,3
ATG,"Antigua and Barbuda",2003,26.3938870117386,30.8509476778029,3
ATG,"Antigua and Barbuda",2004,24.1852110958417,27.9231255996175,3
ATG,"Antigua and Barbuda",2005,19.2263385555551,20.3040576079275,3
ATG,"Antigua and Barbuda",2006,20.4582321384268,23.8794670127369,3
ATG,"Antigua and Barbuda",2007,18.47402075407,21.4222171091386,3
ATG,"Antigua and Barbuda",2008,22.7155977248829,25.0344626586222,3
ATG,"Antigua and Barbuda",2009,21.5110008966864,24.4143999434076,3
ATG,"Antigua and Barbuda",2010,23.8823820348172,26.1738788281341,3
ATG,"Antigua and Barbuda",2011,21.0814821097084,24.7749133906191,3
ATG,"Antigua and Barbuda",2012,20.2924472144484,21.2811625780769,3
ATG,"Antigua and Barbuda",2013,21.6893858893689,38.1806815849745,3
ATG,"Antigua and Barbuda",2014,43.6005078535217,54.2243969506751,3
ATG,"Antigua and Barbuda",2015,22.6326045912403,24.7834274284846,3
ATG,"Antigua and Barbuda",2016,25.9983370154786,27.7248382716355,3
ATG,"Antigua and Barbuda",2017,24.1321976882924,26.899072686952,3
ATG,"Antigua and Barbuda",2018,31.2352090017522,33.7379761284213,3
ATG,"Antigua and Barbuda",2019,28.2863000334529,33.015803405188,3
ATG,"Antigua and Barbuda",2020,21.0324863773635,23.6615783795505,3
ATG,"Antigua and Barbuda",2021,27.7250101795683,30.1972118034276,3
ATG,"Antigua and Barbuda",2022,21.3970643409917,22.1808981338901,3
ARG,"Argentina",1990,23.5588086642294,25.7486457479714,303
ARG,"Argentina",1991,28.4876032904491,30.2665999029978,303
ARG,"Argentina",1992,27.6024314040622,30.1367681898872,303
ARG,"Argentina",1993,29.2342276007622,31.9147731107573,303
ARG,"Argentina",1994,28.5527413978418,31.2000238384399,303
ARG,"Argentina",1995,29.732870950084,32.5708027151678,303
ARG,"Argentina",1996,31.7975852821951,32.9938428771638,303
ARG,"Argentina",1997,31.5959019844403,34.6507870269414,303
ARG,"Argentina",1998,30.6368804150085,33.9443491010093,303
ARG,"Argentina",1999,28.1089969042666,32.5222579068912,303
ARG,"Argentina",2000,27.9409495931747,33.9194549319089,303
ARG,"Argentina",2001,27.6541954806568,29.8038464752932,303
ARG,"Argentina",2002,28.1897368642034,32.362981312506,303
ARG,"Argentina",2003,30.0014050487807,31.266871244849,303
ARG,"Argentina",2004,26.6246029886526,30.436570190627,303
ARG,"Argentina",2005,28.5683188624958,32.9942880505473,303
ARG,"Argentina",2006,28.5759663428915,31.2460623924162,303
ARG,"Argentina",2007,26.7267615957857,32.9220041708054,303
ARG,"Argentina",2008,29.5523810839097,35.0675563485306,303
ARG,"Argentina",2009,29.1699752083633,31.2929811967861,303
ARG,"Argentina",2010,28.3441170519168,33.4000821567183,303
ARG,"Argentina",2011,28.0098723838013,32.5542542754583,303
ARG,"Argentina",2012,28.2321092579566,32.0836362744518,303
ARG,"Argentina",2013,26.3564882406571,32.3419405670579,303
ARG,"Argentina",2014,27.2923243415028,30.5654277450857,303
ARG,"Argentina",2015,25.4372944797449,27.5699772342053,303
ARG,"Argentina",2016,23.3882764110831,26.7179955372527,303
ARG,"Argentina",2017,25.840828836189,30.1427259828372,303
ARG,"Argentina",2018,26.3151921744031,28.9371487392566,303
ARG,"Argentina",2019,27.5836501802536,29.5904446617722,303
ARG,"Argentina",2020,27.4542443489746,29.3806525880346,303
ARG,"Argentina",2021,26.1852667484889,28.2520134395521,303
ARG,"Argentina",2022,27.7368817210766,31.4452424357623,303
ARM,"Armenia",1990,37.6752405062432,37.7263430533403,5
ARM,"Armenia",1991,27.8320812474076,37.0076769177787,5
ARM,"Armenia",1992,26.2825002535703,34.1402565200072,5
ARM,"Armenia",1993,25.4557860963445,34.6009425017678,5
ARM,"Armenia",1994,34.2413656990251,39.6761400715122,5
ARM,"Armenia",1995,32.6891888801693,41.3035086617673,5
ARM,"Armenia",1996,34.1886679824415,44.4896154735425,5
ARM,"Armenia",1997,34.5455025852651,41.1587130676568,5
ARM,"Armenia",1998,30.949269322859,33.2352023816706,5
ARM,"Armenia",1999,29.569437795888,35.1642258617078,5
ARM,"Armenia",2000,21.7868850843353,29.5454186907461,5
ARM,"Armenia",2001,38.9195464671639,49.17163887615,5
ARM,"Armenia",2002,40.1205605477863,50.8077994926412,5
ARM,"Armenia",2003,45.1404803806477,59.3163828758301,5
ARM,"Armenia",2004,43.7401770343655,54.334395870017,5
ARM,"Armenia",2005,38.5764523268253,42.2453641790774,5
ARM,"Armenia",2006,42.9769606748399,47.3061125966455,5
ARM,"Armenia",2007,48.5558948662788,55.4704917653096,5
ARM,"Armenia",2008,51.3082650273007,57.9063360780035,5
ARM,"Armenia",2009,45.6898215388897,51.8975392249499,5
ARM,"Armenia",2010,39.0102129602103,44.7800101271137,5
ARM,"Armenia",2011,36.1307209647252,42.9424928531369,5
ARM,"Armenia",2012,38.4258798115479,46.5884484644459,5
ARM,"Armenia",2013,26.0792353188998,28.9468612301183,5
ARM,"Armenia",2014,25.731206538717,29.738886435694,5
ARM,"Armenia",2015,34.0143704137533,40.4446614820553,5
ARM,"Armenia",2016,26.0871849824634,31.1586055534239,5
ARM,"Armenia",2017,23.9662604997457,29.4553344955592,5
ARM,"Armenia",2018,24.1445137532688,30.5481710430625,5
ARM,"Armenia",2019,36.0315378823202,43.9566794879373,5
ARM,"Armenia",2020,35.3778049425474,43.1524786311214,5
ARM,"Armenia",2021,41.9236741235444,52.3002279497984,5
ARM,"Armenia",2022,34.6173902067112,38.501254580581,5
ABW,"Aruba",1990,26.5282832660633,29.0253049671746,1
ABW,"Aruba",1991,28.6981108113622,31.5121485654665,1
ABW,"Aruba",1992,26.3573882125234,28.6125207793198,1
ABW,"Aruba",1993,28.903912471779,30.9411397386724,1
ABW,"Aruba",1994,29.3974786851594,32.8899908885867,1
ABW,"Aruba",1995,27.4260324629407,31.3946456793729,1
ABW,"Aruba",1996,30.3119616686093,34.4548546631519,1
ABW,"Aruba",1997,30.1635808633937,33.1162441828856,1
ABW,"Aruba",1998,31.941004076306,34.2993880811543,1
ABW,"Aruba",1999,29.5104460492829,32.5566504819198,1
ABW,"Aruba",2000,28.8797949745341,33.4595922867897,1
ABW,"Aruba",2001,22.1852724592555,27.1388264527358,1
ABW,"Aruba",2002,30.7466215857943,34.6223858642912,1
ABW,"Aruba",2003,27.9167734886675,33.6503153869583,1
ABW,"Aruba",2004,23.9331865749605,25.6978438121632,1
ABW,"Aruba",2005,20.5299455814194,24.29799975012,1
ABW,"Aruba",2006,22.9539637161722,28.1994020425754,1
ABW,"Aruba",2007,21.8393951868562,25.9920592556135,1
ABW,"Aruba",2008,21.8890401858162,24.4687666475544,1
ABW,"Aruba",2009,22.4420029895925,25.3308596542507,1
ABW,"Aruba",2010,25.0207629212075,27.9829980883297,1
ABW,"Aruba",2011,21.7135590955382,24.8338781914407,1
ABW,"Aruba",2012,21.6488568100066,25.796630119579,1
ABW,"Aruba",2013,21.8881651690591,38.7973318162636,1
ABW,"Aruba",2014,41.3414509223442,48.7914848646342,1
ABW,"Aruba",2015,22.4600148876133,23.2748442304215,1
ABW,"Aruba",2016,25.4983096475112,27.8713730766359,1
ABW,"Aruba",2017,25.3363344330181,27.4077804811991,1
ABW,"Aruba",2018,28.1273376407237,31.6294155572395,1
ABW,"Aruba",2019,22.7620588261173,26.906165051995,1
ABW,"Aruba",2020,22.7611505483589,26.1297147896647,1
ABW,"Aruba",2021,27.4086008693492,28.5153097641368,1
ABW,"Aruba",2022,22.4863838688802,24.0268036550658,1
AUS,"Australia",1990,26.3053532898661,29.1268994616997,812
AUS,"Australia",1991,26.8076553760556,30.4309940461261,812
AUS,"Australia",1992,27.7302391400263,31.5117190106537,812
AUS,"Australia",1993,27.8139941624773,31.4304391855689,812
AUS,"Australia",1994,28.7173752193774,33.3961615569058,812
AUS,"Australia",1995,28.8975660077593,31.2178569634805,812
AUS,"Australia",1996,30.2692057293187,32.9317386682133,812
AUS,"Australia",1997,29.9837381247778,32.910610967701,812
AUS,"Australia",1998,30.5563670258298,32.4351116119704,812
AUS,"Australia",1999,29.051997111718,30.8576566620003,812
AUS,"Australia",2000,30.4612699019844,32.2971358667547,812
AUS,"Australia",2001,28.8207478274839,30.9398624732639,812
AUS,"Australia",2002,26.8507130016721,31.1724154633144,812
AUS,"Australia",2003,27.7761611633177,30.9576657080917,812
AUS,"Australia",2004,28.4942898340207,30.8326710357652,812
AUS,"Australia",2005,31.2385841623631,35.5473965694888,812
AUS,"Australia",2006,29.3034004386623,31.3373470130345,812
AUS,"Australia",2007,29.2278118791766,31.5654335970301,812
AUS,"Australia",2008,28.0421014601094,31.0908766504743,812
AUS,"Australia",2009,30.4771223927592,34.7240611823181,812
AUS,"Australia",2010,29.2507571109752,31.6143556951091,812
AUS,"Australia",2011,27.9297990582251,30.9125188127893,812
AUS,"Australia",2012,28.8056656782988,33.3325969838623,812
AUS,"Australia",2013,31.1499471171677,33.3079123526426,812
AUS,"Australia",2014,26.7007455657547,30.4954965513606,812
AUS,"Australia",2015,24.402429580863,27.538543404943,812
AUS,"Australia",2016,24.3135864999799,26.9688810712974,812
AUS,"Australia",2017,25.5126077727157,28.1335216424391,812
AUS,"Australia",2018,25.3882689619559,27.3674497418988,812
AUS,"Australia",2019,26.1785186761442,29.0795553369978,812
AUS,"Australia",2020,24.7804307921306,26.885635292889,812
AUS,"Australia",2021,26.0977575962992,28.5555602665126,812
AUS,"Australia",2022,24.9874795675935,28.0106477046928,812
AUT,"Austria",1990,39.583657815742,50.6134959261199,19
AUT,"Austria",1991,36.2973335306765,47.2914627127221,19
AUT,"Austria",1992,38.0707848115239,51.2077104026199,19
AUT,"Austria",1993,37.3161198892695,49.4887696520589,19
AUT,"Austria",1994,38.2881621778108,50.8551400851861,19
AUT,"Austria",1995,37.1431233126462,47.6413703499279,19
AUT,"Austria",1996,37.3201127158347,48.1144122480803,19
AUT,"Austria",1997,37.1204985717209,48.5217192929043,19
AUT,"Austria",1998,38.7215694641819,49.8900340224114,19
AUT,"Austria",1999,37.9280027116841,47.1621249651966,19
AUT,"Austria",2000,39.3030755260238,51.1618418113049,19
AUT,"Austria",2001,38.6271902745344,49.8138180646673,19
AUT,"Austria",2002,40.0448859077291,51.2695090587294,19
AUT,"Austria",2003,43.9127080596274,57.6274704441842,19
AUT,"Austria",2004,37.4797218693952,47.7124180264502,19
AUT,"Austria",2005,38.3516353783033,48.2975223109545,19
AUT,"Austria",2006,38.5801286882763,49.234019410089,19
AUT,"Austria",2007,37.476596824836,49.2259439093655,19
AUT,"Austria",2008,35.9388754085612,46.5152991650398,19
AUT,"Austria",2009,36.001043994655,46.7552856877911,19
AUT,"Austria",2010,35.954099695164,46.2409722340823,19
AUT,"Austria",2011,36.4558437556917,47.0069026504342,19
AUT,"Austria",2012,36.4158759839461,46.9312031390149,19
AUT,"Austria",2013,36.3244456777375,47.2003469146559,19
AUT,"Austria",2014,34.293273538586,45.0136020067639,19
AUT,"Austria",2015,37.2600915551503,48.6649553203913,19
AUT,"Austria",2016,34.768873082406,44.9980775465424,19
AUT,"Austria",2017,36.9732641058533,47.10778212028,19
AUT,"Austria",2018,39.1097818651303,50.3643476849896,19
AUT,"Austria",2019,38.2814543065026,48.4944165845858,19
AUT,"Austria",2020,35.6607331043238,45.1553599635168,19
AUT,"Austria",2021,37.6428186026291,45.4357456486268,19
AUT,"Austria",2022,38.7992089457754,47.534793501524,19
AZE,"Azerbaijan",1990,37.5928522145189,37.643954761616,12
AZE,"Azerbaijan",1991,29.3858339316677,39.5666334930087,12
AZE,"Azerbaijan",1992,26.7472748968671,34.083422606079,12
AZE,"Azerbaijan",1993,27.9044551844967,39.1958245937535,12
AZE,"Azerbaijan",1994,33.5293497179755,40.3833629277681,12
AZE,"Azerbaijan",1995,33.8917318882827,42.9340811730187,12
AZE,"Azerbaijan",1996,31.5266695202584,40.2167114352109,12
AZE,"Azerbaijan",1997,34.0494625733001,43.4151942053984,12
AZE,"Azerbaijan",1998,27.0921701337785,32.6002091014765,12
AZE,"Azerbaijan",1999,27.398801584056,34.1455153010135,12
AZE,"Azerbaijan",2000,23.2041570995786,29.9397964941968,12
AZE,"Azerbaijan",2001,41.4842695590732,51.1443495582816,12
AZE,"Azerbaijan",2002,43.9145451809292,53.9032019069018,12
AZE,"Azerbaijan",2003,44.8994574134611,57.2808111808638,12
AZE,"Azerbaijan",2004,41.4266207946693,51.5034458892423,12
AZE,"Azerbaijan",2005,37.4723018128598,43.9378225094702,12
AZE,"Azerbaijan",2006,41.3432945137885,46.1020359485078,12
AZE,"Azerbaijan",2007,48.3304511399947,55.7808083739252,12
AZE,"Azerbaijan",2008,46.1905337830688,53.0637825195612,12
AZE,"Azerbaijan",2009,38.7107003679225,45.8238644033285,12
AZE,"Azerbaijan",2010,37.214956065414,45.6526136818684,12
AZE,"Azerbaijan",2011,31.6535201823753,37.3395733082534,12
AZE,"Azerbaijan",2012,35.0989524000097,42.0119580683743,12
AZE,"Azerbaijan",2013,26.683649385551,31.4544027810121,12
AZE,"Azerbaijan",2014,23.898644611348,30.04404799698,12
AZE,"Azerbaijan",2015,31.952098122777,39.7747930384577,12
AZE,"Azerbaijan",2016,27.629757122528,33.866624800236,12
AZE,"Azerbaijan",2017,24.9002083418838,29.7170852718174,12
AZE,"Azerbaijan",2018,20.7496209546818,26.1963168853272,12
AZE,"Azerbaijan",2019,33.3610546827637,40.9036129999246,12
AZE,"Azerbaijan",2020,27.9249992905642,33.0460383694925,12
AZE,"Azerbaijan",2021,35.6740894449855,42.2750839413296,12
AZE,"Azerbaijan",2022,45.1325120318183,51.7191920284448,12
BHS,"Bahamas",1990,37.8668683511103,40.6613218465073,23
BHS,"Bahamas",1991,35.7270400203416,40.0138891122098,23
BHS,"Bahamas",1992,36.3732495228029,42.9574849646767,23
BHS,"Bahamas",1993,36.5843305846941,41.8197011466143,23
BHS,"Bahamas",1994,35.6174229965927,40.2888810854416,23
BHS,"Bahamas",1995,37.5438873446378,42.5994088032593,23
BHS,"Bahamas",1996,37.6067994916803,42.614820205914,23
BHS,"Bahamas",1997,38.6448836598625,43.5170199181834,23
BHS,"Bahamas",1998,40.5770643301483,46.3056044441907,23
BHS,"Bahamas",1999,38.8681066446491,43.7361369781743,23
BHS,"Bahamas",2000,39.1833511005944,44.2974016787503,23
BHS,"Bahamas",2001,36.5154421350855,40.1201217140318,23
BHS,"Bahamas",2002,34.2244260519996,38.7381638653956,23
BHS,"Bahamas",2003,36.3157992234586,41.0734965151702,23
BHS,"Bahamas",2004,39.2940646960016,44.0529614615104,23
BHS,"Bahamas",2005,35.6193531343089,39.2785932807811,23
BHS,"Bahamas",2006,36.3010790191985,41.2981281849635,23
BHS,"Bahamas",2007,35.1826902240568,39.5715301941117,23
BHS,"Bahamas",2008,34.1458084337637,38.2904030351915,23
BHS,"Bahamas",2009,32.9511259787864,38.0883020393286,23
BHS,"Bahamas",2010,37.4188679160087,41.7253998228927,23
BHS,"Bahamas",2011,34.7887550223495,38.5410470461346,23
BHS,"Bahamas",2012,35.2667992311491,38.3883833252762,23
BHS,"Bahamas",2013,34.435585480654,38.6491715130635,23
BHS,"Bahamas",2014,35.1641144369673,38.0579164497742,23
BHS,"Bahamas",2015,32.7886247760712,36.219482341134,23
BHS,"Bahamas",2016,34.712413722192,39.2911586336494,23
BHS,"Bahamas",2017,34.9035930934196,40.1463863150065,23
BHS,"Bahamas",2018,35.2445117774866,39.24864443209,23
BHS,"Bahamas",2019,34.4678063308492,38.0830088741911,23
BHS,"Bahamas",2020,33.4359840877621,38.38118619589,23
BHS,"Bahamas",2021,35.4959085966966,38.8722680930921,23
BHS,"Bahamas",2022,34.9777187073501,38.5340426798982,23
BGD,"Bangladesh",1990,33.479368724567,38.6951120342365,16
BGD,"Bangladesh",1991,32.938509128093,38.7582517076679,16
BGD,"Bangladesh",1992,34.6595338361046,41.8232791546979,16
BGD,"Bangladesh",1993,34.0506134324749,39.4429149555795,16
BGD,"Bangladesh",1994,37.1197237259678,42.7485743783297,16
BGD,"Bangladesh",1995,35.4296578473967,42.9612832926492,16
BGD,"Bangladesh",1996,36.5612931128552,42.5696612295875,16
BGD,"Bangladesh",1997,38.4096046824772,44.1153003110779,16
BGD,"Bangladesh",1998,36.3323259869463,43.7669552795981,16
BGD,"Bangladesh",1999,37.9456981294728,47.0444395185495,16
BGD,"Bangladesh",2000,30.3751670488933,37.9830553564922,16
BGD,"Bangladesh",2001,33.3123895508777,39.7673124173165,16
BGD,"Bangladesh",2002,35.5498788419642,39.77108446804,16
BGD,"Bangladesh",2003,39.2149563605657,48.4088272588154,16
BGD,"Bangladesh",2004,35.2979875134447,40.4452487774474,16
BGD,"Bangladesh",2005,32.2643831481394,38.1498252908478,16
BGD,"Bangladesh",2006,34.804203039648,39.9635653460996,16
BGD,"Bangladesh",2007,34.8898072021133,41.5907167536772,16
BGD,"Bangladesh",2008,38.9274136569656,46.794994454573,16
BGD,"Bangladesh",2009,41.1892916944917,50.0784703141988,16
BGD,"Bangladesh",2010,35.7663062100909,42.098599947169,16
BGD,"Bangladesh",2011,35.7847810073338,44.4445114308859,16
BGD,"Bangladesh",2012,39.6706954480963,49.3337337633931,16
BGD,"Bangladesh",2013,31.7753306682148,39.6221863222107,16
BGD,"Bangladesh",2014,38.9169243202799,47.7617144781731,16
BGD,"Bangladesh",2015,36.3752000944803,42.4066626723539,16
BGD,"Bangladesh",2016,33.607812105589,40.42266451427,16
BGD,"Bangladesh",2017,42.7830215427575,51.9148361026743,16
BGD,"Bangladesh",2018,46.5030483298983,53.5023109070386,16
BGD,"Bangladesh",2019,43.5540938079712,50.9423624036694,16
BGD,"Bangladesh",2020,42.3462293392566,49.437167512748,16
BGD,"Bangladesh",2021,43.0986713752514,48.6878871635716,16
BGD,"Bangladesh",2022,45.2260467542043,51.4692932843853,16
BRB,"Barbados",1990,23.1868157265194,28.4402879924629,2
BRB,"Barbados",1991,27.4507539565202,30.0619104917589,2
BRB,"Barbados",1992,25.2895898945261,27.7629745639365,2
BRB,"Barbados",1993,27.4104892618261,29.8202042823492,2
BRB,"Barbados",1994,28.4285790968295,31.9611851434612,2
BRB,"Barbados",1995,26.0085878929414,30.7135609893682,2
BRB,"Barbados",1996,29.4702846045223,34.5889655193214,2
BRB,"Barbados",1997,28.9894464461397,33.3096567909148,2
BRB,"Barbados",1998,30.6425878957413,32.7436127882872,2
BRB,"Barbados",1999,30.4286609609263,32.5989245527562,2
BRB,"Barbados",2000,29.9693972168364,33.2872976903476,2
BRB,"Barbados",2001,20.4047311841025,26.8878322741828,2
BRB,"Barbados",2002,29.8759078442488,33.9834812514424,2
BRB,"Barbados",2003,26.8942561905202,33.0676348293048,2
BRB,"Barbados",2004,28.6223085852952,30.450091800387,2
BRB,"Barbados",2005,20.095549646134,22.4377417529711,2
BRB,"Barbados",2006,20.3132209837703,25.0344986487062,2
BRB,"Barbados",2007,21.9969283789906,25.003334502101,2
BRB,"Barbados",2008,21.9105966770295,24.3261400221694,2
BRB,"Barbados",2009,20.030905779882,22.0022382980033,2
BRB,"Barbados",2010,22.7282721152132,24.3337342758927,2
BRB,"Barbados",2011,19.8325801188623,22.742356673548,2
BRB,"Barbados",2012,20.0176219924751,20.9446082703862,2
BRB,"Barbados",2013,21.9039649608823,30.667647114527,2
BRB,"Barbados",2014,30.2864220947941,35.5746765837271,2
BRB,"Barbados",2015,21.9285509843344,23.4093329812115,2
BRB,"Barbados",2016,23.0366489027972,25.504661960061,2
BRB,"Barbados",2017,22.4550842372178,24.5844196227397,2
BRB,"Barbados",2018,28.086852299709,30.806099471243,2
BRB,"Barbados",2019,25.0845036147885,27.7686827958627,2
BRB,"Barbados",2020,21.0629705355488,23.9673863658652,2
BRB,"Barbados",2021,27.0287992498184,28.8428730756791,2
BRB,"Barbados",2022,21.5763318413603,22.3720057136461,2
BLR,"Belarus",1990,34.9102639969946,43.3518069034973,29
BLR,"Belarus",1991,30.58993103276,38.3879125555495,29
BLR,"Belarus",1992,34.0105259696568,43.6977245226132,29
BLR,"Belarus",1993,32.2252664137585,39.2617079339365,29
BLR,"Belarus",1994,33.4512297669955,40.1742808875614,29
BLR,"Belarus",1995,34.4764689825947,41.4677912437739,29
BLR,"Belarus",1996,39.8273631438921,50.323503442423,29
BLR,"Belarus",1997,31.5889896783463,39.3298172104449,29
BLR,"Belarus",1998,33.1295086223191,40.558484016882,29
BLR,"Belarus",1999,34.1394855885668,41.0712926077916,29
BLR,"Belarus",2000,30.6295685995253,37.6015771067676,29
BLR,"Belarus",2001,33.8129560587834,40.6387980637973,29
BLR,"Belarus",2002,35.5941380006105,43.7263190327356,29
BLR,"Belarus",2003,30.5623114709005,39.055459720055,29
BLR,"Belarus",2004,28.5513955010803,34.4985348375756,29
BLR,"Belarus",2005,32.4197067214955,42.1991202593706,29
BLR,"Belarus",2006,31.8414142228666,40.4164039396365,29
BLR,"Belarus",2007,28.9924960626528,36.4082933622226,29
BLR,"Belarus",2008,30.8560447501447,37.9498711075655,29
BLR,"Belarus",2009,29.496582763881,37.1242928325709,29
BLR,"Belarus",2010,30.0414580013419,37.612526986011,29
BLR,"Belarus",2011,31.1412706105752,39.910088798441,29
BLR,"Belarus",2012,32.2121269310244,41.759299330779,29
BLR,"Belarus",2013,29.4736096781296,37.4785470135637,29
BLR,"Belarus",2014,29.4480385760337,36.5213633399613,29
BLR,"Belarus",2015,32.5237488153775,40.5159317048743,29
BLR,"Belarus",2016,28.9168327782468,36.0065022231946,29
BLR,"Belarus",2017,28.314776312725,33.3853350988034,29
BLR,"Belarus",2018,32.2664860982955,39.276750184716,29
BLR,"Belarus",2019,32.5561078483958,39.5134003025027,29
BLR,"Belarus",2020,28.627678917864,34.7257261458707,29
BLR,"Belarus",2021,32.7592057470962,39.4582333169813,29
BLR,"Belarus",2022,32.589430273441,39.5648916899086,29
BEL,"Belgium",1990,29.5193722295542,41.6662435721204,14
BEL,"Belgium",1991,23.9684146114719,32.9020461209091,14
BEL,"Belgium",1992,25.0881928354923,35.7165674421179,14
BEL,"Belgium",1993,25.0542652513271,35.1738168505029,14
BEL,"Belgium",1994,27.292338072765,38.6160728660776,14
BEL,"Belgium",1995,29.5895322870841,40.8945543685792,14
BEL,"Belgium",1996,28.1192972510551,38.9919372982459,14
BEL,"Belgium",1997,30.3054674877719,40.8991870554888,14
BEL,"Belgium",1998,30.3475582051699,38.8805581639686,14
BEL,"Belgium",1999,32.4893887830209,42.2043530872757,14
BEL,"Belgium",2000,29.6885801256189,37.0570700835112,14
BEL,"Belgium",2001,29.9586996697809,40.0495751343831,14
BEL,"Belgium",2002,30.8517473359881,39.1747550074721,14
BEL,"Belgium",2003,34.6284846929481,47.2831130322105,14
BEL,"Belgium",2004,30.9793307615385,40.3062388292499,14
BEL,"Belgium",2005,30.5402781132774,39.0745997698038,14
BEL,"Belgium",2006,32.3799383421956,43.377842046861,14
BEL,"Belgium",2007,29.0972820351269,37.6813580162146,14
BEL,"Belgium",2008,29.6829604093046,38.9069090730316,14
BEL,"Belgium",2009,30.5368492044929,39.636645508202,14
BEL,"Belgium",2010,29.1403254342524,38.1602774651312,14
BEL,"Belgium",2011,30.0403319165872,37.9547947147878,14
BEL,"Belgium",2012,29.6490480670831,37.2064113457303,14
BEL,"Belgium",2013,30.4520221198745,38.5878548029192,14
BEL,"Belgium",2014,32.9104491232371,40.9824852761818,14
BEL,"Belgium",2015,31.5844472716482,39.5493209650146,14
BEL,"Belgium",2016,29.8392402589586,37.54859853959,14
BEL,"Belgium",2017,30.9561174474367,39.0652683761382,14
BEL,"Belgium",2018,34.0417371924337,43.7097187904751,14
BEL,"Belgium",2019,33.5520197500042,41.8029650218167,14
BEL,"Belgium",2020,34.5804040513201,42.5056777223147,14
BEL,"Belgium",2021,32.6914338442686,39.49730492593,14
BEL,"Belgium",2022,35.9014924173011,44.6669218172386,14
BLZ,"Belize",1990,39.8789059578098,42.9265387181733,4
BLZ,"Belize",1991,30.7937504924443,34.1040595030932,4
BLZ,"Belize",1992,31.7966868942722,36.1848336685833,4
BLZ,"Belize",1993,32.9805337005007,37.1627888362713,4
BLZ,"Belize",1994,30.8567698594787,34.3985701738106,4
BLZ,"Belize",1995,32.057470342706,36.9693363053939,4
BLZ,"Belize",1996,31.855780347808,36.0794740802041,4
BLZ,"Belize",1997,31.9841135398294,35.3610537223037,4
BLZ,"Belize",1998,36.9015706719886,44.1269249032367,4
BLZ,"Belize",1999,34.425394820697,36.571034226623,4
BLZ,"Belize",2000,34.8635887482516,38.8156116969344,4
BLZ,"Belize",2001,31.8779635425435,34.5488227893223,4
BLZ,"Belize",2002,32.7936888203593,35.8714766293498,4
BLZ,"Belize",2003,32.6950368995241,35.9958525417972,4
BLZ,"Belize",2004,35.9277131557798,37.8473222295498,4
BLZ,"Belize",2005,32.8891927230517,35.7472626911461,4
BLZ,"Belize",2006,32.4157688213427,36.5691934072377,4
BLZ,"Belize",2007,31.7968621793423,35.8615265103594,4
BLZ,"Belize",2008,30.6222135751154,33.8633510673162,4
BLZ,"Belize",2009,29.9447107421096,34.3098190227859,4
BLZ,"Belize",2010,32.0238466012727,35.103996112258,4
BLZ,"Belize",2011,30.907227724361,35.2367711650771,4
BLZ,"Belize",2012,30.4707289617304,34.7440096374535,4
BLZ,"Belize",2013,32.614085015942,36.7126266466105,4
BLZ,"Belize",2014,30.6535598223665,33.4354150073725,4
BLZ,"Belize",2015,28.1218176112913,31.7281513565032,4
BLZ,"Belize",2016,28.7583525381724,32.5172148936641,4
BLZ,"Belize",2017,29.96175424795,33.4207673427633,4
BLZ,"Belize",2018,30.3835236064154,33.1066167476252,4
BLZ,"Belize",2019,31.4195696754962,34.1342695017528,4
BLZ,"Belize",2020,30.1953375542159,33.7082782629178,4
BLZ,"Belize",2021,28.4312437991447,32.2912752790925,4
BLZ,"Belize",2022,35.3672286929785,37.6048460590612,4
BEN,"Benin",1990,41.4666283434274,41.7433767085122,10
BEN,"Benin",1991,32.2757167681597,37.0754253467392,10
BEN,"Benin",1992,32.4727221971828,35.7800798595097,10
BEN,"Benin",1993,32.4589723138745,35.4194443777432,10
BEN,"Benin",1994,30.5599093243595,35.5215739857271,10
BEN,"Benin",1995,32.4457264483261,35.1661508988485,10
BEN,"Benin",1996,31.4623281047827,39.1352169591686,10
BEN,"Benin",1997,34.7740527508088,39.5631496541318,10
BEN,"Benin",1998,34.8668584838577,39.4341768136421,10
BEN,"Benin",1999,33.8873317790414,43.1506968361309,10
BEN,"Benin",2000,36.363954836919,40.961159031114,10
BEN,"Benin",2001,32.6687375734184,35.0832071414664,10
BEN,"Benin",2002,31.6787201528963,35.9818106893941,10
BEN,"Benin",2003,34.0079714670515,38.4385305585109,10
BEN,"Benin",2004,33.7469719369954,37.0677910022349,10
BEN,"Benin",2005,33.1118302408955,35.837587881339,10
BEN,"Benin",2006,29.8078329865175,33.5004088328598,10
BEN,"Benin",2007,32.0950003065149,36.3477280336731,10
BEN,"Benin",2008,30.9315137379459,35.4263268422216,10
BEN,"Benin",2009,31.6355248918719,35.1978814368025,10
BEN,"Benin",2010,33.3134412921774,37.5089494051317,10
BEN,"Benin",2011,34.5950317746111,38.769873403258,10
BEN,"Benin",2012,34.6596898889243,39.553278347937,10
BEN,"Benin",2013,32.0576381952753,36.737348895445,10
BEN,"Benin",2014,31.9425787227285,35.2797555368707,10
BEN,"Benin",2015,34.3806129499963,38.7300692559383,10
BEN,"Benin",2016,33.5469476389176,37.5045216981042,10
BEN,"Benin",2017,34.8026215403397,38.7902398209939,10
BEN,"Benin",2018,35.0756298479322,39.2623612389608,10
BEN,"Benin",2019,34.8928640118285,39.3774108200937,10
BEN,"Benin",2020,33.8470665361688,38.0257168345007,10
BEN,"Benin",2021,34.1800268423897,36.554964651005,10
BEN,"Benin",2022,38.1091486829678,38.1729871711586,10
BMU,"Bermuda",1990,36.8037059097213,39.5623830573661,1
BMU,"Bermuda",1991,36.0828478607695,41.5488394939967,1
BMU,"Bermuda",1992,37.4214403104047,41.7740832100617,1
BMU,"Bermuda",1993,37.0592357883354,41.2775617945349,1
BMU,"Bermuda",1994,37.8589346711438,40.8013799604722,1
BMU,"Bermuda",1995,36.0930185894727,40.2646992079494,1
BMU,"Bermuda",1996,39.074208774748,44.0860585332089,1
BMU,"Bermuda",1997,40.0850679860822,45.3857360366133,1
BMU,"Bermuda",1998,41.1772896803758,46.2362927569461,1
BMU,"Bermuda",1999,39.7160160243697,43.7239100968432,1
BMU,"Bermuda",2000,38.5161777587119,42.6147759554527,1
BMU,"Bermuda",2001,38.727282417417,43.7221577872954,1
BMU,"Bermuda",2002,36.6857632363061,40.7578698967622,1
BMU,"Bermuda",2003,37.2149724233456,43.0871464701407,1
BMU,"Bermuda",2004,41.0883609764672,44.3736652960805,1
BMU,"Bermuda",2005,41.5224831758547,46.7173831760466,1
BMU,"Bermuda",2006,40.4986493978915,45.9761342824654,1
BMU,"Bermuda",2007,41.1553423422314,46.1771687520952,1
BMU,"Bermuda",2008,39.9169779331862,45.5577182675793,1
BMU,"Bermuda",2009,39.3335785347867,44.5268247474743,1
BMU,"Bermuda",2010,38.0387388215056,44.543143815447,1
BMU,"Bermuda",2011,34.2228383933767,39.138592981009,1
BMU,"Bermuda",2012,33.7443733542204,38.5186844560423,1
BMU,"Bermuda",2013,34.7628280998869,39.975457876626,1
BMU,"Bermuda",2014,35.6143271334646,41.5063050887939,1
BMU,"Bermuda",2015,35.9361397144515,41.1323410782844,1
BMU,"Bermuda",2016,37.1282561247145,42.6521931161208,1
BMU,"Bermuda",2017,38.2715844473097,42.1563378652394,1
BMU,"Bermuda",2018,38.3886568649956,43.1614500579116,1
BMU,"Bermuda",2019,36.6539328390992,42.8373523589758,1
BMU,"Bermuda",2020,37.1882110356984,41.9846106923491,1
BMU,"Bermuda",2021,37.7913272140691,41.3659017789479,1
BMU,"Bermuda",2022,37.7485334578922,40.168361576105,1
BTN,"Bhutan",1990,33.5176543464454,38.0681556228128,4
BTN,"Bhutan",1991,33.724667620911,37.7201232990738,4
BTN,"Bhutan",1992,33.4285476868702,38.8699864965751,4
BTN,"Bhutan",1993,34.0910687336866,38.2202432732896,4
BTN,"Bhutan",1994,36.7087270931618,41.7146329572687,4
BTN,"Bhutan",1995,35.4618514135868,41.4813220772514,4
BTN,"Bhutan",1996,37.7501086184027,43.7502654089551,4
BTN,"Bhutan",1997,38.5211125377306,44.5684949088548,4
BTN,"Bhutan",1998,37.0919501949391,42.8386396346726,4
BTN,"Bhutan",1999,38.4134470959656,46.5950187531636,4
BTN,"Bhutan",2000,28.9008034254786,35.6596333817973,4
BTN,"Bhutan",2001,32.2230863930007,37.7117414784554,4
BTN,"Bhutan",2002,35.6615828338103,38.5913015307758,4
BTN,"Bhutan",2003,39.1603260968097,48.9360261137427,4
BTN,"Bhutan",2004,36.3806744699387,41.9898716915851,4
BTN,"Bhutan",2005,33.6030447403858,39.2420806660717,4
BTN,"Bhutan",2006,35.3412633654549,40.4243694479642,4
BTN,"Bhutan",2007,38.8043919632004,46.5634949343396,4
BTN,"Bhutan",2008,42.4604870995441,47.9887072926294,4
BTN,"Bhutan",2009,43.4814248790834,53.2583274301518,4
BTN,"Bhutan",2010,38.249480395357,43.7826818147264,4
BTN,"Bhutan",2011,36.9164616528203,44.280493860589,4
BTN,"Bhutan",2012,40.641396510382,51.1308310847384,4
BTN,"Bhutan",2013,32.4978155368748,41.4301701744262,4
BTN,"Bhutan",2014,37.3108158511599,47.0448489537095,4
BTN,"Bhutan",2015,35.7954664668994,42.509033234746,4
BTN,"Bhutan",2016,34.506133769921,41.9188392119412,4
BTN,"Bhutan",2017,41.2880092361204,50.3424670345207,4
BTN,"Bhutan",2018,45.5568773397504,52.3067520653553,4
BTN,"Bhutan",2019,43.1799490772331,51.3282842808495,4
BTN,"Bhutan",2020,42.2900485583776,47.5182131649578,4
BTN,"Bhutan",2021,42.6866149508826,48.4557555068391,4
BTN,"Bhutan",2022,48.5532651306653,55.2481375230201,4
BOL,"Bolivia (Plurinational State of)",1990,23.6634297870817,23.7406396540856,96
BOL,"Bolivia (Plurinational State of)",1991,26.5624547833376,34.4335902630122,96
BOL,"Bolivia (Plurinational State of)",1992,25.594456361853,33.4435786580155,96
BOL,"Bolivia (Plurinational State of)",1993,27.2448839680165,32.800275732671,96
BOL,"Bolivia (Plurinational State of)",1994,26.7147380420393,34.253313838577,96
BOL,"Bolivia (Plurinational State of)",1995,28.6876215196088,34.9670678434114,96
BOL,"Bolivia (Plurinational State of)",1996,30.9895183626281,35.1430894401392,96
BOL,"Bolivia (Plurinational State of)",1997,30.0217220056388,35.1343267236607,96
BOL,"Bolivia (Plurinational State of)",1998,28.3889180323454,34.2814898617626,96
BOL,"Bolivia (Plurinational State of)",1999,29.3885174102267,34.7946682182278,96
BOL,"Bolivia (Plurinational State of)",2000,22.1617328084042,25.8052774748582,96
BOL,"Bolivia (Plurinational State of)",2001,18.4593846499666,23.3771176123473,96
BOL,"Bolivia (Plurinational State of)",2002,23.7278858064245,27.3769563597599,96
BOL,"Bolivia (Plurinational State of)",2003,25.7378037542112,29.5607828147991,96
BOL,"Bolivia (Plurinational State of)",2004,26.2090579144186,32.0873222263896,96
BOL,"Bolivia (Plurinational State of)",2005,28.0772593232784,33.794757013832,96
BOL,"Bolivia (Plurinational State of)",2006,24.8194451465834,26.9304561872763,96
BOL,"Bolivia (Plurinational State of)",2007,24.1429697696031,28.5755504805371,96
BOL,"Bolivia (Plurinational State of)",2008,25.9864471196118,28.9491880799322,96
BOL,"Bolivia (Plurinational State of)",2009,26.2952139541569,28.4205014994895,96
BOL,"Bolivia (Plurinational State of)",2010,25.2197412488081,30.4325231480574,96
BOL,"Bolivia (Plurinational State of)",2011,25.1889550169642,28.1466551132495,96
BOL,"Bolivia (Plurinational State of)",2012,26.0304813110473,30.8741771219048,96
BOL,"Bolivia (Plurinational State of)",2013,27.0123920135457,30.3721901259138,96
BOL,"Bolivia (Plurinational State of)",2014,24.6625093908753,29.64864479345,96
BOL,"Bolivia (Plurinational State of)",2015,26.4268615837952,27.7239228440644,96
BOL,"Bolivia (Plurinational State of)",2016,25.1113579648765,27.3696333530059,96
BOL,"Bolivia (Plurinational State of)",2017,25.3867788980667,28.428561173552,96
BOL,"Bolivia (Plurinational State of)",2018,26.821864226915,29.1515147240847,96
BOL,"Bolivia (Plurinational State of)",2019,30.4538092367525,33.5958021788736,96
BOL,"Bolivia (Plurinational State of)",2020,30.9510192174909,35.1260026044817,96
BOL,"Bolivia (Plurinational State of)",2021,23.8608079655916,28.5244663801078,96
BOL,"Bolivia (Plurinational State of)",2022,23.2147358585986,27.7479063731213,96
BIH,"Bosnia and Herzegovina",1990,42.178865363171,54.0547189430369,5
BIH,"Bosnia and Herzegovina",1991,42.4673523677149,51.1861575792274,5
BIH,"Bosnia and Herzegovina",1992,44.043736078056,55.2031478551401,5
BIH,"Bosnia and Herzegovina",1993,40.844881298536,48.881469746286,5
BIH,"Bosnia and Herzegovina",1994,42.7301362295957,52.0135020550258,5
BIH,"Bosnia and Herzegovina",1995,41.240143890186,49.4515855961318,5
BIH,"Bosnia and Herzegovina",1996,42.1937655212141,49.8707836598039,5
BIH,"Bosnia and Herzegovina",1997,41.9771046913065,46.7784214221019,5
BIH,"Bosnia and Herzegovina",1998,40.4271395436616,49.2883843519684,5
BIH,"Bosnia and Herzegovina",1999,40.7366814693715,48.1888170703032,5
BIH,"Bosnia and Herzegovina",2000,43.1087169846595,52.7460643832239,5
BIH,"Bosnia and Herzegovina",2001,42.1200714067217,50.2138875726347,5
BIH,"Bosnia and Herzegovina",2002,40.174453671964,46.8717294342827,5
BIH,"Bosnia and Herzegovina",2003,38.7503654475131,48.7917099981646,5
BIH,"Bosnia and Herzegovina",2004,35.9449786193229,44.3185697230642,5
BIH,"Bosnia and Herzegovina",2005,36.1237658055515,46.1356314093218,5
BIH,"Bosnia and Herzegovina",2006,32.7450740238429,40.5171936538765,5
BIH,"Bosnia and Herzegovina",2007,34.980248981251,46.859633776562,5
BIH,"Bosnia and Herzegovina",2008,39.1569557536137,45.1441783393374,5
BIH,"Bosnia and Herzegovina",2009,33.0531939125876,42.2416494942704,5
BIH,"Bosnia and Herzegovina",2010,33.3509699394749,42.9597328119752,5
BIH,"Bosnia and Herzegovina",2011,37.5875225593507,46.7544375724381,5
BIH,"Bosnia and Herzegovina",2012,38.4332412868869,48.4546575108891,5
BIH,"Bosnia and Herzegovina",2013,38.8729060490637,46.8084892005179,5
BIH,"Bosnia and Herzegovina",2014,34.1125949570469,41.5013681801747,5
BIH,"Bosnia and Herzegovina",2015,36.7666936287991,46.2415196953324,5
BIH,"Bosnia and Herzegovina",2016,33.6236372494011,43.3881231076089,5
BIH,"Bosnia and Herzegovina",2017,31.3263598346292,39.2162100461622,5
BIH,"Bosnia and Herzegovina",2018,32.2833717081768,42.3128846385254,5
BIH,"Bosnia and Herzegovina",2019,39.5848004093619,50.8750820996398,5
BIH,"Bosnia and Herzegovina",2020,28.0151040355456,35.5886539444339,5
BIH,"Bosnia and Herzegovina",2021,35.809209321448,44.4415684236082,5
BIH,"Bosnia and Herzegovina",2022,37.6886415502695,47.6478015326213,5
BWA,"Botswana",1990,38.0654867659723,38.1165893130694,51
BWA,"Botswana",1991,28.7153027171648,33.3558320709098,51
BWA,"Botswana",1992,32.1735287534406,39.8882450302139,51
BWA,"Botswana",1993,30.1223250009937,38.8885999729258,51
BWA,"Botswana",1994,28.4210953555326,33.6616192777226,51
BWA,"Botswana",1995,27.7405565334749,33.7242811045396,51
BWA,"Botswana",1996,28.4731815458182,34.1969608719868,51
BWA,"Botswana",1997,31.2706695267264,35.6741921603156,51
BWA,"Botswana",1998,30.9654281009108,38.3128468462024,51
BWA,"Botswana",1999,30.90726138543,36.1691461405645,51
BWA,"Botswana",2000,31.8175095550543,40.5581797350026,51
BWA,"Botswana",2001,31.2535055346966,38.8263155022249,51
BWA,"Botswana",2002,33.2270620012592,40.5018791183924,51
BWA,"Botswana",2003,38.7285734742591,44.66206406878,51
BWA,"Botswana",2004,30.8448189182331,35.1155123708651,51
BWA,"Botswana",2005,41.6387534562124,45.5794521884025,51
BWA,"Botswana",2006,36.0974753469261,42.0042275626473,51
BWA,"Botswana",2007,35.6666083337261,39.566233206074,51
BWA,"Botswana",2008,31.5550960647667,36.3599707902703,51
BWA,"Botswana",2009,31.26279830235,36.1617074444698,51
BWA,"Botswana",2010,30.257402629549,33.3885886511217,51
BWA,"Botswana",2011,32.0492116820379,37.498398436073,51
BWA,"Botswana",2012,32.9479605141113,38.2943882201126,51
BWA,"Botswana",2013,34.3975578790509,38.3744734257382,51
BWA,"Botswana",2014,41.5485887159955,44.3687324568578,51
BWA,"Botswana",2015,43.2249134547966,49.3746111609995,51
BWA,"Botswana",2016,36.4475551167666,39.8434836189386,51
BWA,"Botswana",2017,35.3953193871347,40.0990991708215,51
BWA,"Botswana",2018,33.6640174386141,38.4591499390251,51
BWA,"Botswana",2019,36.5579994703175,41.6519319247006,51
BWA,"Botswana",2020,35.3687251013179,40.3104511853696,51
BWA,"Botswana",2021,46.4194763660618,49.7012772059081,51
BWA,"Botswana",2022,30.6232125179959,30.9414854003783,51
BRA,"Brazil",1990,23.1194676602742,25.6308109518635,757
BRA,"Brazil",1991,29.0938860560787,31.6388318625971,757
BRA,"Brazil",1992,28.4345088097186,31.6590547851663,757
BRA,"Brazil",1993,30.7386250335358,33.0191930072801,757
BRA,"Brazil",1994,30.2166330035248,33.3706462392802,757
BRA,"Brazil",1995,31.3144236466602,34.1604458577752,757
BRA,"Brazil",1996,33.2960103074478,34.5383373332448,757
BRA,"Brazil",1997,34.002604804817,36.5048941683284,757
BRA,"Brazil",1998,27.3239857059132,30.8109922783083,757
BRA,"Brazil",1999,28.9227337513396,31.0337010473529,757
BRA,"Brazil",2000,26.607867407094,30.9186582388117,757
BRA,"Brazil",2001,26.9385319974875,28.8074237766911,757
BRA,"Brazil",2002,28.8378905300194,32.3098256978655,757
BRA,"Brazil",2003,29.8790793238785,31.2859500731833,757
BRA,"Brazil",2004,27.9717771957391,31.129020170733,757
BRA,"Brazil",2005,27.46060294039,30.5932075246758,757
BRA,"Brazil",2006,27.1790622822516,29.1309819534773,757
BRA,"Brazil",2007,25.9727713945336,29.8208540542552,757
BRA,"Brazil",2008,27.5668204961521,29.9147105863208,757
BRA,"Brazil",2009,26.5335201059519,28.835466000137,757
BRA,"Brazil",2010,28.5475685783777,31.8479558218359,757
BRA,"Brazil",2011,27.4966154453373,31.1888276582012,757
BRA,"Brazil",2012,30.0187020053639,33.4005499883053,757
BRA,"Brazil",2013,27.7630390358883,32.0721197993552,757
BRA,"Brazil",2014,28.745942319452,32.2512689561733,757
BRA,"Brazil",2015,28.5971506194644,30.6663046113812,757
BRA,"Brazil",2016,27.6190709626514,30.2019884124669,757
BRA,"Brazil",2017,28.9476647337111,32.5567388970866,757
BRA,"Brazil",2018,29.7999432677939,31.9336521217554,757
BRA,"Brazil",2019,31.043112088805,32.8936676099825,757
BRA,"Brazil",2020,30.0701605999367,33.0408961464927,757
BRA,"Brazil",2021,27.9491055259362,31.0995569805107,757
BRA,"Brazil",2022,26.2493866795722,27.9132255934267,757
VGB,"British Virgin Islands",1990,24.1433972381257,28.0905867364208,2
VGB,"British Virgin Islands",1991,28.4454134739926,30.4029826816769,2
VGB,"British Virgin Islands",1992,26.7046165802555,30.3832230048461,2
VGB,"British Virgin Islands",1993,29.0539814001115,32.5559259843555,2
VGB,"British Virgin Islands",1994,29.9542953465022,33.2140776278844,2
VGB,"British Virgin Islands",1995,29.4632036423131,33.6045002510147,2
VGB,"British Virgin Islands",1996,31.0613298025764,35.7149451153416,2
VGB,"British Virgin Islands",1997,31.2109252324481,34.6943606062958,2
VGB,"British Virgin Islands",1998,31.8381261171382,34.7583584304769,2
VGB,"British Virgin Islands",1999,31.2329637631233,33.8110018897073,2
VGB,"British Virgin Islands",2000,29.8399384505987,33.6373674727515,2
VGB,"British Virgin Islands",2001,23.8218057991113,28.5045181441687,2
VGB,"British Virgin Islands",2002,28.1124754746701,31.1970260734327,2
VGB,"British Virgin Islands",2003,27.6623314267542,32.8512944071694,2
VGB,"British Virgin Islands",2004,24.6252877360252,29.4479311340768,2
VGB,"British Virgin Islands",2005,20.439636701213,21.6421833975155,2
VGB,"British Virgin Islands",2006,20.7326147075272,25.6159511624368,2
VGB,"British Virgin Islands",2007,19.696785316646,24.0252716075167,2
VGB,"British Virgin Islands",2008,23.1669950378374,25.6821677662886,2
VGB,"British Virgin Islands",2009,22.5937996033363,26.5676186503253,2
VGB,"British Virgin Islands",2010,25.3403781534083,26.642981249218,2
VGB,"British Virgin Islands",2011,21.3780756593852,25.9196355829393,2
VGB,"British Virgin Islands",2012,21.9572720176348,23.765707628547,2
VGB,"British Virgin Islands",2013,23.2166914666203,34.0841293649723,2
VGB,"British Virgin Islands",2014,38.1331926133061,44.2567070076467,2
VGB,"British Virgin Islands",2015,22.7790849174138,24.9603937899441,2
VGB,"British Virgin Islands",2016,25.683238524391,28.1749320050804,2
VGB,"British Virgin Islands",2017,24.9857364722891,28.8207255348678,2
VGB,"British Virgin Islands",2018,30.0711014937663,34.1591823509979,2
VGB,"British Virgin Islands",2019,27.1935190594904,31.7986359968087,2
VGB,"British Virgin Islands",2020,21.6445332288901,24.4537563181253,2
VGB,"British Virgin Islands",2021,28.6937036893731,30.6501514018025,2
VGB,"British Virgin Islands",2022,21.7672616454337,22.7100291454129,2
BRN,"Brunei Darussalam",1990,33.5838615787111,33.6349641258082,2
BRN,"Brunei Darussalam",1991,24.0303467602311,26.6403538546608,2
BRN,"Brunei Darussalam",1992,23.6705694210196,26.2272696830351,2
BRN,"Brunei Darussalam",1993,26.4529186001326,30.5288609074245,2
BRN,"Brunei Darussalam",1994,26.6975236463207,31.2185616508124,2
BRN,"Brunei Darussalam",1995,22.4995774958458,24.83574753622,2
BRN,"Brunei Darussalam",1996,23.4415053717625,26.9397265439256,2
BRN,"Brunei Darussalam",1997,32.9131394218934,37.0709061650811,2
BRN,"Brunei Darussalam",1998,29.3442718931034,36.4217988062381,2
BRN,"Brunei Darussalam",1999,25.2879985253615,27.1828253962961,2
BRN,"Brunei Darussalam",2000,28.0025234532816,31.3963532473313,2
BRN,"Brunei Darussalam",2001,30.1014632663472,33.1075424577918,2
BRN,"Brunei Darussalam",2002,31.3124305424081,34.218159537372,2
BRN,"Brunei Darussalam",2003,29.9814140382771,33.0740003036035,2
BRN,"Brunei Darussalam",2004,32.737673312094,36.7279937738731,2
BRN,"Brunei Darussalam",2005,26.5944511425505,29.8290026307964,2
BRN,"Brunei Darussalam",2006,25.8863625347668,26.9940574025196,2
BRN,"Brunei Darussalam",2007,23.3151995668512,24.4084718851951,2
BRN,"Brunei Darussalam",2008,21.1966540929371,24.8837867746506,2
BRN,"Brunei Darussalam",2009,22.551558384742,25.1094933292004,2
BRN,"Brunei Darussalam",2010,22.5028682356257,24.3281436589822,2
BRN,"Brunei Darussalam",2011,22.4788016808061,24.3956436649003,2
BRN,"Brunei Darussalam",2012,22.8067826854474,25.8154645804681,2
BRN,"Brunei Darussalam",2013,24.2957632214804,28.0326028538257,2
BRN,"Brunei Darussalam",2014,27.1226714443133,31.1436920499162,2
BRN,"Brunei Darussalam",2015,24.9827118846191,27.6697953312408,2
BRN,"Brunei Darussalam",2016,25.4441812415683,27.3082334487714,2
BRN,"Brunei Darussalam",2017,25.1282735660385,26.9254764458791,2
BRN,"Brunei Darussalam",2018,23.508415511546,26.1655633359749,2
BRN,"Brunei Darussalam",2019,27.5574615295834,30.4318362875061,2
BRN,"Brunei Darussalam",2020,27.6473773931114,30.6596442959968,2
BRN,"Brunei Darussalam",2021,28.3814992128047,30.7146460940362,2
BRN,"Brunei Darussalam",2022,34.8806831177841,35.8570489228053,2
BGR,"Bulgaria",1990,41.7843944656794,52.7459141169651,13
BGR,"Bulgaria",1991,30.8086106989531,43.3866128938814,13
BGR,"Bulgaria",1992,28.8319450264604,37.9314223220677,13
BGR,"Bulgaria",1993,29.0447864877176,40.6361527599724,13
BGR,"Bulgaria",1994,33.5665932817752,42.9284907392403,13
BGR,"Bulgaria",1995,34.4427569845023,44.1321645816564,13
BGR,"Bulgaria",1996,31.1494077195707,42.6586940854953,13
BGR,"Bulgaria",1997,31.9658240611523,42.0746752496838,13
BGR,"Bulgaria",1998,24.5713935282024,35.6704074947439,13
BGR,"Bulgaria",1999,19.3616750698441,26.0728773578918,13
BGR,"Bulgaria",2000,17.661876163369,22.1191015734224,13
BGR,"Bulgaria",2001,21.5982270039025,27.852364379109,13
BGR,"Bulgaria",2002,36.4790133426367,49.4922284909944,13
BGR,"Bulgaria",2003,33.0838290921447,42.8626225578277,13
BGR,"Bulgaria",2004,29.9613570136624,38.346527189503,13
BGR,"Bulgaria",2005,28.9306518612122,37.7294688048218,13
BGR,"Bulgaria",2006,29.7350609905057,38.2785366207129,13
BGR,"Bulgaria",2007,31.3297898610238,42.1822355556801,13
BGR,"Bulgaria",2008,33.9331785555359,44.0652012455848,13
BGR,"Bulgaria",2009,34.7477491565045,45.9407225930318,13
BGR,"Bulgaria",2010,34.4116577436417,42.7808527654677,13
BGR,"Bulgaria",2011,32.9753754373159,42.1566231841524,13
BGR,"Bulgaria",2012,37.464616895481,46.9637994810547,13
BGR,"Bulgaria",2013,33.1433973375347,42.6740716071466,13
BGR,"Bulgaria",2014,27.48722673005,35.2666866761938,13
BGR,"Bulgaria",2015,32.2753129374335,41.0344247075289,13
BGR,"Bulgaria",2016,32.2062586032582,40.6345601185536,13
BGR,"Bulgaria",2017,32.3727322008685,40.0559821008359,13
BGR,"Bulgaria",2018,31.9341031028151,39.8304206584644,13
BGR,"Bulgaria",2019,32.8007030627854,39.9486997117502,13
BGR,"Bulgaria",2020,31.9373763070361,39.5398256101786,13
BGR,"Bulgaria",2021,32.5839932169172,40.7202156593087,13
BGR,"Bulgaria",2022,37.4015787103614,45.5197173800616,13
BFA,"Burkina Faso",1990,42.758272217012,42.8761194802302,23
BFA,"Burkina Faso",1991,32.3379181024383,35.9659733183135,23
BFA,"Burkina Faso",1992,31.6489026708041,35.3521214261688,23
BFA,"Burkina Faso",1993,32.3230946646272,34.8536971650048,23
BFA,"Burkina Faso",1994,27.4313222125737,31.2586303163159,23
BFA,"Burkina Faso",1995,31.519199939191,33.5535981581495,23
BFA,"Burkina Faso",1996,32.4037546965372,41.4118989646225,23
BFA,"Burkina Faso",1997,35.9833514803895,41.8573452004472,23
BFA,"Burkina Faso",1998,35.9183399553394,37.8161769885487,23
BFA,"Burkina Faso",1999,33.4315865090986,42.2331126448419,23
BFA,"Burkina Faso",2000,35.2541857743049,38.077393342011,23
BFA,"Burkina Faso",2001,31.0093993302377,33.5284282403008,23
BFA,"Burkina Faso",2002,31.8341437957082,36.7053454834918,23
BFA,"Burkina Faso",2003,36.1031246641794,40.3299590887283,23
BFA,"Burkina Faso",2004,32.5880557679278,34.8040704756095,23
BFA,"Burkina Faso",2005,29.104094476026,32.2364683358926,23
BFA,"Burkina Faso",2006,29.5418043861993,31.5789698443438,23
BFA,"Burkina Faso",2007,29.5354548913647,30.940106577719,23
BFA,"Burkina Faso",2008,28.2991085063688,32.09279607852,23
BFA,"Burkina Faso",2009,30.5833284414726,33.6720306751732,23
BFA,"Burkina Faso",2010,32.8378879767854,36.8064923150784,23
BFA,"Burkina Faso",2011,34.8405687660715,38.0759521524789,23
BFA,"Burkina Faso",2012,33.0791117586073,38.0190216042974,23
BFA,"Burkina Faso",2013,30.2308524362815,35.9373788667298,23
BFA,"Burkina Faso",2014,31.6203015970654,36.5694007745751,23
BFA,"Burkina Faso",2015,35.4558290671604,39.2188018287763,23
BFA,"Burkina Faso",2016,33.3695733067585,37.747734175822,23
BFA,"Burkina Faso",2017,35.363784232097,38.7256204859029,23
BFA,"Burkina Faso",2018,36.1477250910709,38.7422435176965,23
BFA,"Burkina Faso",2019,34.7865684503962,38.2500207286048,23
BFA,"Burkina Faso",2020,33.4659901218558,36.7180834153125,23
BFA,"Burkina Faso",2021,35.4598516911064,37.3335403567823,23
BFA,"Burkina Faso",2022,37.35581446737,37.7986157965789,23
BDI,"Burundi",1990,37.923393122502,37.9744956695991,3
BDI,"Burundi",1991,30.0868570107007,34.9121065350274,3
BDI,"Burundi",1992,30.583092999208,36.2800714930801,3
BDI,"Burundi",1993,28.7662635072364,39.3809554962361,3
BDI,"Burundi",1994,25.9728425483589,31.2467561717099,3
BDI,"Burundi",1995,29.4439469916793,33.470351294262,3
BDI,"Burundi",1996,30.0341471827228,35.4922633966066,3
BDI,"Burundi",1997,32.3495444680534,35.252638966217,3
BDI,"Burundi",1998,27.9129656697128,34.1317476979229,3
BDI,"Burundi",1999,24.9497033189181,29.3326042518027,3
BDI,"Burundi",2000,26.1487091568532,32.2866383068673,3
BDI,"Burundi",2001,30.7384674184897,35.8064456101935,3
BDI,"Burundi",2002,28.9426946146358,34.1679539190039,3
BDI,"Burundi",2003,37.0028413416053,43.4253645147631,3
BDI,"Burundi",2004,25.2706251323692,30.1504593251465,3
BDI,"Burundi",2005,33.9940125376332,39.5501567998819,3
BDI,"Burundi",2006,28.2417342757262,31.8554209997397,3
BDI,"Burundi",2007,29.3452946212796,33.7983431969985,3
BDI,"Burundi",2008,31.0513514685353,34.4190503675198,3
BDI,"Burundi",2009,33.4808952258663,40.422106630028,3
BDI,"Burundi",2010,31.2361802113117,37.1545705356388,3
BDI,"Burundi",2011,37.9708462402534,41.1258087997723,3
BDI,"Burundi",2012,35.4263830758058,40.5787458305297,3
BDI,"Burundi",2013,33.0103081701569,40.9525496334832,3
BDI,"Burundi",2014,39.04897148551,42.6886100685049,3
BDI,"Burundi",2015,41.5134217942769,46.9375891171022,3
BDI,"Burundi",2016,38.6205768577184,43.5642000028789,3
BDI,"Burundi",2017,36.4894791766173,38.8859875479072,3
BDI,"Burundi",2018,42.8706381591834,48.3741410483862,3
BDI,"Burundi",2019,43.5017403606312,47.7353999305137,3
BDI,"Burundi",2020,31.8757133880185,34.8451544815229,3
BDI,"Burundi",2021,38.2166978691274,44.0339521646101,3
BDI,"Burundi",2022,37.4215408506859,37.8908730684394,3
CPV,"Cabo Verde",1990,45.0285903699045,47.8882599826419,7
CPV,"Cabo Verde",1991,35.6223144102493,39.3155437908196,7
CPV,"Cabo Verde",1992,34.1940053147975,39.8977098585608,7
CPV,"Cabo Verde",1993,33.4649250042557,38.8093219652979,7
CPV,"Cabo Verde",1994,31.5628051971049,34.9661355550843,7
CPV,"Cabo Verde",1995,34.9149171971932,39.3572094243719,7
CPV,"Cabo Verde",1996,36.6251452602816,41.491829805524,7
CPV,"Cabo Verde",1997,37.8889929792626,42.4928595016741,7
CPV,"Cabo Verde",1998,38.6891786569646,42.4713177533516,7
CPV,"Cabo Verde",1999,38.2050605193911,41.2277555123025,7
CPV,"Cabo Verde",2000,35.1002704021474,38.3854139528631,7
CPV,"Cabo Verde",2001,31.4456821510185,35.6873026019058,7
CPV,"Cabo Verde",2002,35.3835929433795,39.9825140078291,7
CPV,"Cabo Verde",2003,37.5448243707351,40.2097213540813,7
CPV,"Cabo Verde",2004,30.7646114966215,36.6599717501169,7
CPV,"Cabo Verde",2005,30.1676005874038,34.7371895047055,7
CPV,"Cabo Verde",2006,28.0512020629027,32.0790562942836,7
CPV,"Cabo Verde",2007,29.0442678166528,30.1937517903602,7
CPV,"Cabo Verde",2008,27.4725044305236,32.1047957368087,7
CPV,"Cabo Verde",2009,31.4326435764382,36.1513534674348,7
CPV,"Cabo Verde",2010,31.6747227959478,34.8402472072844,7
CPV,"Cabo Verde",2011,31.7314328080209,35.8709391312029,7
CPV,"Cabo Verde",2012,32.2396237144383,35.268048973061,7
CPV,"Cabo Verde",2013,32.2682057522562,38.7718844788003,7
CPV,"Cabo Verde",2014,32.2367167221826,36.1164513677775,7
CPV,"Cabo Verde",2015,30.4507198712198,34.1485542249446,7
CPV,"Cabo Verde",2016,32.5488585622466,34.4242960937033,7
CPV,"Cabo Verde",2017,32.3707968099273,34.3145992441428,7
CPV,"Cabo Verde",2018,32.5704453156485,35.320576025022,7
CPV,"Cabo Verde",2019,31.6428451648438,34.4982300961998,7
CPV,"Cabo Verde",2020,31.5496336738076,34.653891169222,7
CPV,"Cabo Verde",2021,33.2591398421389,36.1853126754083,7
CPV,"Cabo Verde",2022,34.9716949745918,38.5573437939152,7
KHM,"Cambodia",1990,33.4492314328456,33.5074880026749,17
KHM,"Cambodia",1991,24.7919562847221,27.7946111547019,17
KHM,"Cambodia",1992,24.2148830034012,28.2985275127394,17
KHM,"Cambodia",1993,26.4131191394104,32.1682583017116,17
KHM,"Cambodia",1994,22.9982591126104,26.7100086971724,17
KHM,"Cambodia",1995,23.4309113842612,27.1191838539719,17
KHM,"Cambodia",1996,24.107234346824,29.5004352180408,17
KHM,"Cambodia",1997,26.5693845249825,29.8851511047658,17
KHM,"Cambodia",1998,27.1039021695619,30.9394479583984,17
KHM,"Cambodia",1999,23.1462951857508,28.5357375932416,17
KHM,"Cambodia",2000,25.2635969794884,28.0391126987746,17
KHM,"Cambodia",2001,26.4119725387338,31.7929553003462,17
KHM,"Cambodia",2002,30.7372414396486,33.0183722730325,17
KHM,"Cambodia",2003,28.7314906923126,32.2930917326033,17
KHM,"Cambodia",2004,32.142139031147,34.0688481058405,17
KHM,"Cambodia",2005,27.309148169346,30.5609530586867,17
KHM,"Cambodia",2006,28.0931372725557,30.7763445140076,17
KHM,"Cambodia",2007,27.1401353674693,33.5757991227334,17
KHM,"Cambodia",2008,25.3235040398287,31.469099709431,17
KHM,"Cambodia",2009,27.7170044200347,32.5954512167979,17
KHM,"Cambodia",2010,27.8080806365458,32.9030418912884,17
KHM,"Cambodia",2011,28.2155838412819,33.5980469539229,17
KHM,"Cambodia",2012,29.3792247195825,35.0403988742141,17
KHM,"Cambodia",2013,25.2247794543662,32.7613826975565,17
KHM,"Cambodia",2014,27.2193064613364,34.4567976113758,17
KHM,"Cambodia",2015,29.5418693019617,36.8962843346692,17
KHM,"Cambodia",2016,29.1629091960162,36.0154766987289,17
KHM,"Cambodia",2017,29.8448420477013,35.5039619507717,17
KHM,"Cambodia",2018,29.5868382567632,35.4824455279925,17
KHM,"Cambodia",2019,33.52170259192,39.9312506930962,17
KHM,"Cambodia",2020,32.0505916471462,38.7583352362338,17
KHM,"Cambodia",2021,30.8534798428983,36.6954020786,17
KHM,"Cambodia",2022,36.4791770994361,37.811839959524,17
CMR,"Cameroon",1990,38.5147170360021,39.0551876952083,37
CMR,"Cameroon",1991,32.1918989835001,36.3829533265961,37
CMR,"Cameroon",1992,32.6168169433747,35.7052229130012,37
CMR,"Cameroon",1993,32.191553267142,35.3013870896489,37
CMR,"Cameroon",1994,30.933137473611,34.632487043787,37
CMR,"Cameroon",1995,32.7407675977686,36.737780297393,37
CMR,"Cameroon",1996,31.9971911933665,37.975879275148,37
CMR,"Cameroon",1997,34.114854814198,37.3765578230199,37
CMR,"Cameroon",1998,33.7565429076818,36.3985868801475,37
CMR,"Cameroon",1999,33.5635815699138,39.8900822994199,37
CMR,"Cameroon",2000,35.6677120139018,39.4439402884521,37
CMR,"Cameroon",2001,32.5985705143614,34.7499403719381,37
CMR,"Cameroon",2002,30.5177884459552,34.0077639911769,37
CMR,"Cameroon",2003,33.5935174387598,37.9622918671606,37
CMR,"Cameroon",2004,29.4888115836697,32.4982971347075,37
CMR,"Cameroon",2005,30.4920661131901,33.0366111605611,37
CMR,"Cameroon",2006,31.0047943753849,33.8326513725567,37
CMR,"Cameroon",2007,31.7694005219919,35.0802098070519,37
CMR,"Cameroon",2008,32.1120467249264,36.0666910225396,37
CMR,"Cameroon",2009,31.9604466005363,35.167679540506,37
CMR,"Cameroon",2010,30.9717867642787,34.3015017279508,37
CMR,"Cameroon",2011,32.8610024857291,36.4861452074154,37
CMR,"Cameroon",2012,31.8638757712119,36.5941930750748,37
CMR,"Cameroon",2013,29.1201881295541,33.74579497793,37
CMR,"Cameroon",2014,28.5777868152932,33.3882211106995,37
CMR,"Cameroon",2015,33.6160421028422,37.6452323059003,37
CMR,"Cameroon",2016,33.3887239684345,37.7591066717145,37
CMR,"Cameroon",2017,34.5989189165075,38.6380934091893,37
CMR,"Cameroon",2018,33.3463447569116,36.8488721457454,37
CMR,"Cameroon",2019,33.2398138549191,37.3451040329667,37
CMR,"Cameroon",2020,32.9051075953855,37.4520642030469,37
CMR,"Cameroon",2021,35.0955216017151,38.1409510566701,37
CMR,"Cameroon",2022,38.8417938513955,38.9056323395863,37
CAN,"Canada",1990,31.1654465057043,37.1072863539667,1847
CAN,"Canada",1991,31.4925252959621,38.7222034345537,1847
CAN,"Canada",1992,29.0503314491899,35.2878860750734,1847
CAN,"Canada",1993,29.2760383839741,35.8495917976976,1847
CAN,"Canada",1994,31.5762141389394,38.8319244333874,1847
CAN,"Canada",1995,30.2449036961775,37.010144173953,1847
CAN,"Canada",1996,29.9930216430864,36.8054516532173,1847
CAN,"Canada",1997,30.4420219619249,37.9022271631759,1847
CAN,"Canada",1998,31.981338399831,39.4328268967963,1847
CAN,"Canada",1999,33.3235143395946,40.9529765608374,1847
CAN,"Canada",2000,30.6955428712239,36.9677277803912,1847
CAN,"Canada",2001,33.3761669521966,41.1986891009417,1847
CAN,"Canada",2002,33.6463024755351,41.0383145808545,1847
CAN,"Canada",2003,33.8210196935957,40.8300153803947,1847
CAN,"Canada",2004,32.0341210030269,38.132598011523,1847
CAN,"Canada",2005,33.0050345407317,40.2195529970479,1847
CAN,"Canada",2006,32.4036590320618,39.5108410994953,1847
CAN,"Canada",2007,33.3571768239299,38.9639140693659,1847
CAN,"Canada",2008,33.0666415485394,39.5739461533513,1847
CAN,"Canada",2009,32.1711107475162,38.0718189233743,1847
CAN,"Canada",2010,33.0546125097475,38.9221964877516,1847
CAN,"Canada",2011,33.0859664150206,38.5302959558564,1847
CAN,"Canada",2012,33.695575850638,39.9183723637068,1847
CAN,"Canada",2013,33.0274051136995,38.4754457672489,1847
CAN,"Canada",2014,32.4929259475962,37.7250605198221,1847
CAN,"Canada",2015,33.0598606769268,38.6909517919485,1847
CAN,"Canada",2016,32.6867505061764,37.533237292434,1847
CAN,"Canada",2017,33.3138450011696,37.5664200726898,1847
CAN,"Canada",2018,33.8534497660126,40.2169810108127,1847
CAN,"Canada",2019,32.9248899252314,38.0705873554116,1847
CAN,"Canada",2020,34.4178430809497,38.7241789540044,1847
CAN,"Canada",2021,35.5872008304822,40.7237707294748,1847
CAN,"Canada",2022,36.5885038780111,40.1857483474825,1847
CYM,"Cayman Islands",1990,37.5980931579849,39.870933601949,2
CYM,"Cayman Islands",1991,32.9669686975701,36.4068376973148,2
CYM,"Cayman Islands",1992,32.85819266105,38.2016070829353,2
CYM,"Cayman Islands",1993,32.7659217118267,36.1325025403909,2
CYM,"Cayman Islands",1994,33.3097797457745,37.5782445566577,2
CYM,"Cayman Islands",1995,33.6522663033303,37.7052688730601,2
CYM,"Cayman Islands",1996,34.3836177265635,39.1295709242674,2
CYM,"Cayman Islands",1997,33.9214625970896,38.0330261125019,2
CYM,"Cayman Islands",1998,36.9908000177294,42.5098381588609,2
CYM,"Cayman Islands",1999,35.6667223969036,38.8577966506926,2
CYM,"Cayman Islands",2000,35.4969750685063,38.7817344057429,2
CYM,"Cayman Islands",2001,33.8169842518693,37.1192224775372,2
CYM,"Cayman Islands",2002,34.4558323573823,38.2589846033711,2
CYM,"Cayman Islands",2003,35.2099756097643,38.3706330289972,2
CYM,"Cayman Islands",2004,37.2265991055727,42.1521406493344,2
CYM,"Cayman Islands",2005,33.4238474528295,36.1821576595392,2
CYM,"Cayman Islands",2006,34.5838311404861,39.0009396034461,2
CYM,"Cayman Islands",2007,34.4148866294062,38.9912130650112,2
CYM,"Cayman Islands",2008,32.0360911093434,35.3071718394556,2
CYM,"Cayman Islands",2009,32.4489616535681,36.2699203077946,2
CYM,"Cayman Islands",2010,33.6490018890552,36.6199108126478,2
CYM,"Cayman Islands",2011,32.7561378188085,36.3584587665767,2
CYM,"Cayman Islands",2012,32.7819256081953,35.1442003686411,2
CYM,"Cayman Islands",2013,32.8131285234965,36.7187455417561,2
CYM,"Cayman Islands",2014,33.1960931132598,35.702928822598,2
CYM,"Cayman Islands",2015,31.6593058434334,35.22835460827,2
CYM,"Cayman Islands",2016,34.0525565932842,37.7109062507631,2
CYM,"Cayman Islands",2017,33.1839264198976,36.9944744086812,2
CYM,"Cayman Islands",2018,33.693961684041,37.138046765791,2
CYM,"Cayman Islands",2019,34.3442758130505,36.6851147240856,2
CYM,"Cayman Islands",2020,32.7044597406282,36.6550709314859,2
CYM,"Cayman Islands",2021,34.6673571457966,36.5249295226834,2
CYM,"Cayman Islands",2022,32.7122966325501,35.1518473172651,2
CAF,"Central African Republic",1990,37.5123921926444,42.2289501040046,49
CAF,"Central African Republic",1991,37.9660664283754,45.2324253281881,49
CAF,"Central African Republic",1992,39.5889730167728,43.1466513800576,49
CAF,"Central African Republic",1993,37.0714346685616,41.5173374840114,49
CAF,"Central African Republic",1994,35.4562890498674,40.3205408583729,49
CAF,"Central African Republic",1995,37.323969589285,47.2881136955351,49
CAF,"Central African Republic",1996,38.6339991829807,51.8413144949739,49
CAF,"Central African Republic",1997,40.0646510689982,46.1155911660234,49
CAF,"Central African Republic",1998,37.8739349517386,44.3530585258671,49
CAF,"Central African Republic",1999,37.7506062023812,49.3820169545315,49
CAF,"Central African Republic",2000,38.0473083124453,44.3551001277479,49
CAF,"Central African Republic",2001,34.5753051966023,38.4557492286911,49
CAF,"Central African Republic",2002,33.1061208015173,38.2938337161886,49
CAF,"Central African Republic",2003,34.355170591927,39.6382916183655,49
CAF,"Central African Republic",2004,32.2619612715484,37.4781385873936,49
CAF,"Central African Republic",2005,33.6213778579526,38.4954404681533,49
CAF,"Central African Republic",2006,34.1832536582252,38.0681661107627,49
CAF,"Central African Republic",2007,33.9825833552859,38.3777844245126,49
CAF,"Central African Republic",2008,34.6314653057196,42.7950416550947,49
CAF,"Central African Republic",2009,35.2258059931495,39.0167092770945,49
CAF,"Central African Republic",2010,32.4485855946845,38.9608339900243,49
CAF,"Central African Republic",2011,35.7795100775041,43.5323474555336,49
CAF,"Central African Republic",2012,33.9718307722277,42.357600750714,49
CAF,"Central African Republic",2013,28.3724665245413,34.947726465148,49
CAF,"Central African Republic",2014,27.2335319318063,35.2818911239135,49
CAF,"Central African Republic",2015,36.2341431084309,43.471414863817,49
CAF,"Central African Republic",2016,34.6344048145124,41.3526824331637,49
CAF,"Central African Republic",2017,36.8508174153787,42.7314927951666,49
CAF,"Central African Republic",2018,36.5537063744989,41.1531010154674,49
CAF,"Central African Republic",2019,34.5582171679311,39.1430948040754,49
CAF,"Central African Republic",2020,33.3625581042057,40.4295729492049,49
CAF,"Central African Republic",2021,37.6299218917653,41.1684779575985,49
CAF,"Central African Republic",2022,37.6235066921061,37.8807077662365,49
TCD,"Chad",1990,37.308510947176,37.5966319437419,104
TCD,"Chad",1991,30.0274377628516,35.4492688978389,104
TCD,"Chad",1992,29.6567047820711,36.2693343180258,104
TCD,"Chad",1993,30.4608854011498,37.7331958755992,104
TCD,"Chad",1994,29.225960634002,35.0139969943355,104
TCD,"Chad",1995,31.3869810654305,36.976102260555,104
TCD,"Chad",1996,31.8164440807149,37.9808070522026,104
TCD,"Chad",1997,34.654988060026,38.8090640477382,104
TCD,"Chad",1998,33.5103672899639,38.2749199329178,104
TCD,"Chad",1999,33.1487598363701,39.8176903817483,104
TCD,"Chad",2000,36.3479614728914,39.7928783962937,104
TCD,"Chad",2001,34.1700805253639,37.122711154986,104
TCD,"Chad",2002,32.1812920481055,36.0978596771948,104
TCD,"Chad",2003,36.2287482673754,41.4443645129285,104
TCD,"Chad",2004,28.5013907804525,32.8263946101922,104
TCD,"Chad",2005,29.1813942203072,34.0661553048219,104
TCD,"Chad",2006,32.4132382931597,36.3121464871147,104
TCD,"Chad",2007,35.0474672064385,38.6472767848814,104
TCD,"Chad",2008,35.3047651302485,39.2661963596439,104
TCD,"Chad",2009,35.2765654750529,39.2621282727061,104
TCD,"Chad",2010,34.8562516592407,38.1876689421535,104
TCD,"Chad",2011,36.8292891403861,40.8949975897722,104
TCD,"Chad",2012,35.4918171187619,40.2926398176085,104
TCD,"Chad",2013,31.462904114893,35.8915837826269,104
TCD,"Chad",2014,31.9337222116589,37.5304178281731,104
TCD,"Chad",2015,38.5612951408619,41.7925703067188,104
TCD,"Chad",2016,37.3156853699671,41.1182180774509,104
TCD,"Chad",2017,37.8159264084975,41.2486917249159,104
TCD,"Chad",2018,36.3205739886851,40.2371104780301,104
TCD,"Chad",2019,35.9935993318203,39.8719382703152,104
TCD,"Chad",2020,35.2752677111645,39.4422489438693,104
TCD,"Chad",2021,39.3079499256048,42.5718301057759,104
TCD,"Chad",2022,38.7422274897861,38.8996871633608,104
CHL,"Chile",1990,23.9221394085514,27.1121792544088,124
CHL,"Chile",1991,29.0832705488049,31.5247612884157,124
CHL,"Chile",1992,28.3790454919999,31.6202343924304,124
CHL,"Chile",1993,29.2684552213318,33.0051492938417,124
CHL,"Chile",1994,28.9026954443774,30.5707949064211,124
CHL,"Chile",1995,29.4808049876287,31.6200639513198,124
CHL,"Chile",1996,31.5374484332913,33.0020063076074,124
CHL,"Chile",1997,30.8190652504376,33.7230071864615,124
CHL,"Chile",1998,30.985181495055,35.2161452811652,124
CHL,"Chile",1999,29.680252713139,34.6618987962506,124
CHL,"Chile",2000,29.7319950151657,37.6646258881262,124
CHL,"Chile",2001,31.5496874419227,34.3459976993386,124
CHL,"Chile",2002,28.3469565328513,34.4674077796867,124
CHL,"Chile",2003,30.4756769624987,33.6973171837292,124
CHL,"Chile",2004,29.7541077227548,33.5000407589662,124
CHL,"Chile",2005,28.6207455707749,33.277658339744,124
CHL,"Chile",2006,29.2580957255923,32.8675885919702,124
CHL,"Chile",2007,27.5791412777093,32.7828839560919,124
CHL,"Chile",2008,26.3457275900865,30.5709437650373,124
CHL,"Chile",2009,27.0742700057626,31.4762857368382,124
CHL,"Chile",2010,28.5779581305283,31.4571054929567,124
CHL,"Chile",2011,26.5692656805946,31.0249079454057,124
CHL,"Chile",2012,27.6236236963835,31.8165924596313,124
CHL,"Chile",2013,24.8777460603046,30.8393148805005,124
CHL,"Chile",2014,25.3411477050806,31.6514552769232,124
CHL,"Chile",2015,26.7924717383386,29.4734856101188,124
CHL,"Chile",2016,24.5149361230651,30.7777926073188,124
CHL,"Chile",2017,26.5182408199596,31.1460516185094,124
CHL,"Chile",2018,27.3971884728627,31.5145074320353,124
CHL,"Chile",2019,28.0316352438942,33.6574845062588,124
CHL,"Chile",2020,29.5934592291339,33.1608160608453,124
CHL,"Chile",2021,28.3650762863528,30.665409551746,124
CHL,"Chile",2022,28.1142253044757,31.4275011695635,124
CHN,"China",1990,34.3328719267735,36.9095561365683,1000
CHN,"China",1991,32.4891034447297,37.2257289716278,1000
CHN,"China",1992,31.6793239652871,37.6554147432603,1000
CHN,"China",1993,33.2456729046672,38.5786239776809,1000
CHN,"China",1994,34.6663598405066,40.9485744316474,1000
CHN,"China",1995,35.4036126972841,41.3370695401289,1000
CHN,"China",1996,35.6919473618347,41.7721601266701,1000
CHN,"China",1997,36.8446531496977,43.3330282640533,1000
CHN,"China",1998,36.9154174579054,43.0240706593371,1000
CHN,"China",1999,37.2769054645578,44.3338696502298,1000
CHN,"China",2000,38.0390713374592,44.7635470326547,1000
CHN,"China",2001,37.930242662907,44.7612472479121,1000
CHN,"China",2002,38.1118423919722,43.7089794190968,1000
CHN,"China",2003,38.5394683814839,44.6421945933903,1000
CHN,"China",2004,39.8537017282775,46.1420368422553,1000
CHN,"China",2005,38.2155962376569,45.0742249252224,1000
CHN,"China",2006,38.9769701660432,46.8996629261363,1000
CHN,"China",2007,39.2506340608039,46.7306330239159,1000
CHN,"China",2008,41.0802909760555,48.7851077107709,1000
CHN,"China",2009,41.6089716365918,49.1779372387643,1000
CHN,"China",2010,39.3282489362508,45.9964964414435,1000
CHN,"China",2011,40.4598769132227,48.8339112373774,1000
CHN,"China",2012,38.9088697622138,48.0530542649667,1000
CHN,"China",2013,38.1393002326433,44.9398924573774,1000
CHN,"China",2014,39.3544263923638,50.0603421055468,1000
CHN,"China",2015,39.9615651063456,50.6368026757472,1000
CHN,"China",2016,41.7967807861061,52.7029206707772,1000
CHN,"China",2017,46.3995757253946,57.8422782493512,1000
CHN,"China",2018,46.7710816654208,58.0128214324505,1000
CHN,"China",2019,46.2065730023712,58.1119202460404,1000
CHN,"China",2020,44.9177618685212,55.3657222824898,1000
CHN,"China",2021,45.1723087861891,54.2930957522946,1000
CHN,"China",2022,48.1232166950985,58.9353676876447,1000
CXR,"Christmas Island",1990,31.2850780063397,31.3361805534368,2
CXR,"Christmas Island",1991,23.6233657112538,26.2479691393137,2
CXR,"Christmas Island",1992,25.7062781732952,29.3183256201445,2
CXR,"Christmas Island",1993,26.1674853442404,28.978303672567,2
CXR,"Christmas Island",1994,28.9571006134078,31.9495734485611,2
CXR,"Christmas Island",1995,26.0826587598516,28.9043847453572,2
CXR,"Christmas Island",1996,27.7420922209647,31.9188195285746,2
CXR,"Christmas Island",1997,26.2864450926095,30.6267974126012,2
CXR,"Christmas Island",1998,28.191520093168,30.5900047922942,2
CXR,"Christmas Island",1999,27.0500335750415,29.096150819182,2
CXR,"Christmas Island",2000,26.2506471533834,26.7959726855773,2
CXR,"Christmas Island",2001,29.4456807399177,32.888961796816,2
CXR,"Christmas Island",2002,27.705277730264,30.2778796817854,2
CXR,"Christmas Island",2003,27.5920038051626,31.0226764486119,2
CXR,"Christmas Island",2004,25.0668820336624,26.0253002964605,2
CXR,"Christmas Island",2005,26.3421877587597,29.162625382215,2
CXR,"Christmas Island",2006,26.1932724605062,30.252587217103,2
CXR,"Christmas Island",2007,23.5511610605255,24.7236684138052,2
CXR,"Christmas Island",2008,21.5834472941675,26.2385674696065,2
CXR,"Christmas Island",2009,23.6501088791388,28.4154558763201,2
CXR,"Christmas Island",2010,21.8044083867461,25.3876379280242,2
CXR,"Christmas Island",2011,22.9350011157063,27.1896579479884,2
CXR,"Christmas Island",2012,23.7138662385859,26.4878638399796,2
CXR,"Christmas Island",2013,24.6686640713212,28.5735350790204,2
CXR,"Christmas Island",2014,26.1565235895102,30.0449389491297,2
CXR,"Christmas Island",2015,26.1141602729422,28.4154399790858,2
CXR,"Christmas Island",2016,24.7766943687426,27.2200227234266,2
CXR,"Christmas Island",2017,24.8728275289242,27.7098437414691,2
CXR,"Christmas Island",2018,24.4602250086839,27.3704400166302,2
CXR,"Christmas Island",2019,27.2144015509469,28.5457267002693,2
CXR,"Christmas Island",2020,26.5067805600027,27.4814124195807,2
CXR,"Christmas Island",2021,28.192002482306,31.5183774203642,2
CXR,"Christmas Island",2022,18.7530915294579,18.852914128175,2
CCK,"Cocos (Keeling) Islands",1990,31.7210733868897,31.7721759339868,1
CCK,"Cocos (Keeling) Islands",1991,24.2866660334727,28.0982776586415,1
CCK,"Cocos (Keeling) Islands",1992,26.0585058839073,30.1004298141333,1
CCK,"Cocos (Keeling) Islands",1993,26.8192899627937,29.9423956786782,1
CCK,"Cocos (Keeling) Islands",1994,27.1782289035798,31.5677171240627,1
CCK,"Cocos (Keeling) Islands",1995,25.1727231779933,28.2184316565816,1
CCK,"Cocos (Keeling) Islands",1996,27.4146205156029,30.2741831637127,1
CCK,"Cocos (Keeling) Islands",1997,26.8772979226027,30.6801582592875,1
CCK,"Cocos (Keeling) Islands",1998,28.0517923306842,29.9288698229571,1
CCK,"Cocos (Keeling) Islands",1999,25.6215889462302,27.6975545647971,1
CCK,"Cocos (Keeling) Islands",2000,24.9481356232892,26.5224528404924,1
CCK,"Cocos (Keeling) Islands",2001,21.6118596270518,25.9900824041638,1
CCK,"Cocos (Keeling) Islands",2002,30.3524665160519,33.394056250688,1
CCK,"Cocos (Keeling) Islands",2003,22.4318176651323,26.8981886889781,1
CCK,"Cocos (Keeling) Islands",2004,22.4513583087892,23.7658701672586,1
CCK,"Cocos (Keeling) Islands",2005,23.4282017058306,27.0435454521681,1
CCK,"Cocos (Keeling) Islands",2006,23.9559014081099,29.6853316064115,1
CCK,"Cocos (Keeling) Islands",2007,23.5990236226313,28.5700453933685,1
CCK,"Cocos (Keeling) Islands",2008,20.524229791,26.3355328093891,1
CCK,"Cocos (Keeling) Islands",2009,20.1620698891067,25.8050463135273,1
CCK,"Cocos (Keeling) Islands",2010,20.4735707469217,24.8670655585488,1
CCK,"Cocos (Keeling) Islands",2011,22.0482607731159,27.1937478980749,1
CCK,"Cocos (Keeling) Islands",2012,23.8963039597168,28.2630524568789,1
CCK,"Cocos (Keeling) Islands",2013,23.9929133054681,28.1725058603732,1
CCK,"Cocos (Keeling) Islands",2014,26.1739091106768,30.5921233254312,1
CCK,"Cocos (Keeling) Islands",2015,24.1631841700248,25.7265506352151,1
CCK,"Cocos (Keeling) Islands",2016,23.5718594960758,25.1052446426614,1
CCK,"Cocos (Keeling) Islands",2017,25.3324194744812,27.2802296351996,1
CCK,"Cocos (Keeling) Islands",2018,24.6066732809873,27.4272018554594,1
CCK,"Cocos (Keeling) Islands",2019,26.7749815788295,28.0532738133545,1
CCK,"Cocos (Keeling) Islands",2020,26.0783258548896,26.1522991194673,1
CCK,"Cocos (Keeling) Islands",2021,25.067480860672,28.4416645135879,1
CCK,"Cocos (Keeling) Islands",2022,18.6456410714147,18.7454835818753,1
COL,"Colombia",1990,27.8885510678277,29.4615473893775,108
COL,"Colombia",1991,27.3962001905952,29.8730463903976,108
COL,"Colombia",1992,27.1716088466526,29.9011378535398,108
COL,"Colombia",1993,28.6903072179267,32.2663782951022,108
COL,"Colombia",1994,27.3630114663263,29.3639439491114,108
COL,"Colombia",1995,27.4689647971375,29.4463641620233,108
COL,"Colombia",1996,28.493905092464,31.9856983181351,108
COL,"Colombia",1997,30.2106512336868,32.0701219222903,108
COL,"Colombia",1998,29.6102656593931,31.8094385591192,108
COL,"Colombia",1999,27.9652158789845,30.8106077908241,108
COL,"Colombia",2000,28.6900116425107,32.2408865825329,108
COL,"Colombia",2001,21.6813525144736,25.8093087341622,108
COL,"Colombia",2002,28.7325663242808,31.499120701446,108
COL,"Colombia",2003,26.2966844958103,29.9615318733641,108
COL,"Colombia",2004,24.2456634520679,27.7510494474563,108
COL,"Colombia",2005,22.0713387520973,25.3663582920591,108
COL,"Colombia",2006,22.0091065662768,25.2317287626981,108
COL,"Colombia",2007,21.8690985859258,24.9843638362151,108
COL,"Colombia",2008,24.0636336685686,25.4923096961329,108
COL,"Colombia",2009,22.9700819590052,24.9956605550661,108
COL,"Colombia",2010,23.9945961249355,25.6631015344329,108
COL,"Colombia",2011,21.8981556642402,23.3098531324414,108
COL,"Colombia",2012,21.9562430583393,25.4261327918496,108
COL,"Colombia",2013,22.574279154702,25.9031879248717,108
COL,"Colombia",2014,23.5726091953582,27.9236149752711,108
COL,"Colombia",2015,22.4034349699917,24.9310446645887,108
COL,"Colombia",2016,21.3066434951867,23.8882585166911,108
COL,"Colombia",2017,19.8402665459712,22.4833648236063,108
COL,"Colombia",2018,22.7985606742389,25.1478094196708,108
COL,"Colombia",2019,24.3694015229094,26.5175444249695,108
COL,"Colombia",2020,24.4561328089686,26.6741704181498,108
COL,"Colombia",2021,23.4376680239353,25.1381236312887,108
COL,"Colombia",2022,23.829225395634,24.8628786281049,108
COM,"Comoros",1990,38.1278093610719,38.1789119081691,4
COM,"Comoros",1991,24.6384704978112,31.3788661277991,4
COM,"Comoros",1992,28.5012186553475,37.6391508837106,4
COM,"Comoros",1993,27.4866615120185,39.1220403338255,4
COM,"Comoros",1994,25.0982549285736,29.947817253192,4
COM,"Comoros",1995,27.5022370441358,31.3679515632488,4
COM,"Comoros",1996,25.3513566372891,32.1180341880085,4
COM,"Comoros",1997,29.4056306910275,34.9314880161783,4
COM,"Comoros",1998,24.1287386083846,29.5334284467961,4
COM,"Comoros",1999,25.5679071736804,32.2705396728873,4
COM,"Comoros",2000,22.3995762190369,29.1991163809306,4
COM,"Comoros",2001,25.4597012136939,32.5567777604184,4
COM,"Comoros",2002,29.3301386561119,33.2582305771778,4
COM,"Comoros",2003,25.2170904385515,28.7332165930756,4
COM,"Comoros",2004,24.051698492249,30.0129998768649,4
COM,"Comoros",2005,22.7589357378249,27.6164785163752,4
COM,"Comoros",2006,23.4717135377146,28.6741657172672,4
COM,"Comoros",2007,25.3611933038363,28.9518508962518,4
COM,"Comoros",2008,22.4263015424174,27.9180465761072,4
COM,"Comoros",2009,20.9584359706465,27.045806367006,4
COM,"Comoros",2010,25.2749762751197,28.3975541576076,4
COM,"Comoros",2011,23.7444530218542,28.4413940027947,4
COM,"Comoros",2012,29.0160042067822,34.8660282188318,4
COM,"Comoros",2013,27.9183718360517,34.9738559286572,4
COM,"Comoros",2014,34.6776147096811,40.1254529960275,4
COM,"Comoros",2015,27.9473515065326,31.7057992175685,4
COM,"Comoros",2016,27.0856677004548,32.1830608346612,4
COM,"Comoros",2017,26.0201351164688,30.4749329414177,4
COM,"Comoros",2018,27.675594010731,29.6363291158324,4
COM,"Comoros",2019,25.5721986879816,28.2317999780433,4
COM,"Comoros",2020,24.1591279296172,27.4153588634139,4
COM,"Comoros",2021,27.126725566535,31.8723451805386,4
COM,"Comoros",2022,39.0892829573816,45.200583595122,4
COG,"Congo",1990,38.8073008644744,38.9403969400946,27
COG,"Congo",1991,26.6610520504949,31.9488967112125,27
COG,"Congo",1992,25.9556738375236,34.191268012696,27
COG,"Congo",1993,26.7759200044212,34.814525390118,27
COG,"Congo",1994,27.3002799329674,34.7427711403328,27
COG,"Congo",1995,29.7107326489479,36.7584741102411,27
COG,"Congo",1996,28.8538590363733,37.7486416452787,27
COG,"Congo",1997,28.5515773839356,34.1804953634534,27
COG,"Congo",1998,28.9804264442481,35.5857864242179,27
COG,"Congo",1999,29.5174335623636,35.4582254245024,27
COG,"Congo",2000,27.8530549389526,34.4035186916708,27
COG,"Congo",2001,28.449335991752,32.9441970552036,27
COG,"Congo",2002,26.4009083669839,31.738564779854,27
COG,"Congo",2003,32.2953303741966,40.9175612678787,27
COG,"Congo",2004,19.5891688879195,23.7145000348508,27
COG,"Congo",2005,26.3069356017161,29.7436860217269,27
COG,"Congo",2006,30.0991795509258,35.6953177618589,27
COG,"Congo",2007,30.4291160473645,36.4040352248483,27
COG,"Congo",2008,27.8908528654865,32.1771160196058,27
COG,"Congo",2009,29.1615796918616,32.8841354219754,27
COG,"Congo",2010,27.5607265105022,31.4794761768084,27
COG,"Congo",2011,38.3351395259517,47.4542856674409,27
COG,"Congo",2012,32.0755578779474,39.7712756043588,27
COG,"Congo",2013,29.325232731722,34.6465316757343,27
COG,"Congo",2014,30.524364178001,37.4110526932274,27
COG,"Congo",2015,34.8193828923548,40.8479349886984,27
COG,"Congo",2016,34.8204296923355,41.1884595380443,27
COG,"Congo",2017,35.9788709997427,41.4545358406366,27
COG,"Congo",2018,33.8137033165289,37.6807795444056,27
COG,"Congo",2019,33.6089640190948,38.6585580906385,27
COG,"Congo",2020,34.1015205989773,37.0586171607669,27
COG,"Congo",2021,36.4138643133912,42.5459407053692,27
COG,"Congo",2022,37.7360554250034,37.8084984150706,27
COK,"Cook Islands",1990,15.5686346061619,16.8253076063066,11
COK,"Cook Islands",1991,23.5682651270267,29.8075951224966,11
COK,"Cook Islands",1992,23.8818669059574,29.3641410672105,11
COK,"Cook Islands",1993,25.3277689312033,31.6485153068387,11
COK,"Cook Islands",1994,24.8602165132333,30.4026647576527,11
COK,"Cook Islands",1995,22.7938176169288,26.6562441226664,11
COK,"Cook Islands",1996,27.2499084053361,31.1501054920813,11
COK,"Cook Islands",1997,27.4749444228704,30.0524765992899,11
COK,"Cook Islands",1998,23.800183651069,28.2147360649563,11
COK,"Cook Islands",1999,22.9716971447438,26.1052830513036,11
COK,"Cook Islands",2000,23.3133000840479,26.486987138952,11
COK,"Cook Islands",2001,24.0954000363452,26.9185699348223,11
COK,"Cook Islands",2002,25.31796470098,28.9873412581719,11
COK,"Cook Islands",2003,23.3623484039359,27.7378456706125,11
COK,"Cook Islands",2004,24.4063256493063,28.0288566248865,11
COK,"Cook Islands",2005,24.3181689352782,28.7417311194197,11
COK,"Cook Islands",2006,22.0960358434549,27.9086040261309,11
COK,"Cook Islands",2007,22.0690558368614,25.3674423576459,11
COK,"Cook Islands",2008,19.4193057757708,24.3884176700804,11
COK,"Cook Islands",2009,21.5235407405663,26.710963237061,11
COK,"Cook Islands",2010,22.3108906200988,27.6528620385229,11
COK,"Cook Islands",2011,22.0197678057477,25.9490735942245,11
COK,"Cook Islands",2012,22.1992768483161,26.0666155628217,11
COK,"Cook Islands",2013,23.2070631919418,28.016577310575,11
COK,"Cook Islands",2014,24.7638086897043,28.8981808341328,11
COK,"Cook Islands",2015,24.6808212131161,27.7206411777693,11
COK,"Cook Islands",2016,23.7668271417647,25.7058305874703,11
COK,"Cook Islands",2017,24.9458552872715,28.1891913071104,11
COK,"Cook Islands",2018,25.2477513193676,27.8734556325686,11
COK,"Cook Islands",2019,24.9618649763545,26.0940838157212,11
COK,"Cook Islands",2020,24.6194420452147,26.2242057846808,11
COK,"Cook Islands",2021,26.419964450117,31.3184448363636,11
COK,"Cook Islands",2022,36.1820722835948,36.2459107717855,11
CRI,"Costa Rica",1990,34.766304390256,36.4516913234792,9
CRI,"Costa Rica",1991,29.1637749557056,31.2531255040372,9
CRI,"Costa Rica",1992,28.3172939946171,32.2148328900811,9
CRI,"Costa Rica",1993,30.8694680010829,34.9302514181914,9
CRI,"Costa Rica",1994,29.1028536128115,31.9776128345229,9
CRI,"Costa Rica",1995,29.171800557178,32.6883031390371,9
CRI,"Costa Rica",1996,30.6714086839519,34.3172625490991,9
CRI,"Costa Rica",1997,30.6262672903646,32.9587774588239,9
CRI,"Costa Rica",1998,31.2342960371566,34.141114388158,9
CRI,"Costa Rica",1999,30.5829057780367,32.2586820125068,9
CRI,"Costa Rica",2000,31.9194905277498,34.4820254555879,9
CRI,"Costa Rica",2001,29.7882545150316,31.6096975349484,9
CRI,"Costa Rica",2002,31.4845658044505,33.6321276246222,9
CRI,"Costa Rica",2003,31.4085484138177,33.7750478699186,9
CRI,"Costa Rica",2004,32.6125097569645,35.0485119369965,9
CRI,"Costa Rica",2005,30.2954649518044,31.5897625611258,9
CRI,"Costa Rica",2006,28.6449125782757,30.32261655809,9
CRI,"Costa Rica",2007,26.9935789742125,29.2005112178481,9
CRI,"Costa Rica",2008,25.5179026515003,27.4809286215446,9
CRI,"Costa Rica",2009,24.8724888415668,26.1710466715945,9
CRI,"Costa Rica",2010,26.4621765660777,28.8378012456213,9
CRI,"Costa Rica",2011,24.1950341764773,26.1422827386429,9
CRI,"Costa Rica",2012,24.4822589256015,25.9439830439619,9
CRI,"Costa Rica",2013,23.0276098321484,24.7713355013033,9
CRI,"Costa Rica",2014,22.2527215729265,26.3266716272723,9
CRI,"Costa Rica",2015,20.7116537635931,22.1329402910656,9
CRI,"Costa Rica",2016,20.6743152667299,22.9964520572274,9
CRI,"Costa Rica",2017,21.6258283508839,23.8552793405299,9
CRI,"Costa Rica",2018,21.7314719797601,24.0688545831139,9
CRI,"Costa Rica",2019,22.6514493837797,24.648720212116,9
CRI,"Costa Rica",2020,22.5458794876309,24.1203534112481,9
CRI,"Costa Rica",2021,22.294187163406,24.5564756329988,9
CRI,"Costa Rica",2022,25.4518635253682,27.401431449032,9
HRV,"Croatia",1990,41.342595156045,52.4529120664634,13
HRV,"Croatia",1991,39.0418033845114,50.0605720169276,13
HRV,"Croatia",1992,41.0625861933502,53.1607430427231,13
HRV,"Croatia",1993,38.9805431748476,50.3297976951753,13
HRV,"Croatia",1994,42.0198631207917,53.5318003863794,13
HRV,"Croatia",1995,39.9847684443872,50.642022395282,13
HRV,"Croatia",1996,39.4863008900457,50.0449346050714,13
HRV,"Croatia",1997,38.4335265153361,48.5496044384013,13
HRV,"Croatia",1998,40.1495216580888,51.2087080623292,13
HRV,"Croatia",1999,38.2485155498303,47.2088003139782,13
HRV,"Croatia",2000,41.1406707852968,53.4269209647448,13
HRV,"Croatia",2001,40.313619077361,51.8057267322275,13
HRV,"Croatia",2002,37.747193303464,47.6612369724314,13
HRV,"Croatia",2003,41.1477719092909,53.7560251008838,13
HRV,"Croatia",2004,35.7752797741347,45.3892115059518,13
HRV,"Croatia",2005,36.9955359840162,47.7377566799357,13
HRV,"Croatia",2006,37.4205214173516,46.6587307084723,13
HRV,"Croatia",2007,37.8632933329244,49.2630858656644,13
HRV,"Croatia",2008,37.1390416839167,46.994280345373,13
HRV,"Croatia",2009,36.0050844612067,46.9943993544018,13
HRV,"Croatia",2010,35.5268672310722,45.6521549211857,13
HRV,"Croatia",2011,38.0870351191578,48.9768107467689,13
HRV,"Croatia",2012,38.8638966568159,49.7509445182981,13
HRV,"Croatia",2013,37.5262125813084,46.6916004436438,13
HRV,"Croatia",2014,35.6412339708667,45.2879422818056,13
HRV,"Croatia",2015,38.8067029408467,49.5651582407617,13
HRV,"Croatia",2016,37.0265596723012,46.815311628239,13
HRV,"Croatia",2017,40.1537896181428,50.6916256635808,13
HRV,"Croatia",2018,39.2018103968267,49.5829191146107,13
HRV,"Croatia",2019,39.0861881668082,48.068098474498,13
HRV,"Croatia",2020,35.8229483641013,45.0002690940147,13
HRV,"Croatia",2021,36.4668355026073,46.0750084216212,13
HRV,"Croatia",2022,39.8062050113947,50.0523016327325,13
CUB,"Cuba",1990,37.1385363253115,39.4925301880768,26
CUB,"Cuba",1991,36.6468296579986,40.8339705111813,26
CUB,"Cuba",1992,34.9791426913312,42.0035980844041,26
CUB,"Cuba",1993,35.5582084402044,40.9484921586286,26
CUB,"Cuba",1994,35.9886193115141,41.0513226258466,26
CUB,"Cuba",1995,37.7874251613092,42.5004284886144,26
CUB,"Cuba",1996,37.7221574596606,43.0770645275247,26
CUB,"Cuba",1997,37.5042415606685,41.8279388514281,26
CUB,"Cuba",1998,38.9208468212418,44.6936930353645,26
CUB,"Cuba",1999,38.5543943512304,42.6848694014295,26
CUB,"Cuba",2000,39.8793492080304,45.0459602708561,26
CUB,"Cuba",2001,36.4293078649202,39.0072585819076,26
CUB,"Cuba",2002,35.7808406843916,39.2983783684935,26
CUB,"Cuba",2003,35.5814135711447,40.1423555486919,26
CUB,"Cuba",2004,36.3670020858413,40.5434450079844,26
CUB,"Cuba",2005,35.2331146296053,38.9526379805602,26
CUB,"Cuba",2006,36.436859871561,40.8329806686193,26
CUB,"Cuba",2007,34.9065445497885,38.4191414195569,26
CUB,"Cuba",2008,34.6685510454758,38.834052400182,26
CUB,"Cuba",2009,32.6282395287262,37.1857171794083,26
CUB,"Cuba",2010,35.7520544156439,39.2224603618274,26
CUB,"Cuba",2011,34.7503097531137,38.2448245984224,26
CUB,"Cuba",2012,34.8780323257864,38.5756265970489,26
CUB,"Cuba",2013,36.5046746056089,40.2226156588905,26
CUB,"Cuba",2014,33.7643222287561,36.7346984112689,26
CUB,"Cuba",2015,32.0822283551759,35.7585751838429,26
CUB,"Cuba",2016,33.6916646449981,37.8039602880598,26
CUB,"Cuba",2017,34.3455266289772,38.222875195914,26
CUB,"Cuba",2018,34.6503211932728,37.8913435748385,26
CUB,"Cuba",2019,35.3709699183987,37.9663499736988,26
CUB,"Cuba",2020,32.6230367897361,36.4344428507406,26
CUB,"Cuba",2021,33.2339386409669,36.5672179681117,26
CUB,"Cuba",2022,33.9291960320921,36.724265612498,26
CYP,"Cyprus",1990,41.7120286956113,51.1632276966216,3
CYP,"Cyprus",1991,36.9977499053159,47.9713324619706,3
CYP,"Cyprus",1992,32.9159879458288,42.7751771004816,3
CYP,"Cyprus",1993,36.6295921587649,46.6289519790347,3
CYP,"Cyprus",1994,35.8631493295774,43.5678886897771,3
CYP,"Cyprus",1995,38.1983157701974,45.8767314245639,3
CYP,"Cyprus",1996,40.347492526498,47.7647954003094,3
CYP,"Cyprus",1997,42.8142833702963,49.348240009366,3
CYP,"Cyprus",1998,47.6157537338339,54.2313657281751,3
CYP,"Cyprus",1999,48.7348669075456,57.2596958467971,3
CYP,"Cyprus",2000,43.1146748913751,50.2345878819289,3
CYP,"Cyprus",2001,44.435051474691,52.4120029368861,3
CYP,"Cyprus",2002,47.65433930182,54.4325520829558,3
CYP,"Cyprus",2003,48.212111448942,57.325344616207,3
CYP,"Cyprus",2004,49.6070385015093,57.6756286157999,3
CYP,"Cyprus",2005,46.5222530472511,54.7670316597921,3
CYP,"Cyprus",2006,45.5710687027749,53.4859682804765,3
CYP,"Cyprus",2007,50.6733469135659,58.7903712944191,3
CYP,"Cyprus",2008,51.4666226945223,55.9833170421696,3
CYP,"Cyprus",2009,47.006681135805,53.2068342407484,3
CYP,"Cyprus",2010,44.2681247006375,51.1297680507642,3
CYP,"Cyprus",2011,44.0527742239129,49.6468467729832,3
CYP,"Cyprus",2012,45.9500027106029,51.3063457047376,3
CYP,"Cyprus",2013,43.7986756785433,46.9129848412675,3
CYP,"Cyprus",2014,42.9113632506513,48.8815987095622,3
CYP,"Cyprus",2015,44.8231350752963,50.3392339441074,3
CYP,"Cyprus",2016,44.9222187972001,51.3079963069364,3
CYP,"Cyprus",2017,43.1999009084402,48.450135773774,3
CYP,"Cyprus",2018,42.6625065720955,48.0608236019672,3
CYP,"Cyprus",2019,39.600055993261,43.3357952618799,3
CYP,"Cyprus",2020,44.3517573151632,50.323601727854,3
CYP,"Cyprus",2021,46.8403515969135,54.879282162859,3
CYP,"Cyprus",2022,46.2881980937288,51.8848285179437,3
CZE,"Czech Republic",1990,35.6274936683302,47.4643175385612,10
CZE,"Czech Republic",1991,28.663477458266,39.1401700152789,10
CZE,"Czech Republic",1992,34.6059003880069,47.3278728809447,10
CZE,"Czech Republic",1993,34.9247660732974,46.6016029421365,10
CZE,"Czech Republic",1994,37.0292540261505,51.432542203125,10
CZE,"Czech Republic",1995,37.22016330587,49.5059225996862,10
CZE,"Czech Republic",1996,35.3715906186536,47.0701601735754,10
CZE,"Czech Republic",1997,34.2006139017127,45.4611460141608,10
CZE,"Czech Republic",1998,35.7975744722003,46.625700838423,10
CZE,"Czech Republic",1999,35.2248453524721,45.3520317472947,10
CZE,"Czech Republic",2000,34.4415589470169,45.3600867091865,10
CZE,"Czech Republic",2001,32.263685945023,42.4750161795439,10
CZE,"Czech Republic",2002,35.2156275175652,46.521291110879,10
CZE,"Czech Republic",2003,40.1208287306082,53.4473075468524,10
CZE,"Czech Republic",2004,36.6936846356608,46.5173709828125,10
CZE,"Czech Republic",2005,37.9066620754527,48.4295577247213,10
CZE,"Czech Republic",2006,38.1067176213402,49.2620682733964,10
CZE,"Czech Republic",2007,35.0259196712807,45.7383083617213,10
CZE,"Czech Republic",2008,34.4611246560212,44.9679855254151,10
CZE,"Czech Republic",2009,34.2057496984781,44.8024715011476,10
CZE,"Czech Republic",2010,34.7216790918444,44.4367700448532,10
CZE,"Czech Republic",2011,35.0377126510913,44.4934607668571,10
CZE,"Czech Republic",2012,35.4050875926449,45.5352880671761,10
CZE,"Czech Republic",2013,34.0702289120203,43.6771036049908,10
CZE,"Czech Republic",2014,33.2536468146641,43.2443719218856,10
CZE,"Czech Republic",2015,36.4427332822121,46.9876731293362,10
CZE,"Czech Republic",2016,34.6293044103586,44.8347783615064,10
CZE,"Czech Republic",2017,35.8568144551797,44.6338532165542,10
CZE,"Czech Republic",2018,40.2643147395617,51.8893971605388,10
CZE,"Czech Republic",2019,37.5865501461977,47.6004058499544,10
CZE,"Czech Republic",2020,35.0059841229091,44.4890841998083,10
CZE,"Czech Republic",2021,34.9796896603453,43.2578886892886,10
CZE,"Czech Republic",2022,37.6420802300411,48.0287304324257,10
CIV,"Côte d'Ivoire",1990,44.915678809369,44.9667813564661,28
CIV,"Côte d'Ivoire",1991,28.395680474298,30.6214496677886,28
CIV,"Côte d'Ivoire",1992,29.2452161551442,32.2144906573614,28
CIV,"Côte d'Ivoire",1993,28.1247553090745,31.8267922110482,28
CIV,"Côte d'Ivoire",1994,27.5445416571258,31.1748544251589,28
CIV,"Côte d'Ivoire",1995,28.9545636522336,30.8991737307252,28
CIV,"Côte d'Ivoire",1996,29.0518763893112,37.1315621187381,28
CIV,"Côte d'Ivoire",1997,32.4870655035102,36.6564893782917,28
CIV,"Côte d'Ivoire",1998,31.6767271901691,34.9370252098374,28
CIV,"Côte d'Ivoire",1999,31.2225294846472,36.5412028096883,28
CIV,"Côte d'Ivoire",2000,31.7131455945623,34.6576455152385,28
CIV,"Côte d'Ivoire",2001,29.6672788438738,32.2304264710957,28
CIV,"Côte d'Ivoire",2002,29.8608069941923,33.7205100560925,28
CIV,"Côte d'Ivoire",2003,30.9828849195607,34.6097587150533,28
CIV,"Côte d'Ivoire",2004,30.3607077265582,33.1497016234177,28
CIV,"Côte d'Ivoire",2005,27.4229400817202,31.3642823831999,28
CIV,"Côte d'Ivoire",2006,27.3889457410922,29.0968188303873,28
CIV,"Côte d'Ivoire",2007,26.8354950467085,29.8669242894572,28
CIV,"Côte d'Ivoire",2008,28.4015961995181,31.4375517478203,28
CIV,"Côte d'Ivoire",2009,28.1374530168502,30.8668248017599,28
CIV,"Côte d'Ivoire",2010,28.2254756770017,33.5693471911018,28
CIV,"Côte d'Ivoire",2011,29.8594152828434,33.7454446071921,28
CIV,"Côte d'Ivoire",2012,29.9046606112508,33.9820758259544,28
CIV,"Côte d'Ivoire",2013,27.6125659438408,32.7705248177956,28
CIV,"Côte d'Ivoire",2014,26.712332071184,31.6699974028189,28
CIV,"Côte d'Ivoire",2015,30.6816422641512,35.4268817385806,28
CIV,"Côte d'Ivoire",2016,29.6264123057489,34.1909220987624,28
CIV,"Côte d'Ivoire",2017,30.9683818839733,34.3726538360274,28
CIV,"Côte d'Ivoire",2018,29.6789009539185,33.4137544868234,28
CIV,"Côte d'Ivoire",2019,30.5877512516276,34.5734526870985,28
CIV,"Côte d'Ivoire",2020,29.8493743419387,33.04590631098,28
CIV,"Côte d'Ivoire",2021,29.6271022164782,32.8217834875783,28
CIV,"Côte d'Ivoire",2022,36.1272657107321,36.4459836074973,28
PRK,"Democratic People's Republic of Korea",1990,35.4864200140901,39.2491920504976,16
PRK,"Democratic People's Republic of Korea",1991,32.1757669827926,38.961372198993,16
PRK,"Democratic People's Republic of Korea",1992,31.1289551549451,36.8935188343033,16
PRK,"Democratic People's Republic of Korea",1993,35.2003141809572,42.1596262277247,16
PRK,"Democratic People's Republic of Korea",1994,34.3536143795465,41.3928740144091,16
PRK,"Democratic People's Republic of Korea",1995,34.0923624815527,39.866009242854,16
PRK,"Democratic People's Republic of Korea",1996,36.5615697792696,44.3084735242556,16
PRK,"Democratic People's Republic of Korea",1997,38.7381984176521,47.5513659735903,16
PRK,"Democratic People's Republic of Korea",1998,38.8114424834002,46.1280425425426,16
PRK,"Democratic People's Republic of Korea",1999,37.4745297329065,45.0687447719377,16
PRK,"Democratic People's Republic of Korea",2000,38.0846393084725,45.909939666053,16
PRK,"Democratic People's Republic of Korea",2001,36.1576598102385,40.2408078682681,16
PRK,"Democratic People's Republic of Korea",2002,40.5521838858222,46.9307047408855,16
PRK,"Democratic People's Republic of Korea",2003,39.0685394113074,47.5887133934549,16
PRK,"Democratic People's Republic of Korea",2004,38.3824708904819,45.8329929639021,16
PRK,"Democratic People's Republic of Korea",2005,37.0840502073582,44.5187870632949,16
PRK,"Democratic People's Republic of Korea",2006,36.6627652890806,45.2822056075553,16
PRK,"Democratic People's Republic of Korea",2007,34.605479402027,43.275426525807,16
PRK,"Democratic People's Republic of Korea",2008,37.2801000817413,44.3073025446613,16
PRK,"Democratic People's Republic of Korea",2009,38.4529636567306,48.1139961788811,16
PRK,"Democratic People's Republic of Korea",2010,35.7708471893709,43.6608363285498,16
PRK,"Democratic People's Republic of Korea",2011,37.600289630837,44.5314712541979,16
PRK,"Democratic People's Republic of Korea",2012,40.26221613952,49.668339485923,16
PRK,"Democratic People's Republic of Korea",2013,39.6974634926111,48.6029343883931,16
PRK,"Democratic People's Republic of Korea",2014,43.7988505823631,54.4272696132836,16
PRK,"Democratic People's Republic of Korea",2015,42.7241271639903,53.4075140333587,16
PRK,"Democratic People's Republic of Korea",2016,41.9447452274397,51.3034199612025,16
PRK,"Democratic People's Republic of Korea",2017,41.2256918800316,50.0671160548171,16
PRK,"Democratic People's Republic of Korea",2018,40.9202656670106,49.1581256504457,16
PRK,"Democratic People's Republic of Korea",2019,43.221966366506,52.1564367424256,16
PRK,"Democratic People's Republic of Korea",2020,41.7883968307433,49.2590898187926,16
PRK,"Democratic People's Republic of Korea",2021,42.941624786053,51.089145835236,16
PRK,"Democratic People's Republic of Korea",2022,43.3355758238693,50.2978684312448,16
COD,"Democratic Republic of the Congo",1990,37.854162106005,38.6202457842994,191
COD,"Democratic Republic of the Congo",1991,32.3626415753437,40.1614996339875,191
COD,"Democratic Republic of the Congo",1992,32.9550522157629,41.5916086477623,191
COD,"Democratic Republic of the Congo",1993,31.0632309505489,39.9947882667835,191
COD,"Democratic Republic of the Congo",1994,29.9289628407373,37.53170615464,191
COD,"Democratic Republic of the Congo",1995,33.1847028288296,40.9914154039714,191
COD,"Democratic Republic of the Congo",1996,32.294317561042,41.0926112423484,191
COD,"Democratic Republic of the Congo",1997,33.5392455373921,40.1032743755214,191
COD,"Democratic Republic of the Congo",1998,32.654672030066,41.7340078847287,191
COD,"Democratic Republic of the Congo",1999,28.97804422836,35.1761581329031,191
COD,"Democratic Republic of the Congo",2000,28.7105364070008,38.7637767581475,191
COD,"Democratic Republic of the Congo",2001,30.0744054912924,37.2400655342425,191
COD,"Democratic Republic of the Congo",2002,30.3285595936061,39.3145143433705,191
COD,"Democratic Republic of the Congo",2003,34.902135400118,44.8175493504136,191
COD,"Democratic Republic of the Congo",2004,24.6982405257842,28.572240172925,191
COD,"Democratic Republic of the Congo",2005,35.3586992998814,42.8738544072184,191
COD,"Democratic Republic of the Congo",2006,30.278423066258,36.9148785002181,191
COD,"Democratic Republic of the Congo",2007,30.2839799819267,37.2050966909968,191
COD,"Democratic Republic of the Congo",2008,29.4185976103919,34.5863979454584,191
COD,"Democratic Republic of the Congo",2009,30.4805793967258,37.0935924482476,191
COD,"Democratic Republic of the Congo",2010,29.6890921998225,34.9255994628309,191
COD,"Democratic Republic of the Congo",2011,37.4451002318601,46.1233157666219,191
COD,"Democratic Republic of the Congo",2012,33.5633956837219,41.145210202872,191
COD,"Democratic Republic of the Congo",2013,29.5808473084561,38.2452100774125,191
COD,"Democratic Republic of the Congo",2014,35.1402095969186,43.4303408334366,191
COD,"Democratic Republic of the Congo",2015,36.6210118505262,43.4980720475443,191
COD,"Democratic Republic of the Congo",2016,36.4480281616805,43.3669337869377,191
COD,"Democratic Republic of the Congo",2017,35.0592393941548,41.3923331098109,191
COD,"Democratic Republic of the Congo",2018,38.2467644270245,43.7782345642422,191
COD,"Democratic Republic of the Congo",2019,36.2350691663293,43.3594030294915,191
COD,"Democratic Republic of the Congo",2020,32.8715269044021,38.5581596872094,191
COD,"Democratic Republic of the Congo",2021,38.0266549553679,44.9920610695586,191
COD,"Democratic Republic of the Congo",2022,37.3536494929668,37.7452348625645,191
DNK,"Denmark",1990,31.3487387582189,39.7789486152688,16
DNK,"Denmark",1991,32.209771009511,39.306761302425,16
DNK,"Denmark",1992,34.4948273826466,44.4591679339904,16
DNK,"Denmark",1993,31.8069423966286,39.8043474133937,16
DNK,"Denmark",1994,33.9774891994829,42.6462525763495,16
DNK,"Denmark",1995,33.7132785516138,41.8760106949769,16
DNK,"Denmark",1996,33.8044114979356,41.9600423207701,16
DNK,"Denmark",1997,34.0649358279954,42.2405965528031,16
DNK,"Denmark",1998,32.7913811251243,38.8522440715671,16
DNK,"Denmark",1999,35.7426448433575,42.9306261000251,16
DNK,"Denmark",2000,33.4454698554703,41.1327655917876,16
DNK,"Denmark",2001,32.9898167317099,39.7156897359689,16
DNK,"Denmark",2002,34.7242440290703,42.4601741559435,16
DNK,"Denmark",2003,35.5803270827456,43.5975127215536,16
DNK,"Denmark",2004,33.7493136258352,39.8764322951906,16
DNK,"Denmark",2005,32.3237573241182,38.8349008513523,16
DNK,"Denmark",2006,34.3719560022965,42.4666129824069,16
DNK,"Denmark",2007,33.4640219887911,39.5367004324427,16
DNK,"Denmark",2008,32.5312393215574,40.0667991381615,16
DNK,"Denmark",2009,32.4821110251111,39.8397067249266,16
DNK,"Denmark",2010,33.2529460874667,38.9298327746015,16
DNK,"Denmark",2011,33.1395716088412,39.6756790566769,16
DNK,"Denmark",2012,33.7071758384175,39.4536315055611,16
DNK,"Denmark",2013,32.7499089849458,38.7015218845189,16
DNK,"Denmark",2014,32.8413407124814,39.5094233826066,16
DNK,"Denmark",2015,32.8408664867435,37.3795046698877,16
DNK,"Denmark",2016,32.8088292329126,38.5330956715761,16
DNK,"Denmark",2017,32.3372358326377,36.8054284312611,16
DNK,"Denmark",2018,35.410765387219,42.4408449376338,16
DNK,"Denmark",2019,34.7197617131715,41.0283254421238,16
DNK,"Denmark",2020,34.6156590080444,39.4998608623456,16
DNK,"Denmark",2021,34.1503844019177,39.4265337432525,16
DNK,"Denmark",2022,35.86915277748,41.1776461695507,16
DJI,"Djibouti",1990,38.1728799731142,38.2239825202113,3
DJI,"Djibouti",1991,27.9512492531478,33.3651966635324,3
DJI,"Djibouti",1992,25.2248183543353,32.2505240198624,3
DJI,"Djibouti",1993,26.2630213512064,38.3176183367912,3
DJI,"Djibouti",1994,27.211643146678,33.3320741549935,3
DJI,"Djibouti",1995,28.9987102743298,33.9088137337477,3
DJI,"Djibouti",1996,28.3173638066657,34.3822025863066,3
DJI,"Djibouti",1997,33.2121383395765,36.4755594909138,3
DJI,"Djibouti",1998,32.6059134616322,34.2064192144692,3
DJI,"Djibouti",1999,29.3911662691396,33.2616259527202,3
DJI,"Djibouti",2000,34.0256386261472,36.6270842970562,3
DJI,"Djibouti",2001,31.2452406529483,32.6595382946711,3
DJI,"Djibouti",2002,33.0258725422055,37.6284858150904,3
DJI,"Djibouti",2003,38.2132946254642,41.638263497804,3
DJI,"Djibouti",2004,33.7488533110746,38.7622152048401,3
DJI,"Djibouti",2005,37.2426291468071,41.4957774281282,3
DJI,"Djibouti",2006,29.2565457334198,31.5773406902912,3
DJI,"Djibouti",2007,32.0049222976761,35.5953419620575,3
DJI,"Djibouti",2008,35.7626083230654,37.5635273042516,3
DJI,"Djibouti",2009,35.7815346836499,40.2130718984207,3
DJI,"Djibouti",2010,38.3396925127885,41.1454336694657,3
DJI,"Djibouti",2011,43.0124940850295,46.7208550325547,3
DJI,"Djibouti",2012,38.4915444450296,42.2355308713896,3
DJI,"Djibouti",2013,35.7785770373518,38.3598139700053,3
DJI,"Djibouti",2014,33.8588525672936,36.761609942591,3
DJI,"Djibouti",2015,36.5814495534711,39.1697810455349,3
DJI,"Djibouti",2016,43.859260398817,49.3352246814188,3
DJI,"Djibouti",2017,38.520164676201,40.1681317514854,3
DJI,"Djibouti",2018,29.9743594299277,32.6612699403067,3
DJI,"Djibouti",2019,34.8434618395916,39.1484865792291,3
DJI,"Djibouti",2020,39.1896334068818,41.8415169685481,3
DJI,"Djibouti",2021,29.7564767148602,34.5960007084068,3
DJI,"Djibouti",2022,36.4625278886939,36.882288014557,3
DOM,"Dominican Republic",1990,30.6008998888783,33.6308889631218,10
DOM,"Dominican Republic",1991,32.0871760623496,35.200624106762,10
DOM,"Dominican Republic",1992,28.8037059866728,33.1059693415525,10
DOM,"Dominican Republic",1993,31.2848137018714,34.8151481549876,10
DOM,"Dominican Republic",1994,32.4997486833176,35.866533711571,10
DOM,"Dominican Republic",1995,33.4308252964931,37.9747632223136,10
DOM,"Dominican Republic",1996,33.7998979121835,38.2550699067615,10
DOM,"Dominican Republic",1997,33.3521222230562,37.1744268389757,10
DOM,"Dominican Republic",1998,34.6511877848092,38.252478503195,10
DOM,"Dominican Republic",1999,33.7819734760329,36.5021442608137,10
DOM,"Dominican Republic",2000,32.7291304239934,36.7786610478449,10
DOM,"Dominican Republic",2001,28.7026628350823,32.0461322975199,10
DOM,"Dominican Republic",2002,32.6567522537,36.3538739635956,10
DOM,"Dominican Republic",2003,31.1233846978906,35.3029384817282,10
DOM,"Dominican Republic",2004,27.7363971386906,33.5582511003493,10
DOM,"Dominican Republic",2005,25.7897609858131,29.7167857733579,10
DOM,"Dominican Republic",2006,25.8177948183409,31.0232741628941,10
DOM,"Dominican Republic",2007,26.9486765069659,30.7327689932482,10
DOM,"Dominican Republic",2008,28.1755736929137,31.5639013524241,10
DOM,"Dominican Republic",2009,26.1521835794959,30.1936842407137,10
DOM,"Dominican Republic",2010,27.7971974904648,31.7511878440255,10
DOM,"Dominican Republic",2011,26.2203470910898,30.4158957173223,10
DOM,"Dominican Republic",2012,27.6294313686556,30.6521452848675,10
DOM,"Dominican Republic",2013,29.5754298499059,34.9373811539997,10
DOM,"Dominican Republic",2014,50.1270321391058,55.4417995108727,10
DOM,"Dominican Republic",2015,28.859151049981,32.6993720394934,10
DOM,"Dominican Republic",2016,30.3455194069532,33.2252499107446,10
DOM,"Dominican Republic",2017,28.7790857026437,33.7358316124053,10
DOM,"Dominican Republic",2018,33.2367076694957,37.0670782574708,10
DOM,"Dominican Republic",2019,29.1985091899676,32.0411470629225,10
DOM,"Dominican Republic",2020,26.9138212133998,31.6382011678407,10
DOM,"Dominican Republic",2021,32.0463743727393,34.4842074383233,10
DOM,"Dominican Republic",2022,25.3106926251627,27.2176865344291,10
ECU,"Ecuador",1990,30.480980374303,30.5320829214001,32
ECU,"Ecuador",1991,27.2734009674849,30.4452654275817,32
ECU,"Ecuador",1992,26.3802904814981,29.15018599343,32
ECU,"Ecuador",1993,27.050176398054,30.4578770248381,32
ECU,"Ecuador",1994,27.0791037642999,30.000759609986,32
ECU,"Ecuador",1995,27.3566711632716,29.3819487713454,32
ECU,"Ecuador",1996,29.2697969771001,32.7503297453286,32
ECU,"Ecuador",1997,29.6763271542971,31.5794237973944,32
ECU,"Ecuador",1998,29.8416825115573,31.95716561919,32
ECU,"Ecuador",1999,27.7106554397528,29.5533486639926,32
ECU,"Ecuador",2000,27.9054247557374,29.6192260968894,32
ECU,"Ecuador",2001,21.5685026386989,24.2637758240707,32
ECU,"Ecuador",2002,28.3371409006766,30.3961692649985,32
ECU,"Ecuador",2003,25.8554064882681,27.7987508532355,32
ECU,"Ecuador",2004,24.6839123681474,28.0348535987583,32
ECU,"Ecuador",2005,25.2826878581294,28.9231445938039,32
ECU,"Ecuador",2006,23.4194227881087,27.1678169121183,32
ECU,"Ecuador",2007,22.5634930232215,25.538704932654,32
ECU,"Ecuador",2008,23.1735550226583,25.2671464734739,32
ECU,"Ecuador",2009,24.1578284311761,26.0190590234581,32
ECU,"Ecuador",2010,24.3482389580828,26.4711105613753,32
ECU,"Ecuador",2011,22.5298458827082,24.816923135768,32
ECU,"Ecuador",2012,23.4668995053929,26.1689314489687,32
ECU,"Ecuador",2013,22.1473892904607,23.6814723455498,32
ECU,"Ecuador",2014,22.5167706724806,27.053750334615,32
ECU,"Ecuador",2015,22.7346021888158,24.8486058197993,32
ECU,"Ecuador",2016,23.6491243008354,25.6303997140999,32
ECU,"Ecuador",2017,22.5535596572722,25.2070499168302,32
ECU,"Ecuador",2018,24.6518917907876,25.7696141136959,32
ECU,"Ecuador",2019,24.014737166396,25.8524095002697,32
ECU,"Ecuador",2020,23.8951289692704,24.9954478783786,32
ECU,"Ecuador",2021,23.6509559170164,25.2648523897626,32
ECU,"Ecuador",2022,22.7768989573508,23.1337087033823,32
EGY,"Egypt",1990,40.0188012850729,46.9835676323736,109
EGY,"Egypt",1991,43.5239450688004,50.670733477942,109
EGY,"Egypt",1992,38.5517243325429,47.9245848328779,109
EGY,"Egypt",1993,43.6806925175647,53.3491249842428,109
EGY,"Egypt",1994,37.9919750633093,46.4366709614461,109
EGY,"Egypt",1995,43.3094418579716,52.29443046575,109
EGY,"Egypt",1996,43.3694441688816,52.4643551152365,109
EGY,"Egypt",1997,45.5282903532436,52.277452590106,109
EGY,"Egypt",1998,48.0565938753673,56.8554622111616,109
EGY,"Egypt",1999,48.3689229554464,55.9287012028166,109
EGY,"Egypt",2000,48.5349090388761,55.7668181241275,109
EGY,"Egypt",2001,45.7727857053596,53.0303193696215,109
EGY,"Egypt",2002,46.8557624019507,53.3781809245363,109
EGY,"Egypt",2003,48.1977475712244,56.5848268373847,109
EGY,"Egypt",2004,42.1170094322027,46.3372227565715,109
EGY,"Egypt",2005,48.5792233653238,53.2107292214535,109
EGY,"Egypt",2006,44.7324261673124,51.0179963664008,109
EGY,"Egypt",2007,47.1070961112642,52.706213736503,109
EGY,"Egypt",2008,46.3055761851926,50.55281269583,109
EGY,"Egypt",2009,47.0930771983064,52.2984006347403,109
EGY,"Egypt",2010,50.0938802947639,56.5273528516346,109
EGY,"Egypt",2011,46.9230909517766,53.0612017380525,109
EGY,"Egypt",2012,47.4389993221711,54.9650461991714,109
EGY,"Egypt",2013,44.4844535707664,51.5190525990957,109
EGY,"Egypt",2014,44.7327531258993,50.1508598313958,109
EGY,"Egypt",2015,46.3224784724217,52.9802923038203,109
EGY,"Egypt",2016,47.923468374231,55.0633619665092,109
EGY,"Egypt",2017,47.616738100891,56.3333480543541,109
EGY,"Egypt",2018,44.4125707374962,49.8059007540612,109
EGY,"Egypt",2019,45.0499056644609,52.9952617735073,109
EGY,"Egypt",2020,46.382310566003,53.7175416070986,109
EGY,"Egypt",2021,46.613105928671,52.8024023786238,109
EGY,"Egypt",2022,39.9251153583439,45.222875828686,109
SLV,"El Salvador",1990,39.452418501158,42.3038402144523,4
SLV,"El Salvador",1991,32.3530841799068,36.4497924019217,4
SLV,"El Salvador",1992,32.1705929064388,36.3283813858163,4
SLV,"El Salvador",1993,33.2632709525979,38.2693597673895,4
SLV,"El Salvador",1994,33.3208054325192,37.4880239952612,4
SLV,"El Salvador",1995,34.8515610637854,40.4320930205648,4
SLV,"El Salvador",1996,34.3563130171868,39.08146693274,4
SLV,"El Salvador",1997,33.7797012297746,37.7068906429042,4
SLV,"El Salvador",1998,37.3624293560335,45.161592547371,4
SLV,"El Salvador",1999,36.3696870000713,39.0720462123321,4
SLV,"El Salvador",2000,36.9785476050747,41.0564592001547,4
SLV,"El Salvador",2001,35.747304271379,37.9338644609807,4
SLV,"El Salvador",2002,35.9604509372305,38.5213673682644,4
SLV,"El Salvador",2003,35.5203529790831,38.3316305634202,4
SLV,"El Salvador",2004,36.7547708799867,39.3699705408062,4
SLV,"El Salvador",2005,34.0624908564917,37.52002603092,4
SLV,"El Salvador",2006,34.9186286107457,38.0794290713122,4
SLV,"El Salvador",2007,32.4396721627184,34.8168466798845,4
SLV,"El Salvador",2008,33.6005642059026,36.2421229709526,4
SLV,"El Salvador",2009,31.3223372667925,35.2279714156469,4
SLV,"El Salvador",2010,33.1498518305139,35.9177443851161,4
SLV,"El Salvador",2011,33.0210826460861,36.4567844040644,4
SLV,"El Salvador",2012,34.8008736561263,37.7632467979327,4
SLV,"El Salvador",2013,35.6934291539083,38.8722840211118,4
SLV,"El Salvador",2014,31.6140045539776,34.3153836197693,4
SLV,"El Salvador",2015,31.1238245724301,34.2919744879084,4
SLV,"El Salvador",2016,32.2810956115126,35.1100233771989,4
SLV,"El Salvador",2017,31.7165721324978,34.819508933671,4
SLV,"El Salvador",2018,32.3754711358782,35.3132589366685,4
SLV,"El Salvador",2019,33.599347474549,36.423486957266,4
SLV,"El Salvador",2020,32.2764643837126,35.0517204617809,4
SLV,"El Salvador",2021,30.5908432002866,33.5817434180374,4
SLV,"El Salvador",2022,34.1384546828074,36.2843992185033,4
GNQ,"Equatorial Guinea",1990,40.4853860284157,40.5443305393541,8
GNQ,"Equatorial Guinea",1991,26.0980730479624,30.1249240325193,8
GNQ,"Equatorial Guinea",1992,27.5261900995831,33.2491664380533,8
GNQ,"Equatorial Guinea",1993,26.2129199516025,33.4030095435911,8
GNQ,"Equatorial Guinea",1994,25.1985823788866,29.061201848761,8
GNQ,"Equatorial Guinea",1995,26.8460426270794,30.866969571237,8
GNQ,"Equatorial Guinea",1996,27.6221911523906,32.3106320394718,8
GNQ,"Equatorial Guinea",1997,28.2962671195198,32.483617445051,8
GNQ,"Equatorial Guinea",1998,27.8449065169432,32.1163632433124,8
GNQ,"Equatorial Guinea",1999,27.7202540376339,31.1616266919915,8
GNQ,"Equatorial Guinea",2000,29.9240462137613,36.0606407405271,8
GNQ,"Equatorial Guinea",2001,28.0169957125688,30.5103481070049,8
GNQ,"Equatorial Guinea",2002,27.8414369551644,30.6101424298025,8
GNQ,"Equatorial Guinea",2003,28.4895835291153,33.1898046701757,8
GNQ,"Equatorial Guinea",2004,26.7990499819585,28.80012140767,8
GNQ,"Equatorial Guinea",2005,25.9469404185266,27.5709887749591,8
GNQ,"Equatorial Guinea",2006,26.8090499489969,29.4114777659426,8
GNQ,"Equatorial Guinea",2007,26.7204098318486,28.312627894838,8
GNQ,"Equatorial Guinea",2008,26.0377649289993,27.5936176156925,8
GNQ,"Equatorial Guinea",2009,26.0955413778959,27.1204447888043,8
GNQ,"Equatorial Guinea",2010,25.162795334894,26.9274969775778,8
GNQ,"Equatorial Guinea",2011,26.9927491837759,28.520066454648,8
GNQ,"Equatorial Guinea",2012,26.1652920764539,29.5226545743868,8
GNQ,"Equatorial Guinea",2013,24.7551896110284,28.2669773190093,8
GNQ,"Equatorial Guinea",2014,23.7988736236237,27.0849791873271,8
GNQ,"Equatorial Guinea",2015,28.5936502758903,31.0352977928577,8
GNQ,"Equatorial Guinea",2016,28.9050298458548,31.0007767043961,8
GNQ,"Equatorial Guinea",2017,28.5402011113861,30.0425121233958,8
GNQ,"Equatorial Guinea",2018,28.1847522478735,29.4965098188595,8
GNQ,"Equatorial Guinea",2019,28.1757810140016,30.464027617202,8
GNQ,"Equatorial Guinea",2020,27.964559518662,31.1362309810884,8
GNQ,"Equatorial Guinea",2021,29.0612993182426,31.8891086862713,8
GNQ,"Equatorial Guinea",2022,37.9152959657844,37.9791344539751,8
ERI,"Eritrea",1990,38.174236436288,38.254759214928,14
ERI,"Eritrea",1991,29.984324490103,35.4962064188962,14
ERI,"Eritrea",1992,26.0577150954649,32.3659597899232,14
ERI,"Eritrea",1993,26.6576627344578,34.8567393232625,14
ERI,"Eritrea",1994,30.2635057493876,35.9352866521871,14
ERI,"Eritrea",1995,30.5976272137095,37.2045350532701,14
ERI,"Eritrea",1996,30.9777412976596,38.2451363273656,14
ERI,"Eritrea",1997,34.3420887791467,38.0793496456028,14
ERI,"Eritrea",1998,36.0364052540949,37.795453737761,14
ERI,"Eritrea",1999,34.2235338566477,38.1393355727496,14
ERI,"Eritrea",2000,38.0249514927537,40.6164609592227,14
ERI,"Eritrea",2001,34.1244740279765,36.9914793639772,14
ERI,"Eritrea",2002,36.3015372924549,40.4609716318404,14
ERI,"Eritrea",2003,40.4217960407421,44.997960160908,14
ERI,"Eritrea",2004,33.706978515865,37.2776578128172,14
ERI,"Eritrea",2005,37.7589468654064,41.9352706773172,14
ERI,"Eritrea",2006,33.8573214584817,37.5062121533671,14
ERI,"Eritrea",2007,37.1619054482794,39.5817318277398,14
ERI,"Eritrea",2008,38.3170120051432,41.6011040903129,14
ERI,"Eritrea",2009,41.3288776811283,44.4551426700168,14
ERI,"Eritrea",2010,43.6300429740744,47.4968733595849,14
ERI,"Eritrea",2011,44.3447671006552,47.8752976273136,14
ERI,"Eritrea",2012,39.953933425539,43.6663086745881,14
ERI,"Eritrea",2013,36.7395109963816,39.5197868075232,14
ERI,"Eritrea",2014,34.9248819813432,38.0159406365664,14
ERI,"Eritrea",2015,39.8400177298798,43.3714308505584,14
ERI,"Eritrea",2016,45.2316599122383,48.94589166564,14
ERI,"Eritrea",2017,41.8608133782993,44.8886467903187,14
ERI,"Eritrea",2018,31.3482371467733,34.268625316089,14
ERI,"Eritrea",2019,36.0597245974343,39.8965521949078,14
ERI,"Eritrea",2020,36.9920046817514,39.7920961014529,14
ERI,"Eritrea",2021,33.1241295017342,36.0087724834292,14
ERI,"Eritrea",2022,35.6256425251153,37.2665425410121,14
EST,"Estonia",1990,31.5129935722426,38.5098709642417,12
EST,"Estonia",1991,31.2169747663639,36.9379891310252,12
EST,"Estonia",1992,33.6611895479254,40.9460503005669,12
EST,"Estonia",1993,31.8752666387837,38.7635209308616,12
EST,"Estonia",1994,31.9612817643493,39.1230055843164,12
EST,"Estonia",1995,33.5108906150714,37.5185643810756,12
EST,"Estonia",1996,38.675265668503,47.2820493155445,12
EST,"Estonia",1997,33.8942842234332,40.8855800684325,12
EST,"Estonia",1998,34.0102280303627,39.0051894196596,12
EST,"Estonia",1999,35.8053035429363,42.8925992381997,12
EST,"Estonia",2000,31.989608941265,37.4507756996049,12
EST,"Estonia",2001,33.9169045789146,39.2431638564296,12
EST,"Estonia",2002,34.8917941085867,41.7358778910312,12
EST,"Estonia",2003,32.5022280928513,39.1718979766605,12
EST,"Estonia",2004,33.3875649218889,39.2166207884517,12
EST,"Estonia",2005,31.8034074730031,39.2050394520157,12
EST,"Estonia",2006,33.5821789244848,40.6359954274794,12
EST,"Estonia",2007,28.2959891215766,34.0108278016569,12
EST,"Estonia",2008,30.9441934103666,38.3435825330466,12
EST,"Estonia",2009,29.1763542710133,36.6914490446589,12
EST,"Estonia",2010,31.3440018423796,37.1208491247247,12
EST,"Estonia",2011,32.8148486615131,39.7366010249354,12
EST,"Estonia",2012,32.2471309004619,38.9681061545263,12
EST,"Estonia",2013,32.041324939115,37.4525087384124,12
EST,"Estonia",2014,28.8928908309937,34.9299603895555,12
EST,"Estonia",2015,32.156549434666,37.7308016847468,12
EST,"Estonia",2016,31.5563941591733,37.5039857749657,12
EST,"Estonia",2017,31.7236353816997,36.8790753647584,12
EST,"Estonia",2018,32.882580494945,39.5802429033988,12
EST,"Estonia",2019,32.560619144841,38.9960359670388,12
EST,"Estonia",2020,31.7488837648452,36.8889713220325,12
EST,"Estonia",2021,33.1457846654745,38.8112740646107,12
EST,"Estonia",2022,32.2958353006774,38.6775239119855,12
ETH,"Ethiopia",1990,38.157230481896,38.8874805229459,90
ETH,"Ethiopia",1991,29.7340305335693,33.2634635975526,90
ETH,"Ethiopia",1992,26.5729422458223,31.3439315253943,90
ETH,"Ethiopia",1993,26.1267364088237,33.4485192065584,90
ETH,"Ethiopia",1994,28.5937972254449,33.8316537193791,90
ETH,"Ethiopia",1995,28.6440670216033,32.4351335188378,90
ETH,"Ethiopia",1996,29.7219169782153,34.5260147262941,90
ETH,"Ethiopia",1997,31.4993154981184,35.2147065491456,90
ETH,"Ethiopia",1998,30.2159885183801,33.7158891998799,90
ETH,"Ethiopia",1999,29.0384434484456,32.3228098503821,90
ETH,"Ethiopia",2000,29.9306444224374,33.4949457091427,90
ETH,"Ethiopia",2001,29.4218486887896,32.0247868487692,90
ETH,"Ethiopia",2002,29.5915677867392,33.733499877564,90
ETH,"Ethiopia",2003,34.501416962773,40.064710068948,90
ETH,"Ethiopia",2004,31.1080877577098,35.6711232650429,90
ETH,"Ethiopia",2005,31.5029287809503,34.6065880605779,90
ETH,"Ethiopia",2006,28.8559689160558,31.6318338954149,90
ETH,"Ethiopia",2007,30.1761993221461,35.0044056778451,90
ETH,"Ethiopia",2008,32.7558565677862,36.0136215473385,90
ETH,"Ethiopia",2009,32.4626554248781,38.3312790404143,90
ETH,"Ethiopia",2010,35.2886821494045,40.0255030433168,90
ETH,"Ethiopia",2011,36.0780476115649,40.4120319621194,90
ETH,"Ethiopia",2012,34.3464578394522,38.0576750312296,90
ETH,"Ethiopia",2013,30.0910913073411,34.7960265177455,90
ETH,"Ethiopia",2014,32.8044286616085,37.3529352785165,90
ETH,"Ethiopia",2015,35.4035201230129,39.4842190365429,90
ETH,"Ethiopia",2016,38.2564681728837,41.2302279506923,90
ETH,"Ethiopia",2017,34.9290165827961,38.4888725932466,90
ETH,"Ethiopia",2018,29.7882763466794,33.3905489313912,90
ETH,"Ethiopia",2019,32.4474560591085,36.4054740374504,90
ETH,"Ethiopia",2020,32.9132846599881,36.1199071201315,90
ETH,"Ethiopia",2021,31.2295060584653,34.4493122150485,90
ETH,"Ethiopia",2022,36.772039267763,37.2295372725398,90
FLK,"Falkland Islands (Malvinas)",1990,26.8584798940645,26.9095824411617,12
FLK,"Falkland Islands (Malvinas)",1991,22.8125572815688,27.8385694643258,12
FLK,"Falkland Islands (Malvinas)",1992,23.5182854916153,28.8314850336745,12
FLK,"Falkland Islands (Malvinas)",1993,24.7968706710232,29.3517619676908,12
FLK,"Falkland Islands (Malvinas)",1994,22.994827676582,26.8293305555141,12
FLK,"Falkland Islands (Malvinas)",1995,24.2412146185594,26.4475759948656,12
FLK,"Falkland Islands (Malvinas)",1996,25.489778310414,29.5795022579181,12
FLK,"Falkland Islands (Malvinas)",1997,24.6812047318712,27.3450992795088,12
FLK,"Falkland Islands (Malvinas)",1998,24.0655206973772,26.0556720411702,12
FLK,"Falkland Islands (Malvinas)",1999,23.6071558624248,25.5095305491008,12
FLK,"Falkland Islands (Malvinas)",2000,22.4309702785437,26.8146468437663,12
FLK,"Falkland Islands (Malvinas)",2001,25.9570618397976,28.4466264558746,12
FLK,"Falkland Islands (Malvinas)",2002,26.1325383290888,28.8451986440189,12
FLK,"Falkland Islands (Malvinas)",2003,24.6543458577419,27.0366207142988,12
FLK,"Falkland Islands (Malvinas)",2004,22.077506596683,24.2755390178287,12
FLK,"Falkland Islands (Malvinas)",2005,22.316999030259,24.6823792049404,12
FLK,"Falkland Islands (Malvinas)",2006,22.3052015407715,24.9128617183693,12
FLK,"Falkland Islands (Malvinas)",2007,20.6007831633939,22.468150499367,12
FLK,"Falkland Islands (Malvinas)",2008,20.8696765152505,23.0464662435514,12
FLK,"Falkland Islands (Malvinas)",2009,21.5740520729296,24.6054924641194,12
FLK,"Falkland Islands (Malvinas)",2010,21.3970111826563,23.9007000560617,12
FLK,"Falkland Islands (Malvinas)",2011,21.7352242122293,24.4668279554663,12
FLK,"Falkland Islands (Malvinas)",2012,21.5194075330257,23.897901598468,12
FLK,"Falkland Islands (Malvinas)",2013,22.6287488579083,26.9869838780431,12
FLK,"Falkland Islands (Malvinas)",2014,20.8793249867761,25.5120817650475,12
FLK,"Falkland Islands (Malvinas)",2015,20.0820272655563,24.1358963240873,12
FLK,"Falkland Islands (Malvinas)",2016,22.3009069166401,25.0420240534962,12
FLK,"Falkland Islands (Malvinas)",2017,21.5327857371338,25.3836906999729,12
FLK,"Falkland Islands (Malvinas)",2018,22.9891707294846,26.4281141914603,12
FLK,"Falkland Islands (Malvinas)",2019,21.2052028648406,25.7800098499597,12
FLK,"Falkland Islands (Malvinas)",2020,21.6656891346571,24.8745364808278,12
FLK,"Falkland Islands (Malvinas)",2021,23.859836884509,27.0209092985172,12
FLK,"Falkland Islands (Malvinas)",2022,22.5205017693401,27.0140886108722,12
FRO,"Faroe Islands",1990,35.2733682129625,39.6229927667241,3
FRO,"Faroe Islands",1991,33.7281849735848,37.2720856301311,3
FRO,"Faroe Islands",1992,36.1582732894684,41.5991471988711,3
FRO,"Faroe Islands",1993,34.4698137616404,39.6386697504268,3
FRO,"Faroe Islands",1994,35.9268191999332,40.9260888317999,3
FRO,"Faroe Islands",1995,34.9716279547045,37.4963793493328,3
FRO,"Faroe Islands",1996,35.0577112479124,39.2978887200394,3
FRO,"Faroe Islands",1997,34.8577474874455,39.2961728206846,3
FRO,"Faroe Islands",1998,35.0267383071837,38.256957810846,3
FRO,"Faroe Islands",1999,38.3050589107947,42.1489435593379,3
FRO,"Faroe Islands",2000,34.6192206632105,38.8374358112314,3
FRO,"Faroe Islands",2001,34.4540760217978,39.5851395546823,3
FRO,"Faroe Islands",2002,36.3777072235109,40.5319164809209,3
FRO,"Faroe Islands",2003,37.7129802430623,42.4836136866868,3
FRO,"Faroe Islands",2004,39.387106878365,42.9581516081172,3
FRO,"Faroe Islands",2005,34.5363270436077,39.0074395657209,3
FRO,"Faroe Islands",2006,36.2277195586406,40.8775339601635,3
FRO,"Faroe Islands",2007,36.6409995475472,40.5563499059324,3
FRO,"Faroe Islands",2008,37.0896993283353,42.3049707829602,3
FRO,"Faroe Islands",2009,37.0213445158594,42.1970813875694,3
FRO,"Faroe Islands",2010,33.8212693771983,37.2116775068625,3
FRO,"Faroe Islands",2011,35.5523121747944,41.0197139265613,3
FRO,"Faroe Islands",2012,34.8874192763761,39.660854785406,3
FRO,"Faroe Islands",2013,35.668019880948,39.3769633864401,3
FRO,"Faroe Islands",2014,35.8076641200743,38.6018570821644,3
FRO,"Faroe Islands",2015,35.0153544319295,38.0060856049873,3
FRO,"Faroe Islands",2016,34.709822118822,38.8557392377182,3
FRO,"Faroe Islands",2017,34.9870217252572,38.4621941430602,3
FRO,"Faroe Islands",2018,37.2385694861638,41.2887010008849,3
FRO,"Faroe Islands",2019,38.3225928158431,43.580265930242,3
FRO,"Faroe Islands",2020,36.1351485222159,39.9290748888026,3
FRO,"Faroe Islands",2021,36.8433778586376,39.8245838883728,3
FRO,"Faroe Islands",2022,36.4790201155331,40.0748899616806,3
FJI,"Fiji",1990,25.4164809327339,25.4957198087134,21
FJI,"Fiji",1991,23.2796340523589,29.3020536828597,21
FJI,"Fiji",1992,22.5369254258258,27.760880625058,21
FJI,"Fiji",1993,24.4742592854824,29.8299837611434,21
FJI,"Fiji",1994,23.0709637950268,28.7045922642655,21
FJI,"Fiji",1995,23.6080880343283,26.0750165251354,21
FJI,"Fiji",1996,24.191583505502,29.9053430392131,21
FJI,"Fiji",1997,24.2458576082054,29.0547289743529,21
FJI,"Fiji",1998,23.4893002287676,28.1996724942315,21
FJI,"Fiji",1999,22.8530275660239,26.6771592369822,21
FJI,"Fiji",2000,23.7768603327943,27.5196546652727,21
FJI,"Fiji",2001,22.9730863265728,27.8817364360172,21
FJI,"Fiji",2002,24.794999537124,29.4978751585339,21
FJI,"Fiji",2003,23.2548356073911,25.4323374021289,21
FJI,"Fiji",2004,23.6044763692122,28.6736247497504,21
FJI,"Fiji",2005,23.9368409101782,27.6837100903019,21
FJI,"Fiji",2006,22.9713489519699,29.0436294034319,21
FJI,"Fiji",2007,21.5146356040681,25.2201000926777,21
FJI,"Fiji",2008,20.5841990748593,25.4507003978276,21
FJI,"Fiji",2009,23.0832690501358,27.6392692761443,21
FJI,"Fiji",2010,21.9894250536224,26.4796179086619,21
FJI,"Fiji",2011,20.9668842800808,25.7594167465176,21
FJI,"Fiji",2012,22.4436964905824,25.8454098518009,21
FJI,"Fiji",2013,24.7387168548423,28.7472260009835,21
FJI,"Fiji",2014,23.4483829798392,28.7312595291915,21
FJI,"Fiji",2015,22.7246779328894,25.159071136355,21
FJI,"Fiji",2016,21.5579459119883,23.912528981782,21
FJI,"Fiji",2017,21.3497040307419,23.5075659946331,21
FJI,"Fiji",2018,21.6872516708785,23.3051269208111,21
FJI,"Fiji",2019,23.2800774133933,24.1081259480079,21
FJI,"Fiji",2020,21.5379077049528,22.8664966304188,21
FJI,"Fiji",2021,22.6758679574979,26.9813204076,21
FJI,"Fiji",2022,22.0053871820121,22.0692256702029,21
FIN,"Finland",1990,30.6830651125649,36.577219116601,76
FIN,"Finland",1991,31.0588132704202,37.1517800840061,76
FIN,"Finland",1992,33.1612012880836,40.3147120136805,76
FIN,"Finland",1993,32.3542801552259,38.7809292875316,76
FIN,"Finland",1994,32.0490950730719,39.6578262086261,76
FIN,"Finland",1995,33.2194270766993,37.8419460757466,76
FIN,"Finland",1996,36.019870885505,43.948565294373,76
FIN,"Finland",1997,34.7072497653212,41.8937202950394,76
FIN,"Finland",1998,34.5958763977506,40.2257050770979,76
FIN,"Finland",1999,35.8210607317378,43.0471736237522,76
FIN,"Finland",2000,32.5832270687249,39.119680799744,76
FIN,"Finland",2001,33.5298429603551,39.2366824361808,76
FIN,"Finland",2002,36.1045240650365,42.535965281729,76
FIN,"Finland",2003,33.5987628467611,40.5863692012666,76
FIN,"Finland",2004,33.3765058711845,39.8368979489074,76
FIN,"Finland",2005,32.6950844219865,39.447295381772,76
FIN,"Finland",2006,32.8620045147414,39.9314450142171,76
FIN,"Finland",2007,30.2240901450612,35.863087516454,76
FIN,"Finland",2008,30.417557512936,37.4432624499508,76
FIN,"Finland",2009,29.4659177966055,36.1607531136663,76
FIN,"Finland",2010,31.2218437118476,37.0197134445928,76
FIN,"Finland",2011,31.3725828414401,37.639429463456,76
FIN,"Finland",2012,30.0283561323403,36.5703256586754,76
FIN,"Finland",2013,31.4046301233807,37.2120046260345,76
FIN,"Finland",2014,30.6793918584518,36.4614798167658,76
FIN,"Finland",2015,30.892558064367,35.2254195543367,76
FIN,"Finland",2016,30.806239223463,35.7079674604235,76
FIN,"Finland",2017,30.5792574625939,35.434321668843,76
FIN,"Finland",2018,31.7613352564439,37.887344541854,76
FIN,"Finland",2019,31.9002194259874,37.3916561754357,76
FIN,"Finland",2020,30.7322015100939,35.168458467706,76
FIN,"Finland",2021,32.7906194080678,38.5851259869722,76
FIN,"Finland",2022,33.4934294027254,39.0704467102843,76
FRA,"France",1990,33.5558607220045,43.8887309568573,81
FRA,"France",1991,34.0106394129669,44.3888133261515,81
FRA,"France",1992,30.6878738493686,41.1567154498166,81
FRA,"France",1993,30.7568551241066,40.0436737098053,81
FRA,"France",1994,34.0220677235818,43.9736661899586,81
FRA,"France",1995,34.9477935491159,45.9483807385372,81
FRA,"France",1996,34.588361584406,44.3380714039522,81
FRA,"France",1997,32.3887150898115,43.1732095835253,81
FRA,"France",1998,32.8239923312998,42.251189977804,81
FRA,"France",1999,32.961874305121,42.35037038275,81
FRA,"France",2000,32.0547382700098,40.5299883603219,81
FRA,"France",2001,33.171435594423,43.5840823544205,81
FRA,"France",2002,34.3246043956588,43.379443371093,81
FRA,"France",2003,38.6192158001786,51.2671010487966,81
FRA,"France",2004,34.762037500441,44.4157758360975,81
FRA,"France",2005,34.8828618652614,44.2109131707811,81
FRA,"France",2006,34.9749131099932,45.5639962874567,81
FRA,"France",2007,33.0773628438419,41.512450528565,81
FRA,"France",2008,33.824231868036,42.5510733281046,81
FRA,"France",2009,34.8661358886378,43.1727811021134,81
FRA,"France",2010,34.8526802582681,43.4070551683809,81
FRA,"France",2011,35.2018902381757,43.7932949793846,81
FRA,"France",2012,33.9158045900916,41.6430372855636,81
FRA,"France",2013,34.5439984071677,44.5717357741757,81
FRA,"France",2014,66.6549040758279,81.3080161229824,81
FRA,"France",2015,35.9828387049823,43.6961721093297,81
FRA,"France",2016,32.9984990409879,40.5018259149994,81
FRA,"France",2017,35.3731026501385,42.3920404495407,81
FRA,"France",2018,37.1140676875633,46.1480026921617,81
FRA,"France",2019,34.7405324360821,42.0420126514341,81
FRA,"France",2020,35.7863028822413,43.0013894598523,81
FRA,"France",2021,34.9063810899097,40.6752751596722,81
FRA,"France",2022,40.2464928120885,47.407021854995,81
GUF,"French Guiana",1990,23.0040494077504,26.54164247794,9
GUF,"French Guiana",1991,26.644264844157,28.9775904658115,9
GUF,"French Guiana",1992,26.8575234092954,28.7760775780067,9
GUF,"French Guiana",1993,28.9375000811884,32.4548527997852,9
GUF,"French Guiana",1994,26.1338533660583,27.865931198656,9
GUF,"French Guiana",1995,25.4741669620735,28.5582091943735,9
GUF,"French Guiana",1996,28.1298682999629,31.5497046689711,9
GUF,"French Guiana",1997,28.1068633466376,29.4084808532676,9
GUF,"French Guiana",1998,26.3767428868323,28.6192974307683,9
GUF,"French Guiana",1999,27.1666292659875,28.0728642046508,9
GUF,"French Guiana",2000,25.8602528434547,28.9780970371159,9
GUF,"French Guiana",2001,20.9586170057786,24.3418178270296,9
GUF,"French Guiana",2002,26.0529453461607,29.2802760726072,9
GUF,"French Guiana",2003,24.380090887552,27.7977028172732,9
GUF,"French Guiana",2004,23.0337086598632,25.8927922107832,9
GUF,"French Guiana",2005,21.8930286795611,23.5873456926712,9
GUF,"French Guiana",2006,20.5391505006654,23.4792294518483,9
GUF,"French Guiana",2007,18.7702337004994,22.0634069390019,9
GUF,"French Guiana",2008,21.0470041864701,23.8560243216191,9
GUF,"French Guiana",2009,19.6970053424977,20.6408317197688,9
GUF,"French Guiana",2010,20.7076477995089,22.8046708578961,9
GUF,"French Guiana",2011,18.9836337559748,20.8144035193936,9
GUF,"French Guiana",2012,19.0597941333732,22.8364087232162,9
GUF,"French Guiana",2013,22.3880293449734,26.2410080011,9
GUF,"French Guiana",2014,24.6116834189504,28.5254254137652,9
GUF,"French Guiana",2015,20.2935033366183,21.9524559193492,9
GUF,"French Guiana",2016,18.7685710118417,20.4355315806695,9
GUF,"French Guiana",2017,20.0025949146076,22.0183077649655,9
GUF,"French Guiana",2018,23.1069523325107,23.9193452073606,9
GUF,"French Guiana",2019,22.8558254966587,24.7778199588486,9
GUF,"French Guiana",2020,21.0287495722889,22.3278041396481,9
GUF,"French Guiana",2021,21.2978428721652,23.3556556883305,9
GUF,"French Guiana",2022,22.6813999505178,23.0602512528149,9
PYF,"French Polynesia",1990,15.9784666351244,16.1845861772623,27
PYF,"French Polynesia",1991,22.1969246508807,28.4185800196463,27
PYF,"French Polynesia",1992,21.4156978275243,29.0478947979424,27
PYF,"French Polynesia",1993,25.053736248463,30.6539661031722,27
PYF,"French Polynesia",1994,23.5394021000524,26.0918236750373,27
PYF,"French Polynesia",1995,22.5565738401912,25.9609086815818,27
PYF,"French Polynesia",1996,25.8268841080992,29.6693467399473,27
PYF,"French Polynesia",1997,25.6612356236005,27.9106689100538,27
PYF,"French Polynesia",1998,23.1773241634542,27.7734837779338,27
PYF,"French Polynesia",1999,22.1708793703254,24.585992332947,27
PYF,"French Polynesia",2000,22.1468805195884,26.12183433651,27
PYF,"French Polynesia",2001,23.3874004147304,26.307309228772,27
PYF,"French Polynesia",2002,25.7473992206373,28.1499984324527,27
PYF,"French Polynesia",2003,22.4342264571601,25.2819795977618,27
PYF,"French Polynesia",2004,22.7820916320962,26.3643311900149,27
PYF,"French Polynesia",2005,23.1523062802725,27.368234507494,27
PYF,"French Polynesia",2006,20.5645053676639,24.7045709615858,27
PYF,"French Polynesia",2007,21.2624377043835,24.4363569315128,27
PYF,"French Polynesia",2008,20.0698967457117,23.5153833643322,27
PYF,"French Polynesia",2009,20.6800194723231,24.8617514839686,27
PYF,"French Polynesia",2010,21.7523831745222,26.4932296550545,27
PYF,"French Polynesia",2011,22.0089605219177,24.9038337828185,27
PYF,"French Polynesia",2012,20.3648398467469,23.7575774570433,27
PYF,"French Polynesia",2013,22.2997610207274,26.7491378619569,27
PYF,"French Polynesia",2014,23.8737415565445,28.7290588960378,27
PYF,"French Polynesia",2015,22.5673195078961,25.0531861544192,27
PYF,"French Polynesia",2016,22.8265265863186,24.9818639591711,27
PYF,"French Polynesia",2017,23.9615255593276,26.5145222415481,27
PYF,"French Polynesia",2018,24.2542367706605,26.3573328682783,27
PYF,"French Polynesia",2019,24.3346169185983,24.8960492115252,27
PYF,"French Polynesia",2020,25.204572098559,26.8475977979734,27
PYF,"French Polynesia",2021,25.9652359493352,31.5793432368702,27
PYF,"French Polynesia",2022,37.4395258744182,37.503364362609,27
GAB,"Gabon",1990,40.1844205001933,40.2355230472904,25
GAB,"Gabon",1991,26.794937037183,31.1351676295335,25
GAB,"Gabon",1992,27.7253296187245,33.9486106934598,25
GAB,"Gabon",1993,26.1309724010632,32.5821882214743,25
GAB,"Gabon",1994,26.3275505715586,31.6962529350903,25
GAB,"Gabon",1995,29.198357228408,34.3888707415086,25
GAB,"Gabon",1996,28.4215954095484,34.4643517822246,25
GAB,"Gabon",1997,28.771420873689,32.6393259788928,25
GAB,"Gabon",1998,28.4925902405619,31.9001507435201,25
GAB,"Gabon",1999,28.7245559707009,33.5028146600009,25
GAB,"Gabon",2000,32.2638175012521,38.7508059473874,25
GAB,"Gabon",2001,28.818317589406,32.6717213555341,25
GAB,"Gabon",2002,28.4596685870568,32.389865229164,25
GAB,"Gabon",2003,29.5667674567316,34.7967055468953,25
GAB,"Gabon",2004,25.2875109567988,28.0585128030886,25
GAB,"Gabon",2005,26.7976868030014,29.626661441677,25
GAB,"Gabon",2006,25.4190107361068,29.2046694457469,25
GAB,"Gabon",2007,26.9479623148507,30.1059135029998,25
GAB,"Gabon",2008,25.5389305306623,27.9368862768016,25
GAB,"Gabon",2009,27.5364860359451,29.8295628102557,25
GAB,"Gabon",2010,26.7963289770098,29.2874133645564,25
GAB,"Gabon",2011,29.3453011402627,32.8858404135123,25
GAB,"Gabon",2012,28.5111639023111,33.5788976920416,25
GAB,"Gabon",2013,27.2067837736579,32.3322829004164,25
GAB,"Gabon",2014,26.9882891429299,31.3675298675861,25
GAB,"Gabon",2015,29.4177112654809,33.0923553847552,25
GAB,"Gabon",2016,30.1298326577083,34.1783636589026,25
GAB,"Gabon",2017,29.0060869276471,31.156243340259,25
GAB,"Gabon",2018,29.95987627324,31.4210199230199,25
GAB,"Gabon",2019,28.7757433047689,31.3601596827876,25
GAB,"Gabon",2020,28.6720252199404,30.9637480769149,25
GAB,"Gabon",2021,29.510795413741,33.1804960031356,25
GAB,"Gabon",2022,37.7758802544525,37.8397187426433,25
GEO,"Georgia",1990,38.0718875608512,40.9187274435525,7
GEO,"Georgia",1991,27.5068620077922,37.8100122996467,7
GEO,"Georgia",1992,24.676747203522,32.1778369680688,7
GEO,"Georgia",1993,25.5251640709521,35.3434006696786,7
GEO,"Georgia",1994,33.450035743031,39.3994354323735,7
GEO,"Georgia",1995,34.3155092018225,43.2320096161047,7
GEO,"Georgia",1996,33.8594789445175,43.63131471585,7
GEO,"Georgia",1997,33.0140000636979,41.5021629339176,7
GEO,"Georgia",1998,28.1766737283562,32.2065938429761,7
GEO,"Georgia",1999,26.5189300700798,32.4539349967209,7
GEO,"Georgia",2000,17.7990685892826,24.7529114898505,7
GEO,"Georgia",2001,32.5746470983268,39.5011677360038,7
GEO,"Georgia",2002,40.9905708904559,51.6971132068461,7
GEO,"Georgia",2003,42.4542315789464,57.0779803145811,7
GEO,"Georgia",2004,39.5910539472148,49.5657796738282,7
GEO,"Georgia",2005,34.8599065574933,40.531997312338,7
GEO,"Georgia",2006,38.8632817603004,44.0304853363963,7
GEO,"Georgia",2007,46.9354435932618,53.8272776092855,7
GEO,"Georgia",2008,44.8773286147705,49.6396973936649,7
GEO,"Georgia",2009,40.571216941788,48.37171207865,7
GEO,"Georgia",2010,33.4772063485695,41.7744090552256,7
GEO,"Georgia",2011,30.840613587708,37.3555560567098,7
GEO,"Georgia",2012,34.4093574745165,41.9252713565269,7
GEO,"Georgia",2013,26.4126616799277,29.5967990487847,7
GEO,"Georgia",2014,21.5668737776728,26.4680755940926,7
GEO,"Georgia",2015,28.0715388549464,34.3945413214683,7
GEO,"Georgia",2016,24.7711924687543,30.6013574200703,7
GEO,"Georgia",2017,23.1671318311063,27.710401139037,7
GEO,"Georgia",2018,21.7648450798299,24.9684545898605,7
GEO,"Georgia",2019,31.019345055505,35.5877235914491,7
GEO,"Georgia",2020,27.1594545321525,32.1993431187272,7
GEO,"Georgia",2021,34.7322678417374,41.2716434459562,7
GEO,"Georgia",2022,39.9117106376818,42.9677846938256,7
DEU,"Germany",1990,28.3799722520244,39.4906609383651,162
DEU,"Germany",1991,27.5270019946141,38.455340395805,162
DEU,"Germany",1992,29.0425097898434,41.8258561714725,162
DEU,"Germany",1993,28.1097262656021,39.5538734088441,162
DEU,"Germany",1994,30.7919310001785,43.3249043518214,162
DEU,"Germany",1995,29.7365479533169,41.8360534146124,162
DEU,"Germany",1996,29.0327596984644,40.5678182955874,162
DEU,"Germany",1997,30.0951058007534,41.599811407583,162
DEU,"Germany",1998,30.3949389934575,40.4944565952456,162
DEU,"Germany",1999,32.0571547719828,42.7574022452885,162
DEU,"Germany",2000,29.8165293942473,39.9051958413313,162
DEU,"Germany",2001,30.1174077936587,41.0758772904466,162
DEU,"Germany",2002,31.3788567674734,41.3728925561952,162
DEU,"Germany",2003,36.0776526155933,50.1521932966488,162
DEU,"Germany",2004,31.6253962191801,41.6047951055014,162
DEU,"Germany",2005,31.7075069936555,41.3370548170561,162
DEU,"Germany",2006,33.0717232759234,44.693802038627,162
DEU,"Germany",2007,31.0197672627679,40.8574814960898,162
DEU,"Germany",2008,30.8152668829335,42.0323417027124,162
DEU,"Germany",2009,30.5396957451312,41.0755486839844,162
DEU,"Germany",2010,31.1446316907018,41.31194168115,162
DEU,"Germany",2011,31.0421763776725,40.8259238832077,162
DEU,"Germany",2012,31.4729690518384,40.9118690577765,162
DEU,"Germany",2013,31.5136768553604,41.2008412257703,162
DEU,"Germany",2014,30.9159143195829,40.9651546021132,162
DEU,"Germany",2015,33.0986049756641,43.7938086285132,162
DEU,"Germany",2016,31.3325285626165,41.1625220659245,162
DEU,"Germany",2017,32.2430806281356,41.2094946288887,162
DEU,"Germany",2018,36.2434347460338,48.0590979284934,162
DEU,"Germany",2019,34.6874966007918,45.3625461226755,162
DEU,"Germany",2020,34.1423617656775,43.9564381360408,162
DEU,"Germany",2021,32.5872986220119,40.7477752491644,162
DEU,"Germany",2022,35.9982654182893,46.2899040125834,162
GHA,"Ghana",1990,43.7520276117559,43.8524498218671,22
GHA,"Ghana",1991,29.3983877935808,31.9576032062009,22
GHA,"Ghana",1992,30.1262909182336,33.201043883128,22
GHA,"Ghana",1993,28.722296719367,32.0196513337182,22
GHA,"Ghana",1994,28.9442435561174,33.0599037084696,22
GHA,"Ghana",1995,30.3691060219472,32.520614182089,22
GHA,"Ghana",1996,30.1472215180767,37.6572736587705,22
GHA,"Ghana",1997,33.0069597306082,37.0497912625111,22
GHA,"Ghana",1998,32.4646332935577,35.9246874077115,22
GHA,"Ghana",1999,32.0168946615325,37.2773556352028,22
GHA,"Ghana",2000,33.0997878272612,36.150976173196,22
GHA,"Ghana",2001,31.9598531292207,34.2805788859647,22
GHA,"Ghana",2002,30.2721976606776,34.0776124744528,22
GHA,"Ghana",2003,32.8663890901036,36.0801133580734,22
GHA,"Ghana",2004,31.7698622133954,33.8884117625084,22
GHA,"Ghana",2005,29.7402483251496,32.8084422680582,22
GHA,"Ghana",2006,29.1616807750166,31.5623131754143,22
GHA,"Ghana",2007,30.0161092197301,33.4253769136273,22
GHA,"Ghana",2008,30.0724842010082,34.1870653552547,22
GHA,"Ghana",2009,29.8387869213339,32.6963335434931,22
GHA,"Ghana",2010,30.776356973567,35.254875874826,22
GHA,"Ghana",2011,32.2909051212552,36.0950811485746,22
GHA,"Ghana",2012,32.0561986911872,36.5978863082268,22
GHA,"Ghana",2013,29.5074564653438,34.1615941080819,22
GHA,"Ghana",2014,29.2382705698052,32.8623574084568,22
GHA,"Ghana",2015,32.9958285701659,37.3344497987991,22
GHA,"Ghana",2016,31.7974530145065,35.8700028305671,22
GHA,"Ghana",2017,32.9317463743161,36.5980056806434,22
GHA,"Ghana",2018,32.9052132710955,37.3476817775098,22
GHA,"Ghana",2019,33.3999837613948,37.7468596054467,22
GHA,"Ghana",2020,32.4432302655489,36.0963814162743,22
GHA,"Ghana",2021,31.7806809608032,34.5665014722676,22
GHA,"Ghana",2022,36.9423833546907,37.0062218428815,22
GRC,"Greece",1990,41.540631329321,52.6486016559429,42
GRC,"Greece",1991,36.0947299395263,46.7424592944264,42
GRC,"Greece",1992,32.8517122667562,41.2509731232887,42
GRC,"Greece",1993,36.2989751007731,47.0945157786324,42
GRC,"Greece",1994,35.9271274615156,46.691533274389,42
GRC,"Greece",1995,37.4842854845422,47.9374716743669,42
GRC,"Greece",1996,37.2235634328121,47.4544911405989,42
GRC,"Greece",1997,37.2737566118478,46.5818501657579,42
GRC,"Greece",1998,38.7424126274955,49.7715225475432,42
GRC,"Greece",1999,36.0054331775437,44.2382400127187,42
GRC,"Greece",2000,33.2275133468022,41.0888475953554,42
GRC,"Greece",2001,40.5775554769932,50.5499423891664,42
GRC,"Greece",2002,42.4587816816458,55.1304190366523,42
GRC,"Greece",2003,43.4481035616757,56.8389543613856,42
GRC,"Greece",2004,40.0498523129711,49.6167274128709,42
GRC,"Greece",2005,39.8514122481402,50.1416540022936,42
GRC,"Greece",2006,37.6351226004357,47.4697092682963,42
GRC,"Greece",2007,36.7290208759014,45.6303091675847,42
GRC,"Greece",2008,40.7337901966244,52.2196372776841,42
GRC,"Greece",2009,39.8977120556099,50.6189462106423,42
GRC,"Greece",2010,40.1518305336527,49.2335931119822,42
GRC,"Greece",2011,38.9701607270363,48.4798307212354,42
GRC,"Greece",2012,41.2745643479322,51.2836660626369,42
GRC,"Greece",2013,38.0949064099855,49.0161706183415,42
GRC,"Greece",2014,36.8166417691254,45.4622745106039,42
GRC,"Greece",2015,38.467452738616,47.6730648320671,42
GRC,"Greece",2016,40.1605785227197,49.4703435194052,42
GRC,"Greece",2017,41.2889614873249,50.0262948720086,42
GRC,"Greece",2018,39.32656319741,47.6346925090903,42
GRC,"Greece",2019,40.9613488509742,49.1426631274215,42
GRC,"Greece",2020,38.3407610458649,45.1453503447403,42
GRC,"Greece",2021,36.5602674027749,44.2093568773524,42
GRC,"Greece",2022,35.3092770481747,42.622786141727,42
GRL,"Greenland",1990,30.5304489172737,31.740910498995,338
GRL,"Greenland",1991,30.0469654964878,32.5082641087075,338
GRL,"Greenland",1992,28.0064768313015,30.9502860852096,338
GRL,"Greenland",1993,28.1519736868709,30.3661286662109,338
GRL,"Greenland",1994,26.9489222384989,30.1170516157611,338
GRL,"Greenland",1995,28.3621032105335,31.7782863083601,338
GRL,"Greenland",1996,29.2012367930263,33.324390468752,338
GRL,"Greenland",1997,28.5919942237288,31.3520581148115,338
GRL,"Greenland",1998,29.4333320812052,31.9535908650156,338
GRL,"Greenland",1999,30.4392173812318,33.1131186399985,338
GRL,"Greenland",2000,30.0609495224603,33.8962866567126,338
GRL,"Greenland",2001,33.949633284624,36.9969123312491,338
GRL,"Greenland",2002,33.846782480826,38.159787857069,338
GRL,"Greenland",2003,32.1039152691145,36.1083307139733,338
GRL,"Greenland",2004,32.8550682574631,35.7909176553153,338
GRL,"Greenland",2005,33.916894040358,38.3093145792114,338
GRL,"Greenland",2006,34.5392744464774,38.5836386937479,338
GRL,"Greenland",2007,31.645777009973,35.8839628078294,338
GRL,"Greenland",2008,32.7845750321111,37.6199347827451,338
GRL,"Greenland",2009,33.4326688798415,37.5114600138093,338
GRL,"Greenland",2010,32.727039695486,38.2435594991707,338
GRL,"Greenland",2011,31.9503800894317,35.7298097614262,338
GRL,"Greenland",2012,32.7178649809348,36.6705885737526,338
GRL,"Greenland",2013,33.474363202359,38.8209628123757,338
GRL,"Greenland",2014,32.9952002082336,35.5756832574864,338
GRL,"Greenland",2015,32.4472558812537,36.8347461252617,338
GRL,"Greenland",2016,32.7095481190419,36.1643351793278,338
GRL,"Greenland",2017,33.1889022110455,37.4090060321368,338
GRL,"Greenland",2018,32.9837144831424,37.0360577032408,338
GRL,"Greenland",2019,33.9342051923807,36.6743194083241,338
GRL,"Greenland",2020,32.8825414208627,36.967532066101,338
GRL,"Greenland",2021,33.903008057874,39.4340420307558,338
GRL,"Greenland",2022,41.8881692825481,42.0026791297665,338
GRD,"Grenada",1990,23.6543843386491,28.4051399255539,2
GRD,"Grenada",1991,28.0110309173376,30.5900865217664,2
GRD,"Grenada",1992,26.3005573644855,29.4115029337547,2
GRD,"Grenada",1993,29.8306047757859,33.6750637768756,2
GRD,"Grenada",1994,28.4281380200656,32.0662663416682,2
GRD,"Grenada",1995,26.0900944652868,30.9107590938757,2
GRD,"Grenada",1996,29.3759007276165,34.2604662578964,2
GRD,"Grenada",1997,29.1310931629034,32.7840886546103,2
GRD,"Grenada",1998,30.3525983203962,32.3399818255476,2
GRD,"Grenada",1999,30.2947717269965,32.2587608490635,2
GRD,"Grenada",2000,29.0273169987374,32.7301044821076,2
GRD,"Grenada",2001,22.6326173272121,27.7160234688793,2
GRD,"Grenada",2002,30.3250172203985,33.6178360011889,2
GRD,"Grenada",2003,27.6069850738586,33.1370517153886,2
GRD,"Grenada",2004,26.4114364331441,27.222219439962,2
GRD,"Grenada",2005,20.0546348895516,23.0544311940498,2
GRD,"Grenada",2006,21.3381601530812,26.1924880046198,2
GRD,"Grenada",2007,18.8431555496897,24.7459006174339,2
GRD,"Grenada",2008,20.7572237886264,23.1494126337011,2
GRD,"Grenada",2009,19.6625053669059,21.7342902013311,2
GRD,"Grenada",2010,22.2078904360057,25.9602175448819,2
GRD,"Grenada",2011,19.4067256915399,23.6463716795268,2
GRD,"Grenada",2012,21.0225392919937,22.8438450254398,2
GRD,"Grenada",2013,22.5798252655724,30.8417721994687,2
GRD,"Grenada",2014,31.7722525908209,37.5583671835994,2
GRD,"Grenada",2015,22.7358532717525,24.8629761851838,2
GRD,"Grenada",2016,23.8878461750195,26.3278005592221,2
GRD,"Grenada",2017,24.3460228705161,27.7868135356267,2
GRD,"Grenada",2018,27.4321125221299,29.9214716891027,2
GRD,"Grenada",2019,24.938721155227,27.953211711661,2
GRD,"Grenada",2020,21.9892253210201,24.6538694617378,2
GRD,"Grenada",2021,26.8341996748203,28.0532216756344,2
GRD,"Grenada",2022,22.0052708357742,22.8259821442245,2
GLP,"Guadeloupe",1990,23.4604833623689,28.7996066389501,3
GLP,"Guadeloupe",1991,27.9226118874459,30.012307046511,3
GLP,"Guadeloupe",1992,26.330813189364,29.7194982968155,3
GLP,"Guadeloupe",1993,29.3116801044566,32.1731802851442,3
GLP,"Guadeloupe",1994,29.3655678936341,32.9075479361691,3
GLP,"Guadeloupe",1995,27.3984389999306,32.2129261984953,3
GLP,"Guadeloupe",1996,30.7944912664033,35.4677228568569,3
GLP,"Guadeloupe",1997,30.1727797487534,34.0035457069228,3
GLP,"Guadeloupe",1998,31.4307098036263,34.2421285450814,3
GLP,"Guadeloupe",1999,30.8869192968776,33.2786350857877,3
GLP,"Guadeloupe",2000,28.7988988918762,33.0439821007043,3
GLP,"Guadeloupe",2001,22.5809460233485,28.9858446103071,3
GLP,"Guadeloupe",2002,29.9627556363247,34.1751742443402,3
GLP,"Guadeloupe",2003,27.168386406018,32.2739853165568,3
GLP,"Guadeloupe",2004,24.4402728055081,26.0099569082652,3
GLP,"Guadeloupe",2005,17.7654866344187,20.0465865645266,3
GLP,"Guadeloupe",2006,19.3297221092373,22.4175944322737,3
GLP,"Guadeloupe",2007,18.4514143925547,23.1309739487966,3
GLP,"Guadeloupe",2008,21.5417452287181,24.5114533167896,3
GLP,"Guadeloupe",2009,20.837356451199,23.2231464901418,3
GLP,"Guadeloupe",2010,24.190168087335,25.9132870386082,3
GLP,"Guadeloupe",2011,20.6081348750986,23.8532109769462,3
GLP,"Guadeloupe",2012,19.3502701187801,20.5052345907559,3
GLP,"Guadeloupe",2013,21.6488210351862,38.4712255906191,3
GLP,"Guadeloupe",2014,45.2327899192296,54.6023443718963,3
GLP,"Guadeloupe",2015,22.6779425760071,25.1953924726585,3
GLP,"Guadeloupe",2016,27.4849099054023,30.1840874181932,3
GLP,"Guadeloupe",2017,23.8659585105263,27.582833989278,3
GLP,"Guadeloupe",2018,31.38755738538,34.9818000276487,3
GLP,"Guadeloupe",2019,26.8190033890295,31.2610659770107,3
GLP,"Guadeloupe",2020,19.4458942998773,23.5045222917469,3
GLP,"Guadeloupe",2021,28.3973738920869,30.7131613818942,3
GLP,"Guadeloupe",2022,21.2272411384079,22.0819198330218,3
GUM,"Guam",1990,34.1682221852795,35.3418913972099,1
GUM,"Guam",1991,27.0409518391522,33.0386368042766,1
GUM,"Guam",1992,23.6032326429109,28.0205011919704,1
GUM,"Guam",1993,26.4580064886318,32.2711863753361,1
GUM,"Guam",1994,24.5910130350499,29.0889750405598,1
GUM,"Guam",1995,23.7791128415261,29.7884083957554,1
GUM,"Guam",1996,24.3676263286315,31.6338282499949,1
GUM,"Guam",1997,27.7404277033528,32.6888530729965,1
GUM,"Guam",1998,26.8592632643625,32.9755685824568,1
GUM,"Guam",1999,23.6846448735937,27.0625423035969,1
GUM,"Guam",2000,23.2167625643042,27.5972720547106,1
GUM,"Guam",2001,24.9960493613056,28.9353128814655,1
GUM,"Guam",2002,27.4274747185102,31.880902753354,1
GUM,"Guam",2003,26.3209930151526,32.9966546111731,1
GUM,"Guam",2004,28.7479989171252,31.9555591266288,1
GUM,"Guam",2005,23.2857401779354,28.5481147917144,1
GUM,"Guam",2006,24.6602173897555,27.4861269424427,1
GUM,"Guam",2007,21.3047677548935,26.2236422482017,1
GUM,"Guam",2008,19.8830898931432,24.0564148277435,1
GUM,"Guam",2009,21.402862797807,25.7449110144733,1
GUM,"Guam",2010,24.3217572665878,28.799002639211,1
GUM,"Guam",2011,19.1911758694897,23.9533304647276,1
GUM,"Guam",2012,20.7886794841661,28.3311133521738,1
GUM,"Guam",2013,23.4885280064622,30.8189391590466,1
GUM,"Guam",2014,23.1409087190031,28.3891376854484,1
GUM,"Guam",2015,24.9079801599491,30.3756619545714,1
GUM,"Guam",2016,24.9778432738665,30.3809163408489,1
GUM,"Guam",2017,25.3844587665717,29.6282229107149,1
GUM,"Guam",2018,25.3094953714363,28.9334519119145,1
GUM,"Guam",2019,25.6366650317591,29.7282478781177,1
GUM,"Guam",2020,24.4335532640304,29.6604051383394,1
GUM,"Guam",2021,24.1910268038599,30.7654329224007,1
GUM,"Guam",2022,37.5545595024469,37.6183979906377,1
GTM,"Guatemala",1990,39.9736387367631,42.9184596041946,9
GTM,"Guatemala",1991,33.4647259256997,38.5752058269353,9
GTM,"Guatemala",1992,33.6315683778937,39.5999010007125,9
GTM,"Guatemala",1993,34.6246483743304,41.4358530874534,9
GTM,"Guatemala",1994,35.0518611581836,40.555919437382,9
GTM,"Guatemala",1995,35.8833092599156,41.7822155150452,9
GTM,"Guatemala",1996,35.3799001364093,41.1335807530747,9
GTM,"Guatemala",1997,34.9097622152033,39.3164244464418,9
GTM,"Guatemala",1998,38.0013138773788,47.1886003885084,9
GTM,"Guatemala",1999,36.5983877709283,39.8702365086053,9
GTM,"Guatemala",2000,37.3392199451624,42.2732976590783,9
GTM,"Guatemala",2001,35.7045441142153,39.3653659282644,9
GTM,"Guatemala",2002,36.4400854915984,40.1709402210798,9
GTM,"Guatemala",2003,34.901477597486,38.8733119207526,9
GTM,"Guatemala",2004,37.0821818738913,38.8979102508249,9
GTM,"Guatemala",2005,34.2141659034979,38.3500756559726,9
GTM,"Guatemala",2006,33.272092627198,36.6770272644914,9
GTM,"Guatemala",2007,31.7525658386146,35.2704324804764,9
GTM,"Guatemala",2008,32.2989409136707,35.3821095240628,9
GTM,"Guatemala",2009,31.2418840192816,36.1289314567742,9
GTM,"Guatemala",2010,33.0230490540548,36.8995088108334,9
GTM,"Guatemala",2011,32.2061177253187,36.5282074552498,9
GTM,"Guatemala",2012,34.0026840116239,37.5803474232299,9
GTM,"Guatemala",2013,37.163220418713,40.7897756887984,9
GTM,"Guatemala",2014,30.8484496885741,33.0698254181682,9
GTM,"Guatemala",2015,29.8723203756813,33.3070843386443,9
GTM,"Guatemala",2016,30.3156110018144,33.9262153899245,9
GTM,"Guatemala",2017,30.850509693909,34.3822655890046,9
GTM,"Guatemala",2018,31.8318736742237,34.9255480520748,9
GTM,"Guatemala",2019,33.166811276932,36.0595494864435,9
GTM,"Guatemala",2020,32.2597674207908,35.0816048412404,9
GTM,"Guatemala",2021,30.1388671430702,33.4634065644243,9
GTM,"Guatemala",2022,35.5779850781599,37.7632179023869,9
GIN,"Guinea",1990,45.0867271583436,47.3870972538123,23
GIN,"Guinea",1991,31.0645699018485,35.7105466113993,23
GIN,"Guinea",1992,29.6706498999239,34.861734691496,23
GIN,"Guinea",1993,28.723408126497,33.5554077076496,23
GIN,"Guinea",1994,25.9300757897637,30.8205140436508,23
GIN,"Guinea",1995,29.9814512193899,33.3418725484421,23
GIN,"Guinea",1996,28.777597707143,40.1083952023992,23
GIN,"Guinea",1997,34.4059385327963,38.686911502642,23
GIN,"Guinea",1998,33.2812841326618,38.8743205909346,23
GIN,"Guinea",1999,33.9004650683036,41.2045021605364,23
GIN,"Guinea",2000,33.2419276611157,36.9851597594055,23
GIN,"Guinea",2001,30.2456017881087,34.1390206326499,23
GIN,"Guinea",2002,31.8516339241506,37.3542775595689,23
GIN,"Guinea",2003,34.2685413678825,38.4706886939895,23
GIN,"Guinea",2004,32.2420865706516,35.0090434778641,23
GIN,"Guinea",2005,30.4794482616376,35.366770184194,23
GIN,"Guinea",2006,30.917066417746,35.0176534051644,23
GIN,"Guinea",2007,31.2008734555164,36.2138896118833,23
GIN,"Guinea",2008,31.1515583976675,35.6732902862992,23
GIN,"Guinea",2009,31.4713712913916,35.9543482744889,23
GIN,"Guinea",2010,32.7122869918156,38.1450267266875,23
GIN,"Guinea",2011,33.9168124383549,39.0350480301908,23
GIN,"Guinea",2012,32.6847558379351,37.6008075828312,23
GIN,"Guinea",2013,30.1786828002626,37.3655054699496,23
GIN,"Guinea",2014,30.0924479658655,36.346901142018,23
GIN,"Guinea",2015,34.0623788933613,39.3276377351409,23
GIN,"Guinea",2016,32.2747854761878,38.5994830358189,23
GIN,"Guinea",2017,34.6734111667199,40.69702861038,23
GIN,"Guinea",2018,33.6197311637354,38.9178488371419,23
GIN,"Guinea",2019,34.3171281038063,40.4454454751637,23
GIN,"Guinea",2020,31.2230960356079,37.2491263306181,23
GIN,"Guinea",2021,33.2922963289817,37.4639080612404,23
GIN,"Guinea",2022,35.8302293469265,38.2598454625397,23
GNB,"Guinea-Bissau",1990,45.5420377834532,48.3397068902607,5
GNB,"Guinea-Bissau",1991,31.4037201110528,36.1613211743359,5
GNB,"Guinea-Bissau",1992,27.2759317317525,34.1788301025002,5
GNB,"Guinea-Bissau",1993,27.7461175370703,32.4495517365618,5
GNB,"Guinea-Bissau",1994,26.8587041020361,30.7950680142713,5
GNB,"Guinea-Bissau",1995,30.2046654767647,33.7136368858079,5
GNB,"Guinea-Bissau",1996,29.0960445324287,38.0781577960154,5
GNB,"Guinea-Bissau",1997,34.6246074658522,38.9744221251591,5
GNB,"Guinea-Bissau",1998,32.5214209325369,36.1224609103758,5
GNB,"Guinea-Bissau",1999,33.5931657334078,38.4757784027042,5
GNB,"Guinea-Bissau",2000,31.1557058666187,34.8022318266449,5
GNB,"Guinea-Bissau",2001,31.1587549255922,34.2202347285535,5
GNB,"Guinea-Bissau",2002,32.3217286801409,37.8326278880676,5
GNB,"Guinea-Bissau",2003,35.5707300420047,39.9411864557997,5
GNB,"Guinea-Bissau",2004,32.5067407635719,35.7536611948289,5
GNB,"Guinea-Bissau",2005,29.5935829492818,32.8709527803259,5
GNB,"Guinea-Bissau",2006,32.3686000420505,35.1833196359259,5
GNB,"Guinea-Bissau",2007,31.7414465866916,35.6700177961292,5
GNB,"Guinea-Bissau",2008,32.2483669831938,34.6806038351028,5
GNB,"Guinea-Bissau",2009,30.3949256856904,33.9137779005034,5
GNB,"Guinea-Bissau",2010,32.4557199624698,37.4126258809785,5
GNB,"Guinea-Bissau",2011,33.9758996304449,38.8542673499198,5
GNB,"Guinea-Bissau",2012,32.1414951332728,36.0649427831819,5
GNB,"Guinea-Bissau",2013,30.3203230174318,37.3086497373636,5
GNB,"Guinea-Bissau",2014,30.627342772303,35.8543076863575,5
GNB,"Guinea-Bissau",2015,34.4357944534629,38.8130248431924,5
GNB,"Guinea-Bissau",2016,32.5619464513015,37.6826791150025,5
GNB,"Guinea-Bissau",2017,35.0038022131196,39.4837710159515,5
GNB,"Guinea-Bissau",2018,32.1081781265853,37.4224461689214,5
GNB,"Guinea-Bissau",2019,33.9209403519297,38.5316781139006,5
GNB,"Guinea-Bissau",2020,31.0618236441141,36.5251289277484,5
GNB,"Guinea-Bissau",2021,33.4656929124174,36.8123857821688,5
GNB,"Guinea-Bissau",2022,35.7512381272191,38.3990899487363,5
GUY,"Guyana",1990,23.2507859238609,26.9621579874436,19
GUY,"Guyana",1991,26.7640023198095,29.527787298257,19
GUY,"Guyana",1992,26.7961630647756,29.2620796180178,19
GUY,"Guyana",1993,28.7025724996609,32.3875244963728,19
GUY,"Guyana",1994,25.9338068426647,28.7110988104948,19
GUY,"Guyana",1995,24.2743619497329,27.937146329431,19
GUY,"Guyana",1996,26.9883816756476,31.39469146943,19
GUY,"Guyana",1997,27.1093757351958,29.620698449742,19
GUY,"Guyana",1998,26.9393224051502,28.6705350390121,19
GUY,"Guyana",1999,26.169939333506,27.4678252267811,19
GUY,"Guyana",2000,26.7915702642252,29.5665217065801,19
GUY,"Guyana",2001,20.3793144097922,23.522909024208,19
GUY,"Guyana",2002,26.8205685281956,29.8172814024038,19
GUY,"Guyana",2003,23.5581795782975,27.5424609169998,19
GUY,"Guyana",2004,25.2507229656636,27.0377839292315,19
GUY,"Guyana",2005,21.015541059422,23.5388399387721,19
GUY,"Guyana",2006,20.6458356206431,23.0731928744276,19
GUY,"Guyana",2007,18.1578765274998,21.2883562408101,19
GUY,"Guyana",2008,20.7222098340493,23.0862731328916,19
GUY,"Guyana",2009,19.0384264318465,20.0966687825117,19
GUY,"Guyana",2010,20.4373327757778,22.2205606812334,19
GUY,"Guyana",2011,18.5732985982207,20.0105974778373,19
GUY,"Guyana",2012,19.0377905344907,21.3552211092164,19
GUY,"Guyana",2013,22.2754475446097,26.9784859181807,19
GUY,"Guyana",2014,23.7378026578035,26.5322704936172,19
GUY,"Guyana",2015,20.1997134718206,22.035332066123,19
GUY,"Guyana",2016,19.2784059185777,21.1176853608479,19
GUY,"Guyana",2017,19.5203508674762,21.1685787399534,19
GUY,"Guyana",2018,22.582317875925,23.7731780334524,19
GUY,"Guyana",2019,22.2174639297629,24.1477655926414,19
GUY,"Guyana",2020,21.0739965002717,23.3811799368509,19
GUY,"Guyana",2021,21.5280062904088,24.1757510503664,19
GUY,"Guyana",2022,22.8977870387073,23.6342542464073,19
HTI,"Haiti",1990,33.8102808568193,35.7594389507472,7
HTI,"Haiti",1991,33.1337959703552,36.1381083716846,7
HTI,"Haiti",1992,29.1835060708832,33.9267239443095,7
HTI,"Haiti",1993,33.0909109514914,36.4048354671316,7
HTI,"Haiti",1994,32.9784822526206,36.4958485171856,7
HTI,"Haiti",1995,34.1978543670922,38.5907732648449,7
HTI,"Haiti",1996,34.3792257562315,38.8675156678369,7
HTI,"Haiti",1997,34.1970535444138,37.8039028933843,7
HTI,"Haiti",1998,35.305807113173,39.6036177287906,7
HTI,"Haiti",1999,34.8422737645861,37.9860696397477,7
HTI,"Haiti",2000,33.159280045351,37.2814245792702,7
HTI,"Haiti",2001,31.2681459952944,33.8492862406492,7
HTI,"Haiti",2002,34.1691009046279,37.3315501125696,7
HTI,"Haiti",2003,33.5933214093675,36.7933883059388,7
HTI,"Haiti",2004,30.4124153646442,34.7193824049798,7
HTI,"Haiti",2005,25.9497662371181,29.4504306309838,7
HTI,"Haiti",2006,27.2516322973281,31.1604680873509,7
HTI,"Haiti",2007,26.8322246609335,30.9484558526004,7
HTI,"Haiti",2008,29.1992647584026,31.9328487783905,7
HTI,"Haiti",2009,26.2867088720415,29.9977900260665,7
HTI,"Haiti",2010,28.1292485135107,30.6182585804203,7
HTI,"Haiti",2011,26.5223388845274,30.1495959055534,7
HTI,"Haiti",2012,29.6493964773231,32.1083275976305,7
HTI,"Haiti",2013,31.9592299482086,35.3676936353125,7
HTI,"Haiti",2014,36.5947613609672,39.2600818870299,7
HTI,"Haiti",2015,30.85462822213,34.1170266696893,7
HTI,"Haiti",2016,31.1809884493466,34.2101695431606,7
HTI,"Haiti",2017,31.6041115368743,34.9616350802285,7
HTI,"Haiti",2018,33.847764228511,36.2611074238035,7
HTI,"Haiti",2019,30.3794759511706,34.4107176660328,7
HTI,"Haiti",2020,29.6667937768301,33.1873180341161,7
HTI,"Haiti",2021,32.8613020552746,34.8101748995647,7
HTI,"Haiti",2022,29.3355300883621,31.4192770267207,7
HND,"Honduras",1990,39.3426984509021,42.2996830093763,17
HND,"Honduras",1991,30.0268170965465,33.2709763364189,17
HND,"Honduras",1992,29.9660973636564,33.3232953376404,17
HND,"Honduras",1993,32.4911819852798,36.8030823947527,17
HND,"Honduras",1994,29.9763944937472,33.8446289983364,17
HND,"Honduras",1995,30.9830958871722,35.5246460608989,17
HND,"Honduras",1996,31.336950202734,35.6803143718337,17
HND,"Honduras",1997,31.1457752551172,33.9500695845816,17
HND,"Honduras",1998,33.4215963742037,38.3157802800753,17
HND,"Honduras",1999,33.3683094297753,35.3500253303755,17
HND,"Honduras",2000,33.4843675334157,36.9856271713917,17
HND,"Honduras",2001,30.2024707269693,32.3742537692809,17
HND,"Honduras",2002,31.514589197737,34.4742266512915,17
HND,"Honduras",2003,31.8363160441535,35.6334380688707,17
HND,"Honduras",2004,34.3959166170144,35.4375606186675,17
HND,"Honduras",2005,31.9898028294652,34.7824918878342,17
HND,"Honduras",2006,31.6828644188321,35.326235018947,17
HND,"Honduras",2007,30.9740318215622,33.8653708481767,17
HND,"Honduras",2008,31.2361315695943,34.0411006445962,17
HND,"Honduras",2009,28.4063247114776,32.633284291923,17
HND,"Honduras",2010,30.7488868110574,34.3762106374422,17
HND,"Honduras",2011,30.8694249605666,34.6867693716693,17
HND,"Honduras",2012,31.3281143892209,34.8301872397798,17
HND,"Honduras",2013,34.3679701586488,36.9101725785642,17
HND,"Honduras",2014,28.7952677298934,31.4574070622721,17
HND,"Honduras",2015,27.0902281133152,30.6674195764674,17
HND,"Honduras",2016,27.0235073345133,30.5298016254152,17
HND,"Honduras",2017,27.8031859676658,30.7332014613604,17
HND,"Honduras",2018,28.3597903213526,31.4222819200329,17
HND,"Honduras",2019,30.0242906504917,33.3090187950184,17
HND,"Honduras",2020,29.8661444474303,33.0060751174958,17
HND,"Honduras",2021,26.9394238350796,31.1597672522102,17
HND,"Honduras",2022,33.9337271803787,36.1522102043256,17
HUN,"Hungary",1990,42.0819242514908,56.8059354047375,11
HUN,"Hungary",1991,35.3843325352892,46.9424705090868,11
HUN,"Hungary",1992,38.0138427681192,50.5031638025422,11
HUN,"Hungary",1993,37.9013087484871,48.3253398430446,11
HUN,"Hungary",1994,41.1060990811756,54.4166422490811,11
HUN,"Hungary",1995,40.6340164922342,50.823293686956,11
HUN,"Hungary",1996,39.7276654724229,51.3556201717585,11
HUN,"Hungary",1997,37.7458503829309,50.1966060526989,11
HUN,"Hungary",1998,39.4708213374871,51.6759210694409,11
HUN,"Hungary",1999,39.8356918228357,50.1750275165587,11
HUN,"Hungary",2000,37.9684650432275,48.7437174423597,11
HUN,"Hungary",2001,35.199837080023,45.8148383627324,11
HUN,"Hungary",2002,39.0036908344019,51.7756902427806,11
HUN,"Hungary",2003,37.2653988048456,50.4967292048822,11
HUN,"Hungary",2004,32.7994406071117,42.2106560522238,11
HUN,"Hungary",2005,36.543993344169,46.6854932808936,11
HUN,"Hungary",2006,38.3295467322461,48.9342055106137,11
HUN,"Hungary",2007,38.6407062544763,51.4144273118515,11
HUN,"Hungary",2008,36.3749672077897,47.5493606630151,11
HUN,"Hungary",2009,37.6002985634756,50.7987421816603,11
HUN,"Hungary",2010,33.8740906440722,43.0768949589449,11
HUN,"Hungary",2011,36.7474628169347,46.4813329138604,11
HUN,"Hungary",2012,36.2566859977995,47.1249944787825,11
HUN,"Hungary",2013,33.9846559713341,44.216175325413,11
HUN,"Hungary",2014,29.9685289020171,39.41798310826,11
HUN,"Hungary",2015,32.8805848083106,43.8968046044072,11
HUN,"Hungary",2016,31.964676351935,41.3150288741579,11
HUN,"Hungary",2017,33.00662100311,42.483605455114,11
HUN,"Hungary",2018,35.3628234885518,45.1808267058326,11
HUN,"Hungary",2019,35.3717944506317,44.292176468546,11
HUN,"Hungary",2020,34.0542999633144,43.4779430688416,11
HUN,"Hungary",2021,34.3048132283153,43.3910031091381,11
HUN,"Hungary",2022,35.3859596354544,46.5677473649974,11
ISL,"Iceland",1990,34.5677553847589,37.6705627451297,41
ISL,"Iceland",1991,32.4796473620869,35.5769132707356,41
ISL,"Iceland",1992,34.7466225605079,39.5158653830302,41
ISL,"Iceland",1993,33.9549933890076,38.9961055514754,41
ISL,"Iceland",1994,24.8190657003307,28.0289815742006,41
ISL,"Iceland",1995,26.4032118000053,30.6704593798383,41
ISL,"Iceland",1996,28.774974060613,33.2078086337452,41
ISL,"Iceland",1997,27.7171565819113,31.9976067474655,41
ISL,"Iceland",1998,29.4634104100881,32.1674278186797,41
ISL,"Iceland",1999,30.6124162537072,34.4139909664605,41
ISL,"Iceland",2000,31.7264227204189,38.2082237658658,41
ISL,"Iceland",2001,30.0790093189617,34.5872509195649,41
ISL,"Iceland",2002,31.6946781906894,36.5929156298596,41
ISL,"Iceland",2003,27.0121266510619,33.2212878680794,41
ISL,"Iceland",2004,28.617688363424,30.7328196325501,41
ISL,"Iceland",2005,26.0988871273942,29.0634728336645,41
ISL,"Iceland",2006,27.3265222488268,31.3497743506499,41
ISL,"Iceland",2007,27.5226103902064,32.470950845812,41
ISL,"Iceland",2008,29.700601552574,34.2428512252533,41
ISL,"Iceland",2009,35.1774116374866,39.1535865528963,41
ISL,"Iceland",2010,35.2014809312061,38.9212700036729,41
ISL,"Iceland",2011,33.5610551140827,39.7983149355586,41
ISL,"Iceland",2012,31.9204091124028,34.3547124694166,41
ISL,"Iceland",2013,32.088831400901,36.6235193893195,41
ISL,"Iceland",2014,26.1845966702613,28.7966086953035,41
ISL,"Iceland",2015,26.081800251403,29.7755012433607,41
ISL,"Iceland",2016,30.565529648579,34.4731107300337,41
ISL,"Iceland",2017,32.9884728387265,36.511998871011,41
ISL,"Iceland",2018,34.0889791551157,38.146818266342,41
ISL,"Iceland",2019,34.6277625381867,38.1536637942511,41
ISL,"Iceland",2020,32.2483664184034,35.4007778366016,41
ISL,"Iceland",2021,34.0005551631911,37.2038684683132,41
ISL,"Iceland",2022,36.2903354589644,38.9500926545783,41
IND,"India",1990,35.1092385006095,38.4921034773329,319
IND,"India",1991,36.5087147865533,41.5096923414034,319
IND,"India",1992,34.6061348777313,40.7200211084764,319
IND,"India",1993,36.4804449945858,41.5201945055195,319
IND,"India",1994,38.008101480812,42.9972272304474,319
IND,"India",1995,37.5527298461754,42.9270581258943,319
IND,"India",1996,38.3574955676911,44.1036258226147,319
IND,"India",1997,40.119273127995,45.1444008518629,319
IND,"India",1998,39.4898430745847,46.4290319626052,319
IND,"India",1999,41.5920027708024,49.0569408778549,319
IND,"India",2000,33.9224708512951,40.4727847883231,319
IND,"India",2001,33.5519151485434,40.854322788992,319
IND,"India",2002,36.7756239105265,40.6071157603596,319
IND,"India",2003,40.7350230357134,49.6885243332107,319
IND,"India",2004,37.4080342733501,42.8452649314904,319
IND,"India",2005,37.0360829102337,42.192636888758,319
IND,"India",2006,39.3911076330257,45.1952987135623,319
IND,"India",2007,41.8770304483415,47.5941762896214,319
IND,"India",2008,43.6530185427471,49.7615803011968,319
IND,"India",2009,41.8557456712038,49.6121600171252,319
IND,"India",2010,40.3509100920315,46.3076766688581,319
IND,"India",2011,39.0794424074785,46.2136691286466,319
IND,"India",2012,44.2595516283366,52.1885441236138,319
IND,"India",2013,35.3586735397102,43.4156372501052,319
IND,"India",2014,40.8751651616899,50.5645595391803,319
IND,"India",2015,37.9830403610636,45.8739311625908,319
IND,"India",2016,33.4217110244832,41.3643977755496,319
IND,"India",2017,44.4121131762552,52.9394984726482,319
IND,"India",2018,46.6299714940267,53.39805467321,319
IND,"India",2019,43.5584890165274,51.853989287223,319
IND,"India",2020,43.4393912804846,49.1430234837678,319
IND,"India",2021,43.8851488537549,49.3903933265398,319
IND,"India",2022,50.0203399109086,55.5709891502246,319
IDN,"Indonesia",1990,33.0589900185582,33.1504068128371,360
IDN,"Indonesia",1991,25.1746396620492,29.6583029150517,360
IDN,"Indonesia",1992,24.2920751325971,28.0838557079419,360
IDN,"Indonesia",1993,26.4367021191837,30.2907701278267,360
IDN,"Indonesia",1994,26.1830181908737,30.1965404511882,360
IDN,"Indonesia",1995,24.1631892685536,26.5759949825978,360
IDN,"Indonesia",1996,26.0955869983195,30.5810534768048,360
IDN,"Indonesia",1997,32.1533993160821,37.733633882312,360
IDN,"Indonesia",1998,27.7725259736351,30.2722722093907,360
IDN,"Indonesia",1999,25.6530763964523,29.0258813892113,360
IDN,"Indonesia",2000,28.0651243347894,32.084220311425,360
IDN,"Indonesia",2001,28.8706840720223,33.1642109209666,360
IDN,"Indonesia",2002,33.2964624490259,36.3998236309553,360
IDN,"Indonesia",2003,30.2625419322281,32.9871153965108,360
IDN,"Indonesia",2004,32.5726549867422,36.2098651955396,360
IDN,"Indonesia",2005,28.2793103683429,31.3843526585275,360
IDN,"Indonesia",2006,28.9219672869645,32.1714795441481,360
IDN,"Indonesia",2007,25.4619794520106,28.1922307175345,360
IDN,"Indonesia",2008,24.4364116896151,27.595660289163,360
IDN,"Indonesia",2009,26.3289270335962,29.1572100696144,360
IDN,"Indonesia",2010,25.6835481564103,28.1127555368718,360
IDN,"Indonesia",2011,25.8329122298203,29.0640708181075,360
IDN,"Indonesia",2012,27.9622055587129,31.1835523836043,360
IDN,"Indonesia",2013,27.7824627298654,30.4682437236395,360
IDN,"Indonesia",2014,28.1090407397708,31.9817938275476,360
IDN,"Indonesia",2015,30.7381183853432,35.1634632410297,360
IDN,"Indonesia",2016,28.123516741094,29.9804153225777,360
IDN,"Indonesia",2017,28.8942600277023,30.8851265697453,360
IDN,"Indonesia",2018,27.3252913291611,31.1296882367853,360
IDN,"Indonesia",2019,32.8847560513947,37.5598029679493,360
IDN,"Indonesia",2020,30.1829888146188,32.5216827447165,360
IDN,"Indonesia",2021,30.2753821608841,33.9217792931511,360
IDN,"Indonesia",2022,23.4905806732205,23.7103033620494,360
IRN,"Iran (Islamic Republic of)",1990,38.006354009851,38.1126117644254,168
IRN,"Iran (Islamic Republic of)",1991,36.8947815606626,48.0987807865149,168
IRN,"Iran (Islamic Republic of)",1992,32.330374182386,40.1399614938938,168
IRN,"Iran (Islamic Republic of)",1993,34.7343319627215,46.8601145417312,168
IRN,"Iran (Islamic Republic of)",1994,34.6877254409066,41.2076195061358,168
IRN,"Iran (Islamic Republic of)",1995,38.586027054859,48.0062252941679,168
IRN,"Iran (Islamic Republic of)",1996,39.3031397515297,45.9910592974774,168
IRN,"Iran (Islamic Republic of)",1997,41.9906316927018,49.620743817349,168
IRN,"Iran (Islamic Republic of)",1998,44.5258419273555,51.1930036746471,168
IRN,"Iran (Islamic Republic of)",1999,50.1396085468265,58.1833967019245,168
IRN,"Iran (Islamic Republic of)",2000,36.4334459382742,44.8524797774534,168
IRN,"Iran (Islamic Republic of)",2001,41.4954356710636,51.1288955952508,168
IRN,"Iran (Islamic Republic of)",2002,45.0888799803681,53.5065806070746,168
IRN,"Iran (Islamic Republic of)",2003,43.7037845148354,54.2669031756554,168
IRN,"Iran (Islamic Republic of)",2004,44.3033221511276,52.6006556838333,168
IRN,"Iran (Islamic Republic of)",2005,43.0233300866811,48.9016714721917,168
IRN,"Iran (Islamic Republic of)",2006,45.8068058812131,53.0322597278412,168
IRN,"Iran (Islamic Republic of)",2007,49.8534556489803,55.4781746592714,168
IRN,"Iran (Islamic Republic of)",2008,52.4269474265519,58.575930037443,168
IRN,"Iran (Islamic Republic of)",2009,47.5069632377268,51.8810356990947,168
IRN,"Iran (Islamic Republic of)",2010,43.2164293918131,51.3466753456054,168
IRN,"Iran (Islamic Republic of)",2011,40.5049691860441,48.9230632437497,168
IRN,"Iran (Islamic Republic of)",2012,44.6974428674446,51.2089179742735,168
IRN,"Iran (Islamic Republic of)",2013,35.449221955397,39.7022939537333,168
IRN,"Iran (Islamic Republic of)",2014,38.6146220402285,47.4450492271145,168
IRN,"Iran (Islamic Republic of)",2015,38.8321764477827,45.4838372407542,168
IRN,"Iran (Islamic Republic of)",2016,34.9652716152663,43.7290970608189,168
IRN,"Iran (Islamic Republic of)",2017,37.1051566668931,45.7744148290821,168
IRN,"Iran (Islamic Republic of)",2018,37.44038876771,49.3101193872325,168
IRN,"Iran (Islamic Republic of)",2019,42.1130633347726,53.513055999094,168
IRN,"Iran (Islamic Republic of)",2020,39.0313244460462,46.9532817370296,168
IRN,"Iran (Islamic Republic of)",2021,48.9566855425314,61.9930885752163,168
IRN,"Iran (Islamic Republic of)",2022,43.7784623361783,51.1316991997131,168
IRQ,"Iraq",1990,38.3499044004008,39.5692733054611,44
IRQ,"Iraq",1991,41.518388291484,52.7596312502014,44
IRQ,"Iraq",1992,36.1845113445962,46.1325147350456,44
IRQ,"Iraq",1993,40.9410698715027,51.7064191119376,44
IRQ,"Iraq",1994,35.5702462938617,43.9288386331127,44
IRQ,"Iraq",1995,42.572990145918,52.2164745713514,44
IRQ,"Iraq",1996,42.4169574124297,49.8675128227594,44
IRQ,"Iraq",1997,45.1095148056862,51.9050030292292,44
IRQ,"Iraq",1998,49.85256952053,57.3792637663417,44
IRQ,"Iraq",1999,50.9877570996559,57.5125629967194,44
IRQ,"Iraq",2000,39.9010261224021,47.2451660207854,44
IRQ,"Iraq",2001,42.6919371900693,51.1843304349124,44
IRQ,"Iraq",2002,48.4069126032615,57.353525732049,44
IRQ,"Iraq",2003,43.9949216727393,54.4953705727168,44
IRQ,"Iraq",2004,44.2531007386842,53.5127101134687,44
IRQ,"Iraq",2005,45.1218120453376,51.0859001794163,44
IRQ,"Iraq",2006,44.9320833897028,53.4134161153861,44
IRQ,"Iraq",2007,49.1677744300605,54.7361124104971,44
IRQ,"Iraq",2008,52.3994723774801,57.6508271943599,44
IRQ,"Iraq",2009,46.6177857627792,51.6518383786637,44
IRQ,"Iraq",2010,43.7162878124714,52.4253711853344,44
IRQ,"Iraq",2011,44.1863278106444,53.0869953571477,44
IRQ,"Iraq",2012,45.8394001632604,52.0734656586785,44
IRQ,"Iraq",2013,37.5397526539805,42.3428607201882,44
IRQ,"Iraq",2014,39.8773849670291,50.3973082418007,44
IRQ,"Iraq",2015,40.4626233088561,48.1656542825267,44
IRQ,"Iraq",2016,37.4753686986609,47.8145950037597,44
IRQ,"Iraq",2017,39.1832264518307,49.6959304850265,44
IRQ,"Iraq",2018,39.4481394480288,54.0062695332596,44
IRQ,"Iraq",2019,41.0025456079318,54.8653140566529,44
IRQ,"Iraq",2020,38.7392761718433,48.4656204924801,44
IRQ,"Iraq",2021,48.1768166506455,60.8529573031017,44
IRQ,"Iraq",2022,38.7516271629967,47.7578410851263,44
IRL,"Ireland",1990,35.5717562891416,40.3135455341274,19
IRL,"Ireland",1991,35.9617162555791,40.0611823125147,19
IRL,"Ireland",1992,33.9792537565404,40.4042106324239,19
IRL,"Ireland",1993,33.0138531487107,36.9309057035366,19
IRL,"Ireland",1994,33.6272792063014,38.4108384361502,19
IRL,"Ireland",1995,35.5944570095641,40.975735704662,19
IRL,"Ireland",1996,33.4484339443595,37.9687311686279,19
IRL,"Ireland",1997,32.3648212583681,37.7067995581603,19
IRL,"Ireland",1998,34.6017288362345,38.0372052294141,19
IRL,"Ireland",1999,36.961589692937,40.6352304042861,19
IRL,"Ireland",2000,35.0281926922419,38.8313258909362,19
IRL,"Ireland",2001,33.6556531925196,38.1469039438574,19
IRL,"Ireland",2002,33.3830715559473,37.8275395914671,19
IRL,"Ireland",2003,35.3226398433546,40.1887530671734,19
IRL,"Ireland",2004,33.7375616373779,37.2229601848626,19
IRL,"Ireland",2005,32.3674507542239,36.5631611552121,19
IRL,"Ireland",2006,33.6447812115207,38.5463272190755,19
IRL,"Ireland",2007,33.0933868047551,36.7575316767563,19
IRL,"Ireland",2008,32.6771464181537,38.048125249987,19
IRL,"Ireland",2009,32.4188180150769,36.5636186677892,19
IRL,"Ireland",2010,32.2909299384562,36.2326495886631,19
IRL,"Ireland",2011,31.7866534369767,35.9546578388646,19
IRL,"Ireland",2012,32.137465360391,35.8861106220459,19
IRL,"Ireland",2013,32.1911592696375,35.3244124579119,19
IRL,"Ireland",2014,22.7844319436951,26.0568380948296,19
IRL,"Ireland",2015,20.5727537820691,26.1546837044554,19
IRL,"Ireland",2016,30.4778028925903,34.3167807002105,19
IRL,"Ireland",2017,32.3433212867108,35.3884930556401,19
IRL,"Ireland",2018,33.6527850721341,37.7499201748193,19
IRL,"Ireland",2019,33.5868826301514,38.0653641663586,19
IRL,"Ireland",2020,31.9933794782635,36.1122107702623,19
IRL,"Ireland",2021,33.6027606991113,36.6044042543084,19
IRL,"Ireland",2022,34.0808598261202,38.0156924972701,19
IMN,"Isle of Man",1990,34.649328264555,39.7529078796439,1
IMN,"Isle of Man",1991,36.8350579599198,41.9001869222053,1
IMN,"Isle of Man",1992,35.2646488447864,41.4462322921259,1
IMN,"Isle of Man",1993,35.4235644649868,40.1646632543216,1
IMN,"Isle of Man",1994,33.7419546083824,40.0573163801086,1
IMN,"Isle of Man",1995,36.2787990646821,41.6797308265282,1
IMN,"Isle of Man",1996,34.9631592042054,39.6053278279291,1
IMN,"Isle of Man",1997,36.4918276806376,41.0897116038067,1
IMN,"Isle of Man",1998,37.1384793482989,40.647129439209,1
IMN,"Isle of Man",1999,38.4535760693318,42.1512313883997,1
IMN,"Isle of Man",2000,36.7033101153653,41.6863865224715,1
IMN,"Isle of Man",2001,37.5063014447129,42.7505103169491,1
IMN,"Isle of Man",2002,36.3892186909962,41.1217690448517,1
IMN,"Isle of Man",2003,36.190169881653,40.5726043494916,1
IMN,"Isle of Man",2004,35.9898123190381,39.0812034906108,1
IMN,"Isle of Man",2005,33.1150403954202,37.6741735242864,1
IMN,"Isle of Man",2006,36.1965442056789,42.1581143632479,1
IMN,"Isle of Man",2007,34.7587011253659,39.7725301293595,1
IMN,"Isle of Man",2008,32.2798363560107,37.7427469416093,1
IMN,"Isle of Man",2009,32.7605962903292,37.5959616332846,1
IMN,"Isle of Man",2010,32.4360873951596,36.7059849574213,1
IMN,"Isle of Man",2011,31.4735560977618,36.2423238816417,1
IMN,"Isle of Man",2012,32.468645453413,36.8180376379167,1
IMN,"Isle of Man",2013,31.4395104622412,37.0408440134873,1
IMN,"Isle of Man",2014,27.9031646648989,34.1211861698895,1
IMN,"Isle of Man",2015,23.0693471981463,27.5251219632483,1
IMN,"Isle of Man",2016,32.0340035426154,34.8621496223075,1
IMN,"Isle of Man",2017,33.209816898558,35.9429865480604,1
IMN,"Isle of Man",2018,33.5237433077239,37.0853624000025,1
IMN,"Isle of Man",2019,34.5270362771515,37.9960091530398,1
IMN,"Isle of Man",2020,35.3983063481638,38.4354276390932,1
IMN,"Isle of Man",2021,36.339883091881,38.7599765073937,1
IMN,"Isle of Man",2022,31.0385094474098,34.1037105962334,1
ISR,"Israel",1990,39.6569056883233,45.64409525784,3
ISR,"Israel",1991,36.3348303184618,49.9584821443975,3
ISR,"Israel",1992,36.089305238642,48.3864533978628,3
ISR,"Israel",1993,37.9026071242501,52.4221046854132,3
ISR,"Israel",1994,35.4306140805739,41.6100946376099,3
ISR,"Israel",1995,38.225796256894,48.7387905846793,3
ISR,"Israel",1996,43.0646740394967,52.7829411092078,3
ISR,"Israel",1997,43.1928154244704,51.5847025266221,3
ISR,"Israel",1998,47.8449825364076,56.2677925815386,3
ISR,"Israel",1999,46.5401036419052,56.5144418459679,3
ISR,"Israel",2000,35.8855299295033,45.788863373939,3
ISR,"Israel",2001,39.4847270998138,47.355004513098,3
ISR,"Israel",2002,46.8598811423456,58.2271315530901,3
ISR,"Israel",2003,40.9925796166382,52.6598090311351,3
ISR,"Israel",2004,42.0196618233981,52.2969649510566,3
ISR,"Israel",2005,40.6028423060427,52.4817563256487,3
ISR,"Israel",2006,40.4719809313951,49.4443631487311,3
ISR,"Israel",2007,48.6462804062048,54.2768689446368,3
ISR,"Israel",2008,46.5094642148435,51.824849453713,3
ISR,"Israel",2009,48.5492850671242,54.9863955054635,3
ISR,"Israel",2010,43.3778842597972,53.7260993656397,3
ISR,"Israel",2011,46.7209298142352,54.8996749352279,3
ISR,"Israel",2012,45.3108874036579,51.542641421429,3
ISR,"Israel",2013,41.325346686841,49.2102007030666,3
ISR,"Israel",2014,40.7204600797811,50.0130385643275,3
ISR,"Israel",2015,41.9092979196917,47.1546475746827,3
ISR,"Israel",2016,44.3130861150521,52.2224094680867,3
ISR,"Israel",2017,41.6174315839677,48.0704549002341,3
ISR,"Israel",2018,36.7563676411117,42.215895948934,3
ISR,"Israel",2019,40.7054324250177,50.1221210928397,3
ISR,"Israel",2020,41.258569472157,46.9937370925849,3
ISR,"Israel",2021,40.1347334598928,49.2405413851285,3
ISR,"Israel",2022,37.4518896576886,42.6479314175252,3
ITA,"Italy",1990,40.8867130759074,52.5424047137434,63
ITA,"Italy",1991,45.1571014857095,56.5427368248133,63
ITA,"Italy",1992,41.9020810582219,51.9190712622751,63
ITA,"Italy",1993,41.830543528259,53.239347795645,63
ITA,"Italy",1994,44.2153474953385,57.0812404346408,63
ITA,"Italy",1995,43.278878568061,55.0947395856585,63
ITA,"Italy",1996,44.235766367114,55.680840740946,63
ITA,"Italy",1997,44.0986391017691,55.0420073607404,63
ITA,"Italy",1998,45.6159414993815,57.8388981496988,63
ITA,"Italy",1999,35.8535971327353,47.3188367750843,63
ITA,"Italy",2000,37.6342963088856,50.15792058891,63
ITA,"Italy",2001,36.038855967845,48.1331018868286,63
ITA,"Italy",2002,34.5011885479088,45.7121283853792,63
ITA,"Italy",2003,38.8582527948113,52.4502118455983,63
ITA,"Italy",2004,36.457273763407,48.3661042574838,63
ITA,"Italy",2005,37.448672884779,49.7480771144583,63
ITA,"Italy",2006,38.1948873150721,51.5991485146064,63
ITA,"Italy",2007,37.0325863326696,49.7921670327774,63
ITA,"Italy",2008,35.7033532909,47.2191602114335,63
ITA,"Italy",2009,36.7938081263873,49.0623890463173,63
ITA,"Italy",2010,35.4013473504019,46.3587345528908,63
ITA,"Italy",2011,38.2028565996297,50.7083766508785,63
ITA,"Italy",2012,38.0819276390899,50.1202414038032,63
ITA,"Italy",2013,36.1364262713288,47.9547392894375,63
ITA,"Italy",2014,35.7416245685464,46.190160224032,63
ITA,"Italy",2015,38.3957238713013,50.975929810716,63
ITA,"Italy",2016,36.6650315581347,47.5584649991005,63
ITA,"Italy",2017,39.8501011494878,50.9970928959499,63
ITA,"Italy",2018,37.6649169212501,48.6290199951884,63
ITA,"Italy",2019,39.2711778049367,49.384264632413,63
ITA,"Italy",2020,37.3853415140807,47.5290315660532,63
ITA,"Italy",2021,37.8001516311388,47.6937753965374,63
ITA,"Italy",2022,38.9664966500652,49.6500737649383,63
JAM,"Jamaica",1990,36.4656636245539,38.7183746067948,4
JAM,"Jamaica",1991,36.3103231630889,40.1580668122996,4
JAM,"Jamaica",1992,32.9797318515068,38.078660036159,4
JAM,"Jamaica",1993,34.4507072969607,38.7614455402553,4
JAM,"Jamaica",1994,34.7203872646982,38.3164976533724,4
JAM,"Jamaica",1995,36.4317965483172,41.0116905941728,4
JAM,"Jamaica",1996,36.5610875472573,41.6992710225759,4
JAM,"Jamaica",1997,35.5312845509804,39.4735079594794,4
JAM,"Jamaica",1998,37.6675392139053,42.5101198375948,4
JAM,"Jamaica",1999,36.1547773483085,39.334958795757,4
JAM,"Jamaica",2000,37.833080843425,42.2410099193612,4
JAM,"Jamaica",2001,35.790299531742,38.0494946489127,4
JAM,"Jamaica",2002,36.5860715713085,40.5429447858306,4
JAM,"Jamaica",2003,35.4569655013561,39.8894012302775,4
JAM,"Jamaica",2004,35.9962631888905,39.5256976314023,4
JAM,"Jamaica",2005,34.5260148891327,37.917822642857,4
JAM,"Jamaica",2006,35.8641734532858,39.1887749654888,4
JAM,"Jamaica",2007,32.916465344777,36.6772887440008,4
JAM,"Jamaica",2008,35.2063415267274,38.5934205655957,4
JAM,"Jamaica",2009,31.5545997706799,35.7865716522593,4
JAM,"Jamaica",2010,34.4501135417183,38.052111996466,4
JAM,"Jamaica",2011,33.3750049157477,37.9469570038181,4
JAM,"Jamaica",2012,33.7338130455528,38.3333460030243,4
JAM,"Jamaica",2013,37.5445950755014,40.8468301083223,4
JAM,"Jamaica",2014,33.3273672980311,36.4287451868593,4
JAM,"Jamaica",2015,31.7855956736655,35.4201412481129,4
JAM,"Jamaica",2016,33.188045555363,36.96841270588,4
JAM,"Jamaica",2017,33.602499480485,37.2369922715146,4
JAM,"Jamaica",2018,34.6357954217967,37.0712149229781,4
JAM,"Jamaica",2019,32.8538019150457,36.5065830860447,4
JAM,"Jamaica",2020,32.4359622514529,34.8991042011812,4
JAM,"Jamaica",2021,32.6386945678626,35.2903644854852,4
JAM,"Jamaica",2022,32.4746647947649,34.7699242560667,4
JPN,"Japan",1990,35.0028900357331,42.2384749693565,332
JPN,"Japan",1991,33.4440100726067,40.5669824239955,332
JPN,"Japan",1992,35.2366420890759,43.2097003545734,332
JPN,"Japan",1993,34.7332619311409,41.7457097861997,332
JPN,"Japan",1994,37.9155251323144,46.1589233696776,332
JPN,"Japan",1995,36.9052617627095,43.5810064065888,332
JPN,"Japan",1996,37.029375717999,44.7050333535251,332
JPN,"Japan",1997,37.6941881067436,44.4976450102494,332
JPN,"Japan",1998,36.6679105753954,43.3944340051083,332
JPN,"Japan",1999,37.8247637015818,45.5295373611899,332
JPN,"Japan",2000,39.2230693728824,48.9393049205917,332
JPN,"Japan",2001,40.3465025927245,48.6430300708044,332
JPN,"Japan",2002,40.5265640002794,47.475693736972,332
JPN,"Japan",2003,40.2733097281895,48.1166017279276,332
JPN,"Japan",2004,41.8350354892617,50.4088222979889,332
JPN,"Japan",2005,41.8716254255436,50.6483858480081,332
JPN,"Japan",2006,41.0845314936331,49.0137379682877,332
JPN,"Japan",2007,42.0499989580726,50.4724395971185,332
JPN,"Japan",2008,42.5813164460239,51.4329139687556,332
JPN,"Japan",2009,38.6246250134414,45.726863825939,332
JPN,"Japan",2010,37.8117491846877,44.3875972931281,332
JPN,"Japan",2011,35.0747028344191,41.3470761443185,332
JPN,"Japan",2012,35.765121420048,42.0920580737593,332
JPN,"Japan",2013,37.7884065897663,44.6868766170358,332
JPN,"Japan",2014,37.8874671743669,44.9668777578698,332
JPN,"Japan",2015,37.8820123453535,44.2683233035246,332
JPN,"Japan",2016,37.1916831915431,44.0342169005651,332
JPN,"Japan",2017,39.2055755059989,45.9176657991824,332
JPN,"Japan",2018,37.8678625318792,43.8177315051952,332
JPN,"Japan",2019,38.7948639203518,45.367955965078,332
JPN,"Japan",2020,36.5643376438979,42.0944558119879,332
JPN,"Japan",2021,40.7016636864547,45.2452005689634,332
JPN,"Japan",2022,41.5819654669789,47.043008603932,332
JOR,"Jordan",1990,39.6623318435336,45.6195153857077,8
JOR,"Jordan",1991,35.6511434958544,50.604143576824,8
JOR,"Jordan",1992,35.6278991241281,48.4645660379838,8
JOR,"Jordan",1993,37.3723080579395,52.90395460724,8
JOR,"Jordan",1994,34.9236295319424,41.1736234486935,8
JOR,"Jordan",1995,37.6263474443773,49.0068031768259,8
JOR,"Jordan",1996,42.3117562350406,51.9064152189168,8
JOR,"Jordan",1997,42.8027630584994,50.4947663167012,8
JOR,"Jordan",1998,46.5773716617249,55.7677187746957,8
JOR,"Jordan",1999,45.9043475572807,58.2982269312187,8
JOR,"Jordan",2000,35.6253553195658,44.7820024274277,8
JOR,"Jordan",2001,42.2638791149985,51.5092833134127,8
JOR,"Jordan",2002,48.4497968696466,59.1359203206182,8
JOR,"Jordan",2003,42.526273242655,52.6277651343791,8
JOR,"Jordan",2004,43.6414838362091,54.4651775995295,8
JOR,"Jordan",2005,40.5236425391344,52.4166654585133,8
JOR,"Jordan",2006,43.2126802314453,52.396890896315,8
JOR,"Jordan",2007,46.9716480665535,55.0862640221543,8
JOR,"Jordan",2008,49.4401720640838,55.5283792773213,8
JOR,"Jordan",2009,47.6917197671403,52.7693598269913,8
JOR,"Jordan",2010,43.7617280425933,52.0804053196917,8
JOR,"Jordan",2011,46.1861137802328,54.6492737257486,8
JOR,"Jordan",2012,46.6818708080096,50.8287379571793,8
JOR,"Jordan",2013,40.9586073987748,45.6830555843963,8
JOR,"Jordan",2014,38.5099405657919,46.9796591528422,8
JOR,"Jordan",2015,42.5430950107809,48.4478138805848,8
JOR,"Jordan",2016,43.7500203011014,50.5863217419988,8
JOR,"Jordan",2017,43.1567095980735,50.7761138649219,8
JOR,"Jordan",2018,40.3386005997251,49.3361385161336,8
JOR,"Jordan",2019,40.0740884749476,48.7481212692588,8
JOR,"Jordan",2020,40.1482893207343,48.571243370272,8
JOR,"Jordan",2021,42.5209965417052,53.0468832470551,8
JOR,"Jordan",2022,34.9279329820498,39.9041268031758,8
KAZ,"Kazakhstan",1990,34.5801419185834,34.7194508118442,332
KAZ,"Kazakhstan",1991,29.4664464594693,38.1930445743689,332
KAZ,"Kazakhstan",1992,27.4634760958253,35.1960776946236,332
KAZ,"Kazakhstan",1993,28.9825857809499,37.3249931926885,332
KAZ,"Kazakhstan",1994,29.5316496749869,37.3961534499949,332
KAZ,"Kazakhstan",1995,33.3050862914022,40.1166529421483,332
KAZ,"Kazakhstan",1996,34.2621056437104,41.9931852737385,332
KAZ,"Kazakhstan",1997,38.9876509479426,44.8729688263673,332
KAZ,"Kazakhstan",1998,32.4505861919492,38.0576550852229,332
KAZ,"Kazakhstan",1999,28.922362671179,34.3022422076716,332
KAZ,"Kazakhstan",2000,28.2392518551444,35.4099344399006,332
KAZ,"Kazakhstan",2001,33.4370581700889,41.2963095468923,332
KAZ,"Kazakhstan",2002,39.0441004267123,43.8554244865013,332
KAZ,"Kazakhstan",2003,40.7054906883068,50.6439426957372,332
KAZ,"Kazakhstan",2004,39.0011009141463,48.9397121685295,332
KAZ,"Kazakhstan",2005,33.8638804638811,39.3811080949029,332
KAZ,"Kazakhstan",2006,38.8364844112443,44.1488385593172,332
KAZ,"Kazakhstan",2007,42.5604322189804,49.2405750186391,332
KAZ,"Kazakhstan",2008,44.1728073741055,52.486438838663,332
KAZ,"Kazakhstan",2009,33.5031868893863,40.5986895319638,332
KAZ,"Kazakhstan",2010,33.5264871713698,40.6439295026027,332
KAZ,"Kazakhstan",2011,31.5889001587294,36.8177900180388,332
KAZ,"Kazakhstan",2012,34.73485003041,42.201664235009,332
KAZ,"Kazakhstan",2013,23.4911540170031,27.271631100919,332
KAZ,"Kazakhstan",2014,28.5734350935946,38.3791109505499,332
KAZ,"Kazakhstan",2015,28.3447827068061,34.9925967895027,332
KAZ,"Kazakhstan",2016,28.3314863464526,34.4564168707961,332
KAZ,"Kazakhstan",2017,31.6278813744533,40.8166434403153,332
KAZ,"Kazakhstan",2018,35.0649724676947,42.4546785626433,332
KAZ,"Kazakhstan",2019,33.775015580962,41.9554059178771,332
KAZ,"Kazakhstan",2020,33.1276057582218,39.7327327981237,332
KAZ,"Kazakhstan",2021,32.4449013734991,40.7076725162848,332
KAZ,"Kazakhstan",2022,42.1552482019748,49.5364016249937,332
KEN,"Kenya",1990,38.1141123240728,38.1652148711699,50
KEN,"Kenya",1991,25.1229259181678,29.3587779648713,50
KEN,"Kenya",1992,25.0385841060905,30.3718618843858,50
KEN,"Kenya",1993,25.0463498569537,33.5465191298393,50
KEN,"Kenya",1994,23.8429884219739,27.5208749886128,50
KEN,"Kenya",1995,25.1758756154396,27.2846082307793,50
KEN,"Kenya",1996,25.6565056550028,30.5508268328341,50
KEN,"Kenya",1997,29.4144864417141,32.1576839024914,50
KEN,"Kenya",1998,25.1237866860348,28.9010961868222,50
KEN,"Kenya",1999,23.5921589640991,26.4052659386165,50
KEN,"Kenya",2000,24.2498000674886,29.201077887427,50
KEN,"Kenya",2001,24.8303268176007,27.0972532604915,50
KEN,"Kenya",2002,26.4385172551479,29.9819446482185,50
KEN,"Kenya",2003,31.9332351099435,36.3582000164702,50
KEN,"Kenya",2004,27.2434200437093,31.1685790421372,50
KEN,"Kenya",2005,27.6643598774829,30.0248747091242,50
KEN,"Kenya",2006,24.7858307905044,27.9525430344965,50
KEN,"Kenya",2007,27.304375719968,29.925075451414,50
KEN,"Kenya",2008,28.8199957429287,30.7247917064492,50
KEN,"Kenya",2009,28.0085975089104,32.2037765945179,50
KEN,"Kenya",2010,29.2889731080555,34.4314159794252,50
KEN,"Kenya",2011,35.3954950233689,38.3436751720844,50
KEN,"Kenya",2012,32.7305436929874,36.0112150465487,50
KEN,"Kenya",2013,29.714059509756,34.4762626617931,50
KEN,"Kenya",2014,35.6587754135196,37.9597747825606,50
KEN,"Kenya",2015,36.4281447052246,39.2084313446011,50
KEN,"Kenya",2016,33.6350039588035,36.597743545422,50
KEN,"Kenya",2017,33.7525913968497,36.4831867158427,50
KEN,"Kenya",2018,34.4440230238057,37.5099932034957,50
KEN,"Kenya",2019,32.8125169630668,35.3650578737277,50
KEN,"Kenya",2020,28.5420607361005,31.5581660492794,50
KEN,"Kenya",2021,30.0358274158231,34.5704646617885,50
KEN,"Kenya",2022,37.3054741537739,37.9123139851989,50
KIR,"Kiribati",1990,32.2870766666331,32.6021314197576,26
KIR,"Kiribati",1991,18.062102122759,21.3549466469595,26
KIR,"Kiribati",1992,19.2371933739719,22.5638956953058,26
KIR,"Kiribati",1993,20.5539290572449,25.5496809518065,26
KIR,"Kiribati",1994,17.9038327203224,21.94135265879,26
KIR,"Kiribati",1995,18.416736809484,20.1357263872897,26
KIR,"Kiribati",1996,19.9728216720905,24.0604485257688,26
KIR,"Kiribati",1997,19.1747221103436,23.236996998036,26
KIR,"Kiribati",1998,20.3777935391641,21.5038254420508,26
KIR,"Kiribati",1999,18.7688205961766,21.388648651593,26
KIR,"Kiribati",2000,19.3466323224939,20.7232805471598,26
KIR,"Kiribati",2001,19.4413086626385,21.3259353059921,26
KIR,"Kiribati",2002,19.966539884592,22.5027725267489,26
KIR,"Kiribati",2003,18.9521130315954,22.3700383699945,26
KIR,"Kiribati",2004,20.0393396157134,22.9252140247806,26
KIR,"Kiribati",2005,18.1971702514029,19.3834770760347,26
KIR,"Kiribati",2006,16.8850213508189,19.0927335519215,26
KIR,"Kiribati",2007,17.1348386366742,17.8928537353501,26
KIR,"Kiribati",2008,13.1421739552108,14.6326391914362,26
KIR,"Kiribati",2009,15.3211677434908,17.707062859031,26
KIR,"Kiribati",2010,17.101302163575,18.2403340807493,26
KIR,"Kiribati",2011,13.4541495238289,14.3451028914297,26
KIR,"Kiribati",2012,15.3669571084545,16.8092720350798,26
KIR,"Kiribati",2013,17.9634621442988,20.6327769695498,26
KIR,"Kiribati",2014,14.6965034966385,18.8800947630836,26
KIR,"Kiribati",2015,15.2399268302025,19.3500692798333,26
KIR,"Kiribati",2016,17.4406402669572,19.2436606569423,26
KIR,"Kiribati",2017,17.2674865562918,18.5734039629091,26
KIR,"Kiribati",2018,17.1496933970526,18.9337356040871,26
KIR,"Kiribati",2019,18.2052303034595,20.474212005376,26
KIR,"Kiribati",2020,17.9936437490401,19.6281540136399,26
KIR,"Kiribati",2021,18.1734653029439,25.6691534588138,26
KIR,"Kiribati",2022,33.6104460665205,33.813209064533,26
KWT,"Kuwait",1990,38.176797685321,40.8245515086209,2
KWT,"Kuwait",1991,50.9189605660396,56.5901083897441,2
KWT,"Kuwait",1992,46.8958840107543,51.9257324493446,2
KWT,"Kuwait",1993,50.7186960636388,57.7429185339889,2
KWT,"Kuwait",1994,51.0361305132204,57.9489782001371,2
KWT,"Kuwait",1995,52.9168636550039,58.6934161436052,2
KWT,"Kuwait",1996,52.2805745339023,58.0836244116014,2
KWT,"Kuwait",1997,52.464654979787,58.176731462333,2
KWT,"Kuwait",1998,56.7666543937926,63.2904227935506,2
KWT,"Kuwait",1999,56.071039541292,61.3106664890107,2
KWT,"Kuwait",2000,49.9333997586631,58.2819979463673,2
KWT,"Kuwait",2001,51.7278492149323,60.1101560474568,2
KWT,"Kuwait",2002,47.180400897361,55.0418220876861,2
KWT,"Kuwait",2003,47.6988971821501,55.9115078588639,2
KWT,"Kuwait",2004,46.7245541162108,52.8998500371986,2
KWT,"Kuwait",2005,53.2749346379877,59.1019140816396,2
KWT,"Kuwait",2006,47.9618701130648,53.6906716082573,2
KWT,"Kuwait",2007,50.8688581984651,55.9139821884543,2
KWT,"Kuwait",2008,51.3503827834781,55.7224964169686,2
KWT,"Kuwait",2009,47.9878948418325,52.5226978960984,2
KWT,"Kuwait",2010,47.9580808315027,51.5425952291236,2
KWT,"Kuwait",2011,52.7532377565783,60.3668975206936,2
KWT,"Kuwait",2012,49.5048933581843,55.557452695343,2
KWT,"Kuwait",2013,47.2914804996096,52.0161563688681,2
KWT,"Kuwait",2014,47.862513205864,54.2824957169124,2
KWT,"Kuwait",2015,47.9169581316836,54.2806836362966,2
KWT,"Kuwait",2016,47.2676194340266,55.5825501691038,2
KWT,"Kuwait",2017,53.82531259668,65.3107104218762,2
KWT,"Kuwait",2018,50.0286749845071,62.1449180741481,2
KWT,"Kuwait",2019,48.31661847878,63.9516791643432,2
KWT,"Kuwait",2020,46.0437216008038,56.845111413591,2
KWT,"Kuwait",2021,54.4382389375049,67.4374227654386,2
KWT,"Kuwait",2022,39.0952181531497,45.9272091910359,2
KGZ,"Kyrgyzstan",1990,36.025337653691,36.1471533819131,21
KGZ,"Kyrgyzstan",1991,33.7301761670079,46.9131252926919,21
KGZ,"Kyrgyzstan",1992,31.0773055041315,41.6691232239242,21
KGZ,"Kyrgyzstan",1993,31.7353803990972,44.5004468434363,21
KGZ,"Kyrgyzstan",1994,30.3198766061336,38.6960443102294,21
KGZ,"Kyrgyzstan",1995,37.2305510282707,48.1040897444517,21
KGZ,"Kyrgyzstan",1996,34.7359623115105,42.9273027116816,21
KGZ,"Kyrgyzstan",1997,45.5009839384524,52.1092958688989,21
KGZ,"Kyrgyzstan",1998,41.6379806903834,44.9698277586272,21
KGZ,"Kyrgyzstan",1999,42.9241810380723,49.053284376518,21
KGZ,"Kyrgyzstan",2000,36.3813089595692,43.3041947252599,21
KGZ,"Kyrgyzstan",2001,40.9878628448346,47.8802545439325,21
KGZ,"Kyrgyzstan",2002,44.2468507074796,52.716607103021,21
KGZ,"Kyrgyzstan",2003,45.1935679505088,55.0003742305429,21
KGZ,"Kyrgyzstan",2004,43.2631138473485,50.937778322005,21
KGZ,"Kyrgyzstan",2005,43.2534016798578,47.4493212479344,21
KGZ,"Kyrgyzstan",2006,45.16782922287,52.1368774053373,21
KGZ,"Kyrgyzstan",2007,51.7406719036708,57.2983950262823,21
KGZ,"Kyrgyzstan",2008,53.3065897089781,59.1641609011566,21
KGZ,"Kyrgyzstan",2009,43.9852640419689,49.0040898449132,21
KGZ,"Kyrgyzstan",2010,41.3137961795615,48.7487185008389,21
KGZ,"Kyrgyzstan",2011,39.4738401168739,47.4218633227425,21
KGZ,"Kyrgyzstan",2012,42.4133112047461,48.1475024959778,21
KGZ,"Kyrgyzstan",2013,27.0549728271752,29.5710230975341,21
KGZ,"Kyrgyzstan",2014,35.2812291870691,46.1065854883446,21
KGZ,"Kyrgyzstan",2015,37.5038419649435,46.0565128454392,21
KGZ,"Kyrgyzstan",2016,34.7135849762636,42.8317331969793,21
KGZ,"Kyrgyzstan",2017,40.7227562486209,51.2494755322119,21
KGZ,"Kyrgyzstan",2018,44.2603666158903,52.6086824599237,21
KGZ,"Kyrgyzstan",2019,42.1434802727646,51.4800314125133,21
KGZ,"Kyrgyzstan",2020,40.2027986637365,47.1306616577609,21
KGZ,"Kyrgyzstan",2021,40.2930675256928,50.1207342054707,21
KGZ,"Kyrgyzstan",2022,45.3421737337946,53.9915837130041,21
LAO,"Lao People's Democratic Republic",1990,33.4351829563,33.623759934741,20
LAO,"Lao People's Democratic Republic",1991,25.6255237822548,29.3708427820053,20
LAO,"Lao People's Democratic Republic",1992,25.3858448947631,30.2932294845936,20
LAO,"Lao People's Democratic Republic",1993,27.7963099677314,32.3724029462238,20
LAO,"Lao People's Democratic Republic",1994,25.4102304276865,30.3772526476454,20
LAO,"Lao People's Democratic Republic",1995,25.209511694138,30.0683322707198,20
LAO,"Lao People's Democratic Republic",1996,26.1019531266217,31.5217400254271,20
LAO,"Lao People's Democratic Republic",1997,27.4512056953748,32.3095398841097,20
LAO,"Lao People's Democratic Republic",1998,29.8012254879099,35.025007207373,20
LAO,"Lao People's Democratic Republic",1999,27.9115636860953,32.2523466107562,20
LAO,"Lao People's Democratic Republic",2000,27.4536456624787,29.8657377373754,20
LAO,"Lao People's Democratic Republic",2001,29.0911186090703,31.4977018032763,20
LAO,"Lao People's Democratic Republic",2002,28.3501360010828,30.8791652031756,20
LAO,"Lao People's Democratic Republic",2003,28.6590413806743,30.8683586706514,20
LAO,"Lao People's Democratic Republic",2004,31.4365974411957,34.4762824237308,20
LAO,"Lao People's Democratic Republic",2005,28.3357883416374,31.6652049306062,20
LAO,"Lao People's Democratic Republic",2006,30.5806375698302,33.6129688142551,20
LAO,"Lao People's Democratic Republic",2007,30.2550742360519,34.790641042977,20
LAO,"Lao People's Democratic Republic",2008,25.5002136192222,32.3567668180477,20
LAO,"Lao People's Democratic Republic",2009,30.4810237485881,36.6262416728299,20
LAO,"Lao People's Democratic Republic",2010,30.0842836599835,33.2525574269756,20
LAO,"Lao People's Democratic Republic",2011,28.2920787352224,32.9152067237661,20
LAO,"Lao People's Democratic Republic",2012,29.8958548338249,35.4407603621198,20
LAO,"Lao People's Democratic Republic",2013,26.8598060747753,32.5106984347549,20
LAO,"Lao People's Democratic Republic",2014,26.5606645204647,33.4058261085149,20
LAO,"Lao People's Democratic Republic",2015,30.0374182198488,37.8687756374277,20
LAO,"Lao People's Democratic Republic",2016,31.2455460263828,38.0221802764519,20
LAO,"Lao People's Democratic Republic",2017,32.5593372278472,38.1205268095177,20
LAO,"Lao People's Democratic Republic",2018,31.6555530753929,37.5828538290892,20
LAO,"Lao People's Democratic Republic",2019,34.8866996566895,40.2259495123743,20
LAO,"Lao People's Democratic Republic",2020,32.7700574108418,40.0227131229911,20
LAO,"Lao People's Democratic Republic",2021,32.3659865931924,38.2802932956851,20
LAO,"Lao People's Democratic Republic",2022,36.5049104775164,38.3157652673964,20
LVA,"Latvia",1990,33.5650387819155,41.6539778721929,10
LVA,"Latvia",1991,33.481012966176,39.7299672974663,10
LVA,"Latvia",1992,36.7283908709631,45.2225273448591,10
LVA,"Latvia",1993,34.882664228654,41.1495209579273,10
LVA,"Latvia",1994,34.1632222474195,41.0501875990551,10
LVA,"Latvia",1995,35.2804798040445,41.1019927052431,10
LVA,"Latvia",1996,39.7426435255733,49.1625992765584,10
LVA,"Latvia",1997,34.4547533400386,40.779771037366,10
LVA,"Latvia",1998,35.0730447508033,40.8373650010676,10
LVA,"Latvia",1999,37.3102907965129,43.6203827503302,10
LVA,"Latvia",2000,33.8006583211065,39.7682444692824,10
LVA,"Latvia",2001,34.8894933610604,39.9264749225777,10
LVA,"Latvia",2002,36.9833649333002,44.0221712572032,10
LVA,"Latvia",2003,32.4495711747198,39.7367236100518,10
LVA,"Latvia",2004,31.8199686945188,38.2252247357588,10
LVA,"Latvia",2005,33.0416346276658,41.2398143823141,10
LVA,"Latvia",2006,33.0063069583949,40.4940418464189,10
LVA,"Latvia",2007,29.8207447120059,36.3778054386697,10
LVA,"Latvia",2008,31.5461161512608,37.7843972276536,10
LVA,"Latvia",2009,32.6099172513325,40.9055923869771,10
LVA,"Latvia",2010,33.5010643004004,39.5169057972361,10
LVA,"Latvia",2011,34.2779166816006,41.2255850073793,10
LVA,"Latvia",2012,34.1525311078273,41.4851273549025,10
LVA,"Latvia",2013,28.3046485638369,34.0072264387516,10
LVA,"Latvia",2014,29.8988329252645,37.3850199201208,10
LVA,"Latvia",2015,30.5745017611746,35.6264240990566,10
LVA,"Latvia",2016,33.0914906810814,38.7151989111348,10
LVA,"Latvia",2017,30.6390874728025,35.3940814499916,10
LVA,"Latvia",2018,31.6359231099608,37.4452800025254,10
LVA,"Latvia",2019,31.673511404602,36.7422343016856,10
LVA,"Latvia",2020,30.477586299112,34.7378745241516,10
LVA,"Latvia",2021,33.9909251776406,40.0937575039591,10
LVA,"Latvia",2022,33.0443540337202,39.2900139364667,10
LBN,"Lebanon",1990,39.7033561320915,45.7732800488446,3
LBN,"Lebanon",1991,41.022948305083,49.5526403245835,3
LBN,"Lebanon",1992,37.6190832661175,45.870968200595,3
LBN,"Lebanon",1993,42.2763932600651,51.7853340060358,3
LBN,"Lebanon",1994,39.2826048932611,46.4893081904417,3
LBN,"Lebanon",1995,42.3315946460629,49.092059714433,3
LBN,"Lebanon",1996,45.0322555152774,52.6791447875592,3
LBN,"Lebanon",1997,44.4368625634043,50.9226287166023,3
LBN,"Lebanon",1998,48.1926857811666,56.4655505958506,3
LBN,"Lebanon",1999,48.5786068978157,56.2608546439648,3
LBN,"Lebanon",2000,43.0270535725924,50.6504920240375,3
LBN,"Lebanon",2001,45.2851273691793,53.3966299576793,3
LBN,"Lebanon",2002,47.2565091754562,54.5494196478431,3
LBN,"Lebanon",2003,45.5844079549004,55.3170445272861,3
LBN,"Lebanon",2004,45.7427448539296,54.4429263258665,3
LBN,"Lebanon",2005,43.3272031861541,52.3161627076103,3
LBN,"Lebanon",2006,45.6840594113329,53.7516943517853,3
LBN,"Lebanon",2007,49.332625804528,57.113998415493,3
LBN,"Lebanon",2008,51.1618929349589,57.1173219336536,3
LBN,"Lebanon",2009,46.4351127999256,51.9771076414929,3
LBN,"Lebanon",2010,45.1921971652075,51.0033806249611,3
LBN,"Lebanon",2011,43.1985883750869,48.7530691087943,3
LBN,"Lebanon",2012,43.0537946307876,49.0448026685065,3
LBN,"Lebanon",2013,42.1133927744661,47.1075223431059,3
LBN,"Lebanon",2014,41.5437973945062,49.6705624493306,3
LBN,"Lebanon",2015,39.1939025974305,46.6298590659734,3
LBN,"Lebanon",2016,42.6862692640659,48.4931018494377,3
LBN,"Lebanon",2017,40.8498819848989,47.83672268904,3
LBN,"Lebanon",2018,36.4415223890019,41.5387413438158,3
LBN,"Lebanon",2019,37.6607678695918,42.0689738622031,3
LBN,"Lebanon",2020,40.4198226093496,46.3799615557353,3
LBN,"Lebanon",2021,42.1973854069203,47.853007100344,3
LBN,"Lebanon",2022,33.3126609920868,37.1810278363625,3
LSO,"Lesotho",1990,37.7243262014633,37.7754287485604,2
LSO,"Lesotho",1991,29.9318302508875,34.8331682683589,2
LSO,"Lesotho",1992,29.723136490118,36.2688044778098,2
LSO,"Lesotho",1993,30.4605907985591,37.7416799607914,2
LSO,"Lesotho",1994,30.7612045445654,34.4909457201629,2
LSO,"Lesotho",1995,27.7510575292255,32.0670302580311,2
LSO,"Lesotho",1996,27.6494965907123,32.605086256398,2
LSO,"Lesotho",1997,35.8370518839055,37.6067525092184,2
LSO,"Lesotho",1998,33.0423784914483,35.5170967402412,2
LSO,"Lesotho",1999,32.1253502739801,36.5391471160761,2
LSO,"Lesotho",2000,37.5449263508356,39.5847912729786,2
LSO,"Lesotho",2001,34.7374118091861,37.546685881252,2
LSO,"Lesotho",2002,37.2254545181485,40.0415606203273,2
LSO,"Lesotho",2003,43.2185149477293,46.1859851976751,2
LSO,"Lesotho",2004,40.0430340450644,46.5607130892752,2
LSO,"Lesotho",2005,48.1774162776422,49.9651281409413,2
LSO,"Lesotho",2006,39.8250844148402,42.2517381029887,2
LSO,"Lesotho",2007,34.8900528113572,38.7385871413752,2
LSO,"Lesotho",2008,35.3207961979128,38.2356079718818,2
LSO,"Lesotho",2009,31.5893488239962,35.7238337159213,2
LSO,"Lesotho",2010,34.079931089207,36.8906628702049,2
LSO,"Lesotho",2011,36.367229964446,41.1943260936853,2
LSO,"Lesotho",2012,35.9650803719534,41.1475438715194,2
LSO,"Lesotho",2013,38.0921728266109,40.3076384112997,2
LSO,"Lesotho",2014,43.6311765501917,46.3963987373391,2
LSO,"Lesotho",2015,45.6456936042238,50.5653059032057,2
LSO,"Lesotho",2016,40.4240861374181,42.1046070820908,2
LSO,"Lesotho",2017,38.1581055246982,40.0811932600066,2
LSO,"Lesotho",2018,34.4236167634421,36.6779360937138,2
LSO,"Lesotho",2019,36.4259782880417,38.6517581424137,2
LSO,"Lesotho",2020,38.6949841933395,41.4363016775709,2
LSO,"Lesotho",2021,44.1893626391228,49.8646661191796,2
LSO,"Lesotho",2022,27.7368602535539,28.0764050922681,2
LBR,"Liberia",1990,45.7340745223232,45.7851770694204,12
LBR,"Liberia",1991,27.3200309726909,29.814805456231,12
LBR,"Liberia",1992,28.28768089519,32.869671415017,12
LBR,"Liberia",1993,26.9185286798023,31.9506892429515,12
LBR,"Liberia",1994,25.8043223460796,29.4132816453739,12
LBR,"Liberia",1995,28.6342392772119,30.6309310633342,12
LBR,"Liberia",1996,28.1364416978043,34.7129877632284,12
LBR,"Liberia",1997,31.9070049872979,35.6361290600781,12
LBR,"Liberia",1998,31.4902064759968,36.2684965790473,12
LBR,"Liberia",1999,32.9383495357409,36.327073516035,12
LBR,"Liberia",2000,31.837229227341,34.5109044333578,12
LBR,"Liberia",2001,28.4830996567225,31.0535959741037,12
LBR,"Liberia",2002,30.9298080739192,33.5549170038977,12
LBR,"Liberia",2003,30.8713513783952,35.0600196738329,12
LBR,"Liberia",2004,29.6342357713062,32.1458728999757,12
LBR,"Liberia",2005,27.2619799020789,30.5851046379867,12
LBR,"Liberia",2006,28.4181008657422,31.4001479714234,12
LBR,"Liberia",2007,27.3346477574359,31.0561762731463,12
LBR,"Liberia",2008,29.1140420834419,33.2180905197261,12
LBR,"Liberia",2009,28.1850218222254,32.0256448319624,12
LBR,"Liberia",2010,28.0568286386118,32.8344730743033,12
LBR,"Liberia",2011,29.6306249632556,33.4989021744018,12
LBR,"Liberia",2012,30.2468872657133,34.2813250098545,12
LBR,"Liberia",2013,28.4590831404356,33.7987668001635,12
LBR,"Liberia",2014,27.4327611620969,32.0536491445506,12
LBR,"Liberia",2015,30.7239603999879,34.4919680619652,12
LBR,"Liberia",2016,29.5755222964851,33.5623776436672,12
LBR,"Liberia",2017,31.0193330021065,34.5304050944865,12
LBR,"Liberia",2018,29.292145806228,32.7434946896629,12
LBR,"Liberia",2019,30.129384132576,34.4237359005763,12
LBR,"Liberia",2020,29.3884588507555,32.3599895905872,12
LBR,"Liberia",2021,28.6286696464219,32.6464709834328,12
LBR,"Liberia",2022,35.4567399045632,37.3581264958427,12
LBY,"Libya",1990,40.1048457623256,50.103650276106,159
LBY,"Libya",1991,33.3736675879493,40.2118824926352,159
LBY,"Libya",1992,29.4056064074267,37.450118207389,159
LBY,"Libya",1993,30.6471483436936,40.2465834214332,159
LBY,"Libya",1994,33.6567922764156,42.7255013203315,159
LBY,"Libya",1995,35.091609920411,43.8425631954692,159
LBY,"Libya",1996,35.5246918253042,43.2265706075639,159
LBY,"Libya",1997,39.2658554299458,45.5958909741968,159
LBY,"Libya",1998,39.4938329301756,44.0390537372963,159
LBY,"Libya",1999,32.3290565456269,38.9474927716273,159
LBY,"Libya",2000,41.1768160264075,47.5569193913108,159
LBY,"Libya",2001,37.3921045716703,42.9407998063126,159
LBY,"Libya",2002,35.5539645562539,40.4207266029764,159
LBY,"Libya",2003,42.0796328220668,50.6227247385683,159
LBY,"Libya",2004,38.2771459626101,42.6313235388329,159
LBY,"Libya",2005,36.4664262094229,42.0987537851352,159
LBY,"Libya",2006,35.6904549097054,41.8794832573427,159
LBY,"Libya",2007,37.723627688411,41.6655327038012,159
LBY,"Libya",2008,38.9581529057229,43.5220868638133,159
LBY,"Libya",2009,37.3526054937344,42.0948645231258,159
LBY,"Libya",2010,37.6624168076242,43.6436178408115,159
LBY,"Libya",2011,41.8408932092718,46.846904159856,159
LBY,"Libya",2012,40.8529388418791,45.9261671874941,159
LBY,"Libya",2013,38.8879779317183,44.3943025641824,159
LBY,"Libya",2014,38.6545637292538,44.9864330526728,159
LBY,"Libya",2015,42.2101297853957,47.9518401717367,159
LBY,"Libya",2016,42.7139478590526,48.0275032422609,159
LBY,"Libya",2017,45.7103781056795,51.1285269639175,159
LBY,"Libya",2018,42.8384050919715,47.6440521953742,159
LBY,"Libya",2019,42.9179985301917,48.3582553261819,159
LBY,"Libya",2020,43.9676777799278,48.7859682541464,159
LBY,"Libya",2021,41.0559276203128,46.306680018655,159
LBY,"Libya",2022,43.7898809399165,48.378169346045,159
LTU,"Lithuania",1990,34.42962083914,43.0581787540395,10
LTU,"Lithuania",1991,31.4296555182979,38.5087030602532,10
LTU,"Lithuania",1992,34.488868015006,43.1697527648201,10
LTU,"Lithuania",1993,32.7446984629405,39.1963155686706,10
LTU,"Lithuania",1994,33.4298642190266,40.2646292759968,10
LTU,"Lithuania",1995,32.5208758267623,38.4852841879579,10
LTU,"Lithuania",1996,37.5553440206024,46.7722236405804,10
LTU,"Lithuania",1997,29.9109977106699,36.5284764587302,10
LTU,"Lithuania",1998,32.6305064792898,39.0753188527312,10
LTU,"Lithuania",1999,33.3810395060285,40.0785271495148,10
LTU,"Lithuania",2000,30.2578301461108,37.3730815624787,10
LTU,"Lithuania",2001,31.6129968575193,36.9198759852561,10
LTU,"Lithuania",2002,33.8565460796927,42.1252205982022,10
LTU,"Lithuania",2003,30.9114108587677,39.9249182058288,10
LTU,"Lithuania",2004,28.5749081885175,34.669871052876,10
LTU,"Lithuania",2005,31.699850449144,40.463569687674,10
LTU,"Lithuania",2006,30.3111847258651,39.7081403756556,10
LTU,"Lithuania",2007,27.3160966994964,34.4283613683414,10
LTU,"Lithuania",2008,30.9805704236435,38.7008795134409,10
LTU,"Lithuania",2009,28.7869813395271,36.5553061638912,10
LTU,"Lithuania",2010,29.482008361036,36.1081678980115,10
LTU,"Lithuania",2011,30.6372155917554,39.6490098521012,10
LTU,"Lithuania",2012,30.656365611543,39.5846895510734,10
LTU,"Lithuania",2013,29.8133273448711,37.4838741928761,10
LTU,"Lithuania",2014,28.7610099733069,36.1858224539454,10
LTU,"Lithuania",2015,29.4495989372046,36.7458741448057,10
LTU,"Lithuania",2016,29.6482180711532,36.8576204181373,10
LTU,"Lithuania",2017,26.9117167068364,31.9768793852266,10
LTU,"Lithuania",2018,30.5617346963855,38.4229345303592,10
LTU,"Lithuania",2019,30.9137884170819,38.4926346484847,10
LTU,"Lithuania",2020,27.7434721444572,34.0104309202928,10
LTU,"Lithuania",2021,32.5706220686577,38.7977220432174,10
LTU,"Lithuania",2022,32.6385821682968,39.3293835069776,10
LUX,"Luxembourg",1990,34.5762054155454,43.8343177812398,1
LUX,"Luxembourg",1991,33.1233029171348,43.540936257373,1
LUX,"Luxembourg",1992,30.9790017238248,41.4468047779613,1
LUX,"Luxembourg",1993,32.0042845263768,41.329534912251,1
LUX,"Luxembourg",1994,34.8254811536043,44.8310224462011,1
LUX,"Luxembourg",1995,35.3954214330091,47.6685257442222,1
LUX,"Luxembourg",1996,33.7541814987197,43.7012344173647,1
LUX,"Luxembourg",1997,35.3971304351038,44.2758218868281,1
LUX,"Luxembourg",1998,34.9605273545961,43.4843604163967,1
LUX,"Luxembourg",1999,37.2177514317525,46.1775086284512,1
LUX,"Luxembourg",2000,32.4867867913898,39.1863224924323,1
LUX,"Luxembourg",2001,34.9926867571305,44.2808880071844,1
LUX,"Luxembourg",2002,35.304523929965,42.4844884948868,1
LUX,"Luxembourg",2003,41.2442429822381,52.7340711312046,1
LUX,"Luxembourg",2004,35.28257366346,44.1336335627485,1
LUX,"Luxembourg",2005,37.1083384206148,45.9042239902599,1
LUX,"Luxembourg",2006,37.2425803269805,47.0934662089223,1
LUX,"Luxembourg",2007,35.0847425818179,42.1462489521923,1
LUX,"Luxembourg",2008,34.5217667267555,43.0652890192998,1
LUX,"Luxembourg",2009,36.0622327844718,45.1936308591589,1
LUX,"Luxembourg",2010,33.4871951596272,42.0130676231081,1
LUX,"Luxembourg",2011,35.3220374545589,44.4020069452786,1
LUX,"Luxembourg",2012,33.9187383116596,40.9200189512522,1
LUX,"Luxembourg",2013,33.9177340106233,42.7578499726897,1
LUX,"Luxembourg",2014,33.7072765229191,40.9778920416711,1
LUX,"Luxembourg",2015,33.751088592202,41.8199900548697,1
LUX,"Luxembourg",2016,32.1225665715775,38.3499432848608,1
LUX,"Luxembourg",2017,33.5827760018685,41.1930387212634,1
LUX,"Luxembourg",2018,38.6845083508115,47.9794515321726,1
LUX,"Luxembourg",2019,36.979853417528,44.847199050349,1
LUX,"Luxembourg",2020,36.583748488951,44.1573648278952,1
LUX,"Luxembourg",2021,34.1482389244214,39.9922058834591,1
LUX,"Luxembourg",2022,38.996447570131,47.2222868458441,1
MDG,"Madagascar",1990,38.1292206847208,38.180323231818,76
MDG,"Madagascar",1991,22.8590388769899,27.6485979919762,76
MDG,"Madagascar",1992,22.8547298196641,29.6384213024046,76
MDG,"Madagascar",1993,23.5324605177308,31.3139351088031,76
MDG,"Madagascar",1994,21.7920272823034,26.7324189527719,76
MDG,"Madagascar",1995,22.7263446103168,24.9184115462818,76
MDG,"Madagascar",1996,23.9934936097018,28.9936791891526,76
MDG,"Madagascar",1997,24.3633060091899,28.2864074353006,76
MDG,"Madagascar",1998,22.3970853909429,26.8659572439562,76
MDG,"Madagascar",1999,22.2785318221726,25.9624497442401,76
MDG,"Madagascar",2000,22.0868217380277,28.3640629586978,76
MDG,"Madagascar",2001,21.4742235540128,27.3144727451591,76
MDG,"Madagascar",2002,24.0954651592452,28.5246296920822,76
MDG,"Madagascar",2003,24.8445734605844,30.1688928223066,76
MDG,"Madagascar",2004,21.8490706044109,25.770606493963,76
MDG,"Madagascar",2005,25.1253342276885,29.1364081923601,76
MDG,"Madagascar",2006,23.754471488341,28.5561284116016,76
MDG,"Madagascar",2007,25.6288821783164,30.4710487511428,76
MDG,"Madagascar",2008,21.2475636326531,24.949824940892,76
MDG,"Madagascar",2009,21.6206431738021,25.7499712738576,76
MDG,"Madagascar",2010,21.5846156987468,23.8352059218125,76
MDG,"Madagascar",2011,23.7045448859555,27.2651137173356,76
MDG,"Madagascar",2012,22.7515843566294,25.4080062187313,76
MDG,"Madagascar",2013,25.5387018015936,29.4072372690226,76
MDG,"Madagascar",2014,27.72665695852,33.0384062270656,76
MDG,"Madagascar",2015,28.0498433507239,33.7892158389794,76
MDG,"Madagascar",2016,26.2069709417754,30.2038307968541,76
MDG,"Madagascar",2017,25.7649424677771,30.0563008752236,76
MDG,"Madagascar",2018,27.6245765907395,32.0138320418053,76
MDG,"Madagascar",2019,29.2925040205003,33.857269457016,76
MDG,"Madagascar",2020,26.3182763903354,28.7489415366987,76
MDG,"Madagascar",2021,29.0173241734283,33.9893767925193,76
MDG,"Madagascar",2022,39.6243475617152,46.3481512603826,76
MWI,"Malawi",1990,38.0513251463328,38.1024276934299,10
MWI,"Malawi",1991,25.2711220052697,31.1300308653144,10
MWI,"Malawi",1992,26.3618409374756,33.2707275049292,10
MWI,"Malawi",1993,24.3498956672191,33.1684072820317,10
MWI,"Malawi",1994,23.3474822349366,29.4056596146424,10
MWI,"Malawi",1995,25.2597825252115,28.9454236336802,10
MWI,"Malawi",1996,26.35654593351,32.2826565631662,10
MWI,"Malawi",1997,26.7573210089034,32.6601898315173,10
MWI,"Malawi",1998,26.8108523531123,32.7487780390962,10
MWI,"Malawi",1999,23.0300681084279,27.0122362642763,10
MWI,"Malawi",2000,25.5513351042451,34.8221684121597,10
MWI,"Malawi",2001,27.5773675380216,36.2502236410989,10
MWI,"Malawi",2002,27.3068952293013,34.2630638782269,10
MWI,"Malawi",2003,28.2780478395425,35.1531001998916,10
MWI,"Malawi",2004,22.6885784338306,25.9444409292562,10
MWI,"Malawi",2005,29.6301130291272,39.0726438808933,10
MWI,"Malawi",2006,26.1818486135731,34.4183793748526,10
MWI,"Malawi",2007,28.9739511868308,36.873143138222,10
MWI,"Malawi",2008,27.9466150158737,35.0249949580503,10
MWI,"Malawi",2009,30.6636356388803,39.4106712017761,10
MWI,"Malawi",2010,28.0055999126135,31.6821232440541,10
MWI,"Malawi",2011,33.9639656558246,42.0432394867758,10
MWI,"Malawi",2012,30.2458318627903,34.1450682511041,10
MWI,"Malawi",2013,30.8751583851575,38.7803994637286,10
MWI,"Malawi",2014,33.5782205499056,40.7312226321052,10
MWI,"Malawi",2015,35.8038793101664,45.7319288760192,10
MWI,"Malawi",2016,31.8888251864023,40.1314603657496,10
MWI,"Malawi",2017,32.2587496611635,39.1712239130073,10
MWI,"Malawi",2018,35.3383331119066,43.0679008522481,10
MWI,"Malawi",2019,35.1002300583383,45.0372029730338,10
MWI,"Malawi",2020,30.7869217302215,34.1371663029973,10
MWI,"Malawi",2021,33.3958371304913,41.6667783813252,10
MWI,"Malawi",2022,37.2690510951887,37.6762178363912,10
MYS,"Malaysia",1990,33.4966934707813,34.1812196564563,43
MYS,"Malaysia",1991,24.676400847528,28.1322015878105,43
MYS,"Malaysia",1992,23.1055949036946,27.6590503312234,43
MYS,"Malaysia",1993,26.946457535663,31.4826445652534,43
MYS,"Malaysia",1994,26.2953698432022,30.4598850163611,43
MYS,"Malaysia",1995,24.9987710366232,28.164591921897,43
MYS,"Malaysia",1996,25.7076419659759,30.7338170745021,43
MYS,"Malaysia",1997,35.3113019063767,42.3131797422955,43
MYS,"Malaysia",1998,28.4431706996681,32.1428649020982,43
MYS,"Malaysia",1999,26.8253553163954,30.213449428097,43
MYS,"Malaysia",2000,30.2962706776399,35.4664811725072,43
MYS,"Malaysia",2001,27.8431602437129,32.3694516854386,43
MYS,"Malaysia",2002,33.7122655880124,36.994736607989,43
MYS,"Malaysia",2003,31.3806857849274,35.0722873001385,43
MYS,"Malaysia",2004,34.52857535552,38.6525923434364,43
MYS,"Malaysia",2005,28.7731075568855,32.6618566870079,43
MYS,"Malaysia",2006,29.202342805417,31.9460675048028,43
MYS,"Malaysia",2007,24.5490947363963,27.0345651324241,43
MYS,"Malaysia",2008,24.6052895161008,27.6626179821126,43
MYS,"Malaysia",2009,25.8105026665062,28.0781201650771,43
MYS,"Malaysia",2010,26.9147890651461,29.7551149066343,43
MYS,"Malaysia",2011,26.8253327869167,29.2941432024183,43
MYS,"Malaysia",2012,28.2411770804471,31.9073986337886,43
MYS,"Malaysia",2013,28.8694411401827,31.9853218098249,43
MYS,"Malaysia",2014,30.7189464155667,33.9216570305821,43
MYS,"Malaysia",2015,31.2564594767066,34.2488571004815,43
MYS,"Malaysia",2016,29.3529260159241,31.2831976729933,43
MYS,"Malaysia",2017,30.6808079021207,32.1916669895263,43
MYS,"Malaysia",2018,29.2378344514685,32.7632766818939,43
MYS,"Malaysia",2019,33.8972321570881,37.4300262043665,43
MYS,"Malaysia",2020,30.2162055995209,33.7423096584508,43
MYS,"Malaysia",2021,29.5756964983459,33.6595796125628,43
MYS,"Malaysia",2022,25.1650695415396,26.5161639742321,43
MDV,"Maldives",1990,36.3680977863274,36.7280663968636,14
MDV,"Maldives",1991,26.785271380311,31.4561748554805,14
MDV,"Maldives",1992,26.4451425534766,31.2829298416526,14
MDV,"Maldives",1993,27.758465368727,33.5223235300778,14
MDV,"Maldives",1994,25.3035241235558,28.6023510343898,14
MDV,"Maldives",1995,26.1183815694267,29.6809158607535,14
MDV,"Maldives",1996,26.1516438820947,31.6833509381137,14
MDV,"Maldives",1997,31.6344840583476,35.9618459936968,14
MDV,"Maldives",1998,27.4996471204688,30.8327932413468,14
MDV,"Maldives",1999,27.3852671630341,36.369209429479,14
MDV,"Maldives",2000,30.5711514188997,36.206181326237,14
MDV,"Maldives",2001,31.6011174389237,35.9276775983749,14
MDV,"Maldives",2002,29.5563459937147,35.2299821106466,14
MDV,"Maldives",2003,31.6655587285796,37.7844478619802,14
MDV,"Maldives",2004,31.3710912681466,37.8778801369604,14
MDV,"Maldives",2005,28.3919390696031,32.7734772947803,14
MDV,"Maldives",2006,27.5622193382836,31.5397908082774,14
MDV,"Maldives",2007,27.0766162698797,30.4878048730972,14
MDV,"Maldives",2008,24.276319460924,28.4732346688867,14
MDV,"Maldives",2009,24.4617453520802,27.9683904386423,14
MDV,"Maldives",2010,25.696802512734,34.2088727855076,14
MDV,"Maldives",2011,27.8483343979457,34.975030165521,14
MDV,"Maldives",2012,27.2897068469606,32.9280679077509,14
MDV,"Maldives",2013,26.8926897711088,38.3409586190346,14
MDV,"Maldives",2014,37.434002556332,47.2433979233346,14
MDV,"Maldives",2015,25.3859548047779,28.9515332312328,14
MDV,"Maldives",2016,25.2596744542867,30.9416278976802,14
MDV,"Maldives",2017,27.9239597858201,32.7319905532318,14
MDV,"Maldives",2018,27.2804538136339,31.0610878381838,14
MDV,"Maldives",2019,28.0060758414953,32.6750992683441,14
MDV,"Maldives",2020,27.8974253105944,32.8321970411923,14
MDV,"Maldives",2021,28.6853982886489,34.8326896294552,14
MDV,"Maldives",2022,40.2122959730509,40.2761344612416,14
MLI,"Mali",1990,43.0737837697659,45.5795378678794,102
MLI,"Mali",1991,28.0211155773772,31.9240026144344,102
MLI,"Mali",1992,27.5108468495094,33.1500415348235,102
MLI,"Mali",1993,28.0777843174958,33.457725857433,102
MLI,"Mali",1994,24.3007491530613,30.1258755526259,102
MLI,"Mali",1995,29.0926546436782,30.5161712958413,102
MLI,"Mali",1996,29.6842080225433,39.682558531112,102
MLI,"Mali",1997,34.7433818225662,38.7896620427323,102
MLI,"Mali",1998,31.9815305338263,34.7983143712331,102
MLI,"Mali",1999,33.5426532774482,39.770302116129,102
MLI,"Mali",2000,33.7211054879125,36.5994969616671,102
MLI,"Mali",2001,29.3285823235293,32.9115723555525,102
MLI,"Mali",2002,31.8626535371528,36.333979470313,102
MLI,"Mali",2003,36.1848395510604,39.8712208720271,102
MLI,"Mali",2004,31.085442716155,33.5479560839168,102
MLI,"Mali",2005,28.1051904925315,32.2879307465547,102
MLI,"Mali",2006,28.3809594532418,30.7551690776246,102
MLI,"Mali",2007,28.8121744340538,30.4864714467532,102
MLI,"Mali",2008,28.856937574315,31.7681892936095,102
MLI,"Mali",2009,30.4268035353132,33.4419973729871,102
MLI,"Mali",2010,31.5806240569956,35.950595569666,102
MLI,"Mali",2011,34.0522440334375,37.7657661186335,102
MLI,"Mali",2012,31.8504802509082,35.5523920706019,102
MLI,"Mali",2013,30.8213670205301,36.5251201498313,102
MLI,"Mali",2014,31.2798693347459,36.394616227379,102
MLI,"Mali",2015,34.8875468884374,37.9998889130693,102
MLI,"Mali",2016,32.9567244487348,37.0393421467548,102
MLI,"Mali",2017,35.0856421637486,38.0404909775206,102
MLI,"Mali",2018,35.2011237440039,37.7907050614056,102
MLI,"Mali",2019,33.741255626612,36.8541245477949,102
MLI,"Mali",2020,32.2316503489703,34.6379572220478,102
MLI,"Mali",2021,34.0989851495628,37.183770881302,102
MLI,"Mali",2022,37.0887387307679,39.1833482403048,102
MLT,"Malta",1990,39.9009686447186,51.0185846825756,1
MLT,"Malta",1991,47.2266704254066,56.2533527328161,1
MLT,"Malta",1992,44.5181388920048,53.272026625407,1
MLT,"Malta",1993,47.995079007726,56.0921724185615,1
MLT,"Malta",1994,43.7383463925126,50.7507674867618,1
MLT,"Malta",1995,45.7486968766297,53.5138602646686,1
MLT,"Malta",1996,46.3228539739031,55.7221782358148,1
MLT,"Malta",1997,49.3568693913962,56.4898977035335,1
MLT,"Malta",1998,50.7612224944075,56.1257221350671,1
MLT,"Malta",1999,48.4521361088153,55.655040029121,1
MLT,"Malta",2000,49.0466986498664,57.0984501061166,1
MLT,"Malta",2001,43.8898650099423,50.4765549538345,1
MLT,"Malta",2002,43.6015334408437,48.9789539298324,1
MLT,"Malta",2003,48.3516545932389,57.6765821603308,1
MLT,"Malta",2004,51.4708499697859,57.7484231583232,1
MLT,"Malta",2005,50.1023822059254,56.4368124999556,1
MLT,"Malta",2006,47.8500188357785,56.1698612527815,1
MLT,"Malta",2007,47.5567926963739,52.7219137327979,1
MLT,"Malta",2008,46.0657099957081,51.8148149439088,1
MLT,"Malta",2009,44.7041178306936,51.064295380275,1
MLT,"Malta",2010,45.2069901892085,51.2333189684418,1
MLT,"Malta",2011,45.7649002181695,51.1716967234611,1
MLT,"Malta",2012,46.7842435716009,53.1181875138138,1
MLT,"Malta",2013,42.4716103117249,49.739998456534,1
MLT,"Malta",2014,45.2624376402135,51.8057937487919,1
MLT,"Malta",2015,44.5009991165003,49.0678908909552,1
MLT,"Malta",2016,45.9990452243247,50.767251933876,1
MLT,"Malta",2017,49.9761502112172,54.0501830820595,1
MLT,"Malta",2018,47.7148860510005,51.1046272367861,1
MLT,"Malta",2019,48.9418012234529,54.2730725805022,1
MLT,"Malta",2020,48.0682175083437,51.1310618375973,1
MLT,"Malta",2021,48.0647119898476,52.9144960437985,1
MLT,"Malta",2022,50.749035162526,55.7176722544193,1
MHL,"Marshall Islands",1990,33.8996717940566,34.057579446115,18
MHL,"Marshall Islands",1991,23.7053476371094,28.5566469645417,18
MHL,"Marshall Islands",1992,22.7579352062017,28.5943619517672,18
MHL,"Marshall Islands",1993,25.3415863591871,34.3676356161734,18
MHL,"Marshall Islands",1994,23.6895723017267,30.8503551951651,18
MHL,"Marshall Islands",1995,21.9078423613054,27.8867798840671,18
MHL,"Marshall Islands",1996,21.6013972913041,28.0770875498201,18
MHL,"Marshall Islands",1997,23.4107223858966,30.0457987917919,18
MHL,"Marshall Islands",1998,25.5851573596987,31.6241505200328,18
MHL,"Marshall Islands",1999,21.2141303720516,24.8956223270554,18
MHL,"Marshall Islands",2000,22.4669721312637,27.4751516564713,18
MHL,"Marshall Islands",2001,23.1611227067399,27.8535136569295,18
MHL,"Marshall Islands",2002,24.8998396353329,30.0578047537285,18
MHL,"Marshall Islands",2003,22.5689259293376,29.3177747326754,18
MHL,"Marshall Islands",2004,23.9003828292392,27.3385282681736,18
MHL,"Marshall Islands",2005,21.9995025426387,28.2130421954733,18
MHL,"Marshall Islands",2006,21.2794404525596,24.7456605912083,18
MHL,"Marshall Islands",2007,20.8970573639,25.5737675974483,18
MHL,"Marshall Islands",2008,18.0705384796159,21.4642125092068,18
MHL,"Marshall Islands",2009,18.7460586080919,23.0449542493424,18
MHL,"Marshall Islands",2010,21.1349074288615,25.5075195711815,18
MHL,"Marshall Islands",2011,16.2070466011719,19.7650773518809,18
MHL,"Marshall Islands",2012,18.6954883028897,23.6688248914152,18
MHL,"Marshall Islands",2013,20.6450281619183,28.3002603538745,18
MHL,"Marshall Islands",2014,20.5516172781804,24.1594762272993,18
MHL,"Marshall Islands",2015,19.1839078353297,26.4033218850804,18
MHL,"Marshall Islands",2016,21.8087328281068,26.8617362281318,18
MHL,"Marshall Islands",2017,21.7633472696072,25.0897960762949,18
MHL,"Marshall Islands",2018,21.624606837946,25.4828809734197,18
MHL,"Marshall Islands",2019,22.2231439321831,27.4206209560722,18
MHL,"Marshall Islands",2020,22.3971790843388,27.4298040776536,18
MHL,"Marshall Islands",2021,22.3243578362646,29.6438218433147,18
MHL,"Marshall Islands",2022,37.2494851339081,37.3133236220989,18
MTQ,"Martinique",1990,23.2126444221983,28.4746426320867,1
MTQ,"Martinique",1991,27.9710168683028,30.883318177303,1
MTQ,"Martinique",1992,25.730826718924,29.4578610095128,1
MTQ,"Martinique",1993,28.7301660371068,31.3764332414566,1
MTQ,"Martinique",1994,28.9222626955371,32.4809448603201,1
MTQ,"Martinique",1995,26.3129743641075,31.5255651223842,1
MTQ,"Martinique",1996,30.0970230618507,35.126220261056,1
MTQ,"Martinique",1997,29.2537201610585,33.2855470418151,1
MTQ,"Martinique",1998,31.0935817386456,33.7029790410815,1
MTQ,"Martinique",1999,30.2861465354241,32.6279144237321,1
MTQ,"Martinique",2000,29.2326811245035,33.252527061831,1
MTQ,"Martinique",2001,20.6572946310231,27.8184475334497,1
MTQ,"Martinique",2002,29.9403945934235,34.1511016430423,1
MTQ,"Martinique",2003,26.0339171911357,31.3983066776081,1
MTQ,"Martinique",2004,24.9487982596891,26.2437544788151,1
MTQ,"Martinique",2005,17.0530481447326,18.8701364565466,1
MTQ,"Martinique",2006,16.6852972543385,20.0880080236311,1
MTQ,"Martinique",2007,17.9849077426369,20.400397690413,1
MTQ,"Martinique",2008,21.8101364213333,23.638293501543,1
MTQ,"Martinique",2009,20.4258866126043,22.2265114976276,1
MTQ,"Martinique",2010,22.8944438892956,24.3551000995753,1
MTQ,"Martinique",2011,19.3880430447209,22.2508404005535,1
MTQ,"Martinique",2012,19.2246861453483,20.3056029152877,1
MTQ,"Martinique",2013,22.8449036523599,37.5958628413825,1
MTQ,"Martinique",2014,44.0980238320407,51.7813892360782,1
MTQ,"Martinique",2015,22.363742239128,23.8482543344116,1
MTQ,"Martinique",2016,23.7088361172896,25.7609448908067,1
MTQ,"Martinique",2017,23.8532517911355,27.1867378136483,1
MTQ,"Martinique",2018,28.0863329876727,31.8395448179836,1
MTQ,"Martinique",2019,25.4299582300614,28.8499907677553,1
MTQ,"Martinique",2020,19.976340781954,23.2122677756014,1
MTQ,"Martinique",2021,27.9380224412392,30.1258758023935,1
MTQ,"Martinique",2022,21.1933866536965,21.9909670095437,1
MRT,"Mauritania",1990,44.8582319594004,47.886049806723,93
MRT,"Mauritania",1991,26.7488489735918,33.1078760786192,93
MRT,"Mauritania",1992,23.7376920155354,32.8383285694733,93
MRT,"Mauritania",1993,26.1170231940017,32.4776280010735,93
MRT,"Mauritania",1994,25.6897288296031,31.0451808566664,93
MRT,"Mauritania",1995,27.8924078550583,32.660048795092,93
MRT,"Mauritania",1996,28.8805227486325,34.563931127866,93
MRT,"Mauritania",1997,32.1041045674935,37.4622978230158,93
MRT,"Mauritania",1998,27.7964527662088,32.6760445865856,93
MRT,"Mauritania",1999,31.1503057662745,35.0533950635722,93
MRT,"Mauritania",2000,30.0149429683244,35.1994253107841,93
MRT,"Mauritania",2001,29.0924541483396,32.632330872222,93
MRT,"Mauritania",2002,31.1553935875865,34.8904396267191,93
MRT,"Mauritania",2003,35.0250065445499,39.2898634899123,93
MRT,"Mauritania",2004,30.2742016712829,35.2461347912586,93
MRT,"Mauritania",2005,26.4602863510625,32.412132704536,93
MRT,"Mauritania",2006,28.2154063153271,32.7231556022451,93
MRT,"Mauritania",2007,28.9037123874019,30.8602765372354,93
MRT,"Mauritania",2008,28.5917636050574,32.3211665469425,93
MRT,"Mauritania",2009,30.6930850108295,34.2219532827446,93
MRT,"Mauritania",2010,31.0607262806681,34.009081264353,93
MRT,"Mauritania",2011,32.8050936253124,36.6689196405166,93
MRT,"Mauritania",2012,32.3933297605672,35.2121636436016,93
MRT,"Mauritania",2013,32.0442144498962,36.4171409423274,93
MRT,"Mauritania",2014,33.0169228538633,35.7307339696856,93
MRT,"Mauritania",2015,32.8952884601931,36.1017759655822,93
MRT,"Mauritania",2016,32.2948505979492,34.784055857184,93
MRT,"Mauritania",2017,34.6552863993207,36.5194072137257,93
MRT,"Mauritania",2018,32.5786374600557,36.5904065253202,93
MRT,"Mauritania",2019,32.8547729129885,36.0794812636591,93
MRT,"Mauritania",2020,32.1096575804149,34.6747170598187,93
MRT,"Mauritania",2021,31.7087340678547,36.0086976932244,93
MRT,"Mauritania",2022,36.5770593318407,39.3551665162079,93
MUS,"Mauritius",1990,37.0433615924086,37.0944641395057,11
MUS,"Mauritius",1991,25.4505096858892,31.5358640845154,11
MUS,"Mauritius",1992,25.9870811335688,32.40362313563,11
MUS,"Mauritius",1993,27.186821788994,38.7933571553439,11
MUS,"Mauritius",1994,25.1756259283454,30.5249161714378,11
MUS,"Mauritius",1995,27.5188947741388,30.7592439797854,11
MUS,"Mauritius",1996,26.0333665151552,32.6382227017945,11
MUS,"Mauritius",1997,25.1609786557101,31.7232823451025,11
MUS,"Mauritius",1998,25.4026272082238,32.3322310683735,11
MUS,"Mauritius",1999,25.7311457487046,31.0111200224786,11
MUS,"Mauritius",2000,24.5000355596339,31.06537342497,11
MUS,"Mauritius",2001,20.6168299352158,28.0626466833705,11
MUS,"Mauritius",2002,28.1078102666453,33.9868896170592,11
MUS,"Mauritius",2003,23.165063412955,27.2773620425394,11
MUS,"Mauritius",2004,26.3519185591424,33.1410530139954,11
MUS,"Mauritius",2005,30.397862332744,38.787001869862,11
MUS,"Mauritius",2006,24.9465246228993,31.4618945305834,11
MUS,"Mauritius",2007,26.5801298048118,32.0300059749677,11
MUS,"Mauritius",2008,22.6253770213633,27.8966760679148,11
MUS,"Mauritius",2009,20.9675296138833,26.3215922949054,11
MUS,"Mauritius",2010,23.8397928624085,27.7918935785481,11
MUS,"Mauritius",2011,21.775015324518,27.1670274151865,11
MUS,"Mauritius",2012,23.8185122001402,27.8326905665785,11
MUS,"Mauritius",2013,27.4614232930535,33.9884429958177,11
MUS,"Mauritius",2014,36.120714630019,46.3374073860208,11
MUS,"Mauritius",2015,25.7316941389937,29.4573072090436,11
MUS,"Mauritius",2016,26.5198822368903,32.326143649343,11
MUS,"Mauritius",2017,26.4505817531458,30.6545349768327,11
MUS,"Mauritius",2018,25.6127203793382,30.1527744172706,11
MUS,"Mauritius",2019,26.2914407989221,29.598735063645,11
MUS,"Mauritius",2020,26.3703136454039,29.7851994891133,11
MUS,"Mauritius",2021,28.7488931821287,35.067080179147,11
MUS,"Mauritius",2022,40.9101920668162,49.3968809414324,11
MYT,"Mayotte",1990,38.1318073056609,38.182909852758,1
MYT,"Mayotte",1991,24.1418532031836,30.692157479907,1
MYT,"Mayotte",1992,26.1317680641036,33.308997824276,1
MYT,"Mayotte",1993,26.4378630931538,36.7978158882082,1
MYT,"Mayotte",1994,24.8788085324471,29.1949383487903,1
MYT,"Mayotte",1995,26.8607235978975,29.7298064920094,1
MYT,"Mayotte",1996,25.1215401400123,31.454914096665,1
MYT,"Mayotte",1997,27.1464175621383,32.1141181001536,1
MYT,"Mayotte",1998,23.7657477350588,28.7645730720974,1
MYT,"Mayotte",1999,25.1045377336385,30.8140302759612,1
MYT,"Mayotte",2000,22.1928069525916,28.9163106183065,1
MYT,"Mayotte",2001,23.8770566569461,29.5480428546585,1
MYT,"Mayotte",2002,27.9101049581941,32.5094278077016,1
MYT,"Mayotte",2003,23.8211689779983,26.9384081158529,1
MYT,"Mayotte",2004,23.2899728649515,29.2449336451084,1
MYT,"Mayotte",2005,21.5962783877061,25.8632632486967,1
MYT,"Mayotte",2006,23.2715254693241,27.85702171014,1
MYT,"Mayotte",2007,24.7209656645377,28.2089073672926,1
MYT,"Mayotte",2008,22.040356390178,27.2826824748096,1
MYT,"Mayotte",2009,20.7158365330656,26.5953290904541,1
MYT,"Mayotte",2010,23.233824792321,26.5261614568912,1
MYT,"Mayotte",2011,22.3097796261143,26.3652730308199,1
MYT,"Mayotte",2012,24.343391182856,26.3624726105333,1
MYT,"Mayotte",2013,26.4537342237886,32.3577010389607,1
MYT,"Mayotte",2014,32.6759188361018,36.4823609830114,1
MYT,"Mayotte",2015,25.7344184967528,28.4274203306916,1
MYT,"Mayotte",2016,25.1274978929093,29.4395996744539,1
MYT,"Mayotte",2017,24.7506369917969,28.8224910042446,1
MYT,"Mayotte",2018,26.7336571601987,28.8613023797487,1
MYT,"Mayotte",2019,25.7096260952907,28.0487634971792,1
MYT,"Mayotte",2020,18.3654210998524,20.2921649456687,1
MYT,"Mayotte",2021,25.8795384145012,29.8665602182598,1
MYT,"Mayotte",2022,39.3390750425268,45.6240073949923,1
MEX,"Mexico",1990,42.2428103199422,46.7833794526421,234
MEX,"Mexico",1991,35.5301688654917,38.7102030642573,234
MEX,"Mexico",1992,32.8382445150403,36.5889869473128,234
MEX,"Mexico",1993,34.4355297067066,38.6308390009139,234
MEX,"Mexico",1994,35.6443114392787,39.0689977936731,234
MEX,"Mexico",1995,34.7333345562356,39.8305964889955,234
MEX,"Mexico",1996,34.1376247237611,38.3539671865902,234
MEX,"Mexico",1997,32.9222441052045,36.3206316395432,234
MEX,"Mexico",1998,37.0030437084609,44.5577530066035,234
MEX,"Mexico",1999,36.4825186355095,39.3096286504281,234
MEX,"Mexico",2000,35.7938056619093,40.041922462444,234
MEX,"Mexico",2001,35.462980450989,38.7621996438865,234
MEX,"Mexico",2002,37.1975079999732,41.2853677393293,234
MEX,"Mexico",2003,38.8150951177175,42.8974233893818,234
MEX,"Mexico",2004,39.6027447058535,43.5699461325106,234
MEX,"Mexico",2005,39.2195677270552,43.7601201845935,234
MEX,"Mexico",2006,38.2870179229626,43.2275272327926,234
MEX,"Mexico",2007,37.0788760147459,42.4641341215315,234
MEX,"Mexico",2008,39.0996680634555,43.7677857821264,234
MEX,"Mexico",2009,37.6462061770638,42.7313488489797,234
MEX,"Mexico",2010,38.559472890352,42.5699449819737,234
MEX,"Mexico",2011,39.0568869554234,43.7674241353316,234
MEX,"Mexico",2012,39.6489770234881,43.9201505417535,234
MEX,"Mexico",2013,37.493650751989,43.536988175083,234
MEX,"Mexico",2014,36.9235857406955,41.78968357107,234
MEX,"Mexico",2015,35.1606360065852,38.8012462024321,234
MEX,"Mexico",2016,36.1477462993853,41.1527123653346,234
MEX,"Mexico",2017,38.0513467626324,42.4129802503261,234
MEX,"Mexico",2018,37.2760818217021,41.696996947142,234
MEX,"Mexico",2019,39.4226564092664,43.3887948929329,234
MEX,"Mexico",2020,39.0763814910777,42.237514720546,234
MEX,"Mexico",2021,39.5833928899151,43.3247524065594,234
MEX,"Mexico",2022,38.626713879918,40.8701472910046,234
FSM,"Micronesia (Federated States of)",1990,34.2060835504867,34.3059296007269,11
FSM,"Micronesia (Federated States of)",1991,22.0572039433059,25.602971110174,11
FSM,"Micronesia (Federated States of)",1992,20.22799539256,24.493628527932,11
FSM,"Micronesia (Federated States of)",1993,22.9048610442184,30.7039302863837,11
FSM,"Micronesia (Federated States of)",1994,21.1124034603407,26.1640366950183,11
FSM,"Micronesia (Federated States of)",1995,20.3476733903876,26.045040387251,11
FSM,"Micronesia (Federated States of)",1996,21.3384770667714,28.0480680407942,11
FSM,"Micronesia (Federated States of)",1997,24.370059138791,29.3417461386475,11
FSM,"Micronesia (Federated States of)",1998,23.6871441652672,28.5173913847732,11
FSM,"Micronesia (Federated States of)",1999,21.0820433694945,24.6644191442885,11
FSM,"Micronesia (Federated States of)",2000,21.6540260552466,26.1290470680858,11
FSM,"Micronesia (Federated States of)",2001,22.3490756642532,26.8976395608109,11
FSM,"Micronesia (Federated States of)",2002,24.5909358598562,28.2911164886333,11
FSM,"Micronesia (Federated States of)",2003,21.2838920707451,27.8850363856897,11
FSM,"Micronesia (Federated States of)",2004,23.2975943127234,26.5085235418198,11
FSM,"Micronesia (Federated States of)",2005,20.2395843463634,26.0745399527919,11
FSM,"Micronesia (Federated States of)",2006,20.8330986609114,23.0532922779858,11
FSM,"Micronesia (Federated States of)",2007,18.5190475466029,22.0447756187761,11
FSM,"Micronesia (Federated States of)",2008,16.3636438306636,19.6798744334391,11
FSM,"Micronesia (Federated States of)",2009,17.7997419003749,21.7147088566614,11
FSM,"Micronesia (Federated States of)",2010,19.6187866020343,23.3236426410357,11
FSM,"Micronesia (Federated States of)",2011,14.7285833110062,18.1708548880072,11
FSM,"Micronesia (Federated States of)",2012,17.3788462110567,22.9717943576001,11
FSM,"Micronesia (Federated States of)",2013,20.3429580896991,27.2003546583109,11
FSM,"Micronesia (Federated States of)",2014,18.0626715469822,21.9485862459311,11
FSM,"Micronesia (Federated States of)",2015,19.3810066216583,25.9713003404704,11
FSM,"Micronesia (Federated States of)",2016,20.4919328339535,25.0138027153589,11
FSM,"Micronesia (Federated States of)",2017,20.1837821480248,23.008953710983,11
FSM,"Micronesia (Federated States of)",2018,20.6555858413297,23.466140550112,11
FSM,"Micronesia (Federated States of)",2019,21.0082679535294,24.8279523282511,11
FSM,"Micronesia (Federated States of)",2020,21.2387484179724,26.2420328161861,11
FSM,"Micronesia (Federated States of)",2021,21.0025771535365,28.7460022443152,11
FSM,"Micronesia (Federated States of)",2022,37.6503117476502,37.714150235841,11
NA,"Midway Islands",1990,34.6305661308613,41.8637307375534,3
NA,"Midway Islands",1991,38.636809183405,44.8436631647,3
NA,"Midway Islands",1992,36.0341698876251,46.6272115515722,3
NA,"Midway Islands",1993,38.4472893344208,44.5279981845202,3
NA,"Midway Islands",1994,38.0285387611538,43.9526584774112,3
NA,"Midway Islands",1995,41.000269245639,48.6379675806165,3
NA,"Midway Islands",1996,36.6757070990911,44.19122163457,3
NA,"Midway Islands",1997,37.8306230650557,44.7481879309786,3
NA,"Midway Islands",1998,36.4257117377712,41.488116639103,3
NA,"Midway Islands",1999,39.2126657110186,44.0041505318377,3
NA,"Midway Islands",2000,36.6961512214797,41.7642072948567,3
NA,"Midway Islands",2001,37.6315709769428,45.0618586683148,3
NA,"Midway Islands",2002,38.2270155782865,43.9582508777897,3
NA,"Midway Islands",2003,38.1700639359844,45.0871476108445,3
NA,"Midway Islands",2004,38.2901347015242,45.4276580688431,3
NA,"Midway Islands",2005,37.166498185877,41.8600405256729,3
NA,"Midway Islands",2006,36.4311544238045,43.4042174595721,3
NA,"Midway Islands",2007,35.8978624709305,40.7720352674071,3
NA,"Midway Islands",2008,34.302308341526,41.0617233258563,3
NA,"Midway Islands",2009,35.1647648201495,39.3696538671569,3
NA,"Midway Islands",2010,38.4753990871855,43.2951388507136,3
NA,"Midway Islands",2011,35.5494210675918,41.3838365491688,3
NA,"Midway Islands",2012,34.7555545073475,40.5343568764094,3
NA,"Midway Islands",2013,34.3812312068333,41.4806328225306,3
NA,"Midway Islands",2014,61.6771813401259,73.8742913827607,3
NA,"Midway Islands",2015,35.4596759886914,37.0656762282616,3
NA,"Midway Islands",2016,35.0125517772809,38.2130209074864,3
NA,"Midway Islands",2017,36.25232621466,40.6883253896742,3
NA,"Midway Islands",2018,39.3205997136073,43.9622654258843,3
NA,"Midway Islands",2019,36.4943020509498,39.9535323402782,3
NA,"Midway Islands",2020,38.3411034663602,41.6815121944569,3
NA,"Midway Islands",2021,38.5508986064152,42.325083308587,3
NA,"Midway Islands",2022,36.9409814970156,41.6961967851931,3
MNG,"Mongolia",1990,33.9077058897938,33.9702973552865,187
MNG,"Mongolia",1991,24.5435429004535,29.1134417940771,187
MNG,"Mongolia",1992,26.2015043717225,33.246707828488,187
MNG,"Mongolia",1993,29.3034723728392,35.0803331378798,187
MNG,"Mongolia",1994,27.9809072911456,33.8028579796069,187
MNG,"Mongolia",1995,27.0473945221536,32.3838539796146,187
MNG,"Mongolia",1996,28.8574784141226,33.8152961083165,187
MNG,"Mongolia",1997,29.9347992695997,34.7570990481114,187
MNG,"Mongolia",1998,31.1820645376561,35.7259186737886,187
MNG,"Mongolia",1999,29.3063779963823,34.580780678856,187
MNG,"Mongolia",2000,35.0428402331759,42.0471541083235,187
MNG,"Mongolia",2001,37.4719025539633,42.1433411674723,187
MNG,"Mongolia",2002,41.2329677749884,44.1849426642722,187
MNG,"Mongolia",2003,39.9415020411858,45.4476850055643,187
MNG,"Mongolia",2004,40.4546124885316,47.1360970926242,187
MNG,"Mongolia",2005,35.8393080421796,43.4408895584115,187
MNG,"Mongolia",2006,32.4840995323472,38.403838824484,187
MNG,"Mongolia",2007,33.4001533624255,40.2559075219734,187
MNG,"Mongolia",2008,36.5310987134172,44.4987616608004,187
MNG,"Mongolia",2009,34.1414923065196,41.0921671437088,187
MNG,"Mongolia",2010,36.3383691419005,41.5263287515606,187
MNG,"Mongolia",2011,37.7404224677785,41.941626531039,187
MNG,"Mongolia",2012,39.250088528528,46.2551504260775,187
MNG,"Mongolia",2013,35.6175064641333,42.5402447720733,187
MNG,"Mongolia",2014,35.1830753237875,43.9342800362969,187
MNG,"Mongolia",2015,33.3472111632777,41.1688132557748,187
MNG,"Mongolia",2016,35.5918770874401,42.0101997637559,187
MNG,"Mongolia",2017,40.6376901229523,48.0747485563056,187
MNG,"Mongolia",2018,40.4196687226699,50.4089961262596,187
MNG,"Mongolia",2019,40.4345606569143,47.1085613510946,187
MNG,"Mongolia",2020,38.6545787639882,45.5249469513623,187
MNG,"Mongolia",2021,39.9866699438666,46.4949177239751,187
MNG,"Mongolia",2022,46.907621938483,55.5816529970888,187
MNE,"Montenegro",1990,41.7068863191282,53.0590093803812,2
MNE,"Montenegro",1991,40.7884715604204,48.9244013549202,2
MNE,"Montenegro",1992,42.795527363955,53.1589389812063,2
MNE,"Montenegro",1993,42.5159628934212,51.6503342848049,2
MNE,"Montenegro",1994,44.0644474593833,52.8370630545182,2
MNE,"Montenegro",1995,44.3990724653399,53.0436484230073,2
MNE,"Montenegro",1996,45.623886339618,53.3586123614232,2
MNE,"Montenegro",1997,45.262080712387,52.0438676627024,2
MNE,"Montenegro",1998,38.4120273801754,41.9825312182443,2
MNE,"Montenegro",1999,26.4819507222938,31.5151892356487,2
MNE,"Montenegro",2000,40.0724720921707,48.0421273223589,2
MNE,"Montenegro",2001,41.21081753304,49.069067859738,2
MNE,"Montenegro",2002,41.0235599200224,49.3836964524618,2
MNE,"Montenegro",2003,38.950051720071,48.7258032460858,2
MNE,"Montenegro",2004,40.9099038873775,51.1845795455813,2
MNE,"Montenegro",2005,42.5462058906402,52.0566447211383,2
MNE,"Montenegro",2006,47.2528622217621,56.1654965053557,2
MNE,"Montenegro",2007,42.4094432802668,53.5473050190657,2
MNE,"Montenegro",2008,42.4174545680574,46.975905259345,2
MNE,"Montenegro",2009,43.5079709808691,50.5963012168097,2
MNE,"Montenegro",2010,44.9652448257097,54.0673092466599,2
MNE,"Montenegro",2011,39.3417735458479,48.1509789510213,2
MNE,"Montenegro",2012,40.4745162206264,48.7833961151799,2
MNE,"Montenegro",2013,42.2147074589728,50.8307035691746,2
MNE,"Montenegro",2014,40.7192184337132,48.9017096239364,2
MNE,"Montenegro",2015,38.633703864887,47.0529775592034,2
MNE,"Montenegro",2016,39.4826625334775,46.2736935328781,2
MNE,"Montenegro",2017,37.449231393393,42.9423106025722,2
MNE,"Montenegro",2018,40.8221480666177,46.5942083221363,2
MNE,"Montenegro",2019,40.3565938196153,48.3489963494651,2
MNE,"Montenegro",2020,30.2003790786873,36.5593979489826,2
MNE,"Montenegro",2021,32.3646673179724,38.7788377805519,2
MNE,"Montenegro",2022,33.8441444123297,39.1442913679772,2
MAR,"Morocco",1990,36.2070839555665,42.6639406528648,50
MAR,"Morocco",1991,34.3362945644843,41.5735439651107,50
MAR,"Morocco",1992,32.2701426317032,43.2425122988524,50
MAR,"Morocco",1993,32.6770314162911,38.2215009037499,50
MAR,"Morocco",1994,29.8983182980267,35.9736778063788,50
MAR,"Morocco",1995,37.7741791611134,42.7465195913007,50
MAR,"Morocco",1996,42.6450807046617,49.7879417493553,50
MAR,"Morocco",1997,37.4479251044375,41.7713100884184,50
MAR,"Morocco",1998,34.3514419712517,37.707005672209,50
MAR,"Morocco",1999,40.9999801024368,47.93657154601,50
MAR,"Morocco",2000,41.5822904234285,47.8951104665151,50
MAR,"Morocco",2001,40.8590404347402,46.4240899307334,50
MAR,"Morocco",2002,42.5206914399372,48.8743385674774,50
MAR,"Morocco",2003,43.2866800888532,49.6244000018326,50
MAR,"Morocco",2004,39.7924195222163,43.9362221375034,50
MAR,"Morocco",2005,42.6250084737673,46.153554038707,50
MAR,"Morocco",2006,40.5293058621728,45.2366201657264,50
MAR,"Morocco",2007,41.1537496700662,45.0244199049067,50
MAR,"Morocco",2008,39.4821890020457,43.0968117369261,50
MAR,"Morocco",2009,39.3078428899655,43.0299512670423,50
MAR,"Morocco",2010,39.9862954796013,44.0231280731496,50
MAR,"Morocco",2011,41.5601492868538,45.2756731373985,50
MAR,"Morocco",2012,39.900921503228,44.474962790263,50
MAR,"Morocco",2013,39.3269924669806,43.811578194935,50
MAR,"Morocco",2014,36.9460156708142,41.969340531408,50
MAR,"Morocco",2015,39.5220673189748,42.8078086459016,50
MAR,"Morocco",2016,39.6851718784721,42.0503909793025,50
MAR,"Morocco",2017,41.2790327072127,43.360123926408,50
MAR,"Morocco",2018,40.4393773645567,42.8661275520895,50
MAR,"Morocco",2019,41.5597487584942,44.3063853953202,50
MAR,"Morocco",2020,41.1502345806981,43.2960895843171,50
MAR,"Morocco",2021,40.2937372158922,42.7083315933826,50
MAR,"Morocco",2022,38.8072521057227,42.0636860083198,50
MOZ,"Mozambique",1990,38.0547541501138,38.1058566972109,88
MOZ,"Mozambique",1991,25.0481575232099,30.3458340240421,88
MOZ,"Mozambique",1992,25.9114167244623,32.9180036014259,88
MOZ,"Mozambique",1993,25.2503013527842,33.7754613300744,88
MOZ,"Mozambique",1994,23.4302995087837,29.2613172555841,88
MOZ,"Mozambique",1995,24.855288821361,28.6040453747754,88
MOZ,"Mozambique",1996,25.4480461797707,31.5910385128445,88
MOZ,"Mozambique",1997,25.6959514659078,30.7827574073088,88
MOZ,"Mozambique",1998,25.9271247236961,31.3638975369523,88
MOZ,"Mozambique",1999,23.3464967538812,27.9816161808947,88
MOZ,"Mozambique",2000,24.467237995186,32.3351021972173,88
MOZ,"Mozambique",2001,25.3927985694825,33.3849084568171,88
MOZ,"Mozambique",2002,26.5745699614823,32.3982621773876,88
MOZ,"Mozambique",2003,27.5858316424935,33.8735120383268,88
MOZ,"Mozambique",2004,23.2500316963102,26.6328860185764,88
MOZ,"Mozambique",2005,30.428681378371,37.9749496775434,88
MOZ,"Mozambique",2006,27.4125502533268,33.2504058848911,88
MOZ,"Mozambique",2007,29.1318132847544,35.2619399100408,88
MOZ,"Mozambique",2008,26.8463183832194,32.8225274933311,88
MOZ,"Mozambique",2009,28.0274926911746,34.9333488950156,88
MOZ,"Mozambique",2010,26.0864686159201,28.7104316487771,88
MOZ,"Mozambique",2011,30.7537409113067,37.194587630772,88
MOZ,"Mozambique",2012,28.4289084974844,32.7270637354453,88
MOZ,"Mozambique",2013,30.5691178760508,37.740256631857,88
MOZ,"Mozambique",2014,33.6726458316174,39.7219426121201,88
MOZ,"Mozambique",2015,34.6775468800173,43.7476276902405,88
MOZ,"Mozambique",2016,30.4313061842046,36.7751535809016,88
MOZ,"Mozambique",2017,29.7302228181905,35.7022684354508,88
MOZ,"Mozambique",2018,31.5353095151221,37.745889366241,88
MOZ,"Mozambique",2019,32.8488913500067,40.2468701323536,88
MOZ,"Mozambique",2020,29.2977003673006,32.5612302247538,88
MOZ,"Mozambique",2021,32.2466467461988,38.9362959596265,88
MOZ,"Mozambique",2022,36.3546555854687,39.1448349148254,88
MMR,"Myanmar",1990,33.4409599594788,35.562727561469,70
MMR,"Myanmar",1991,28.1450970411669,34.7555787583858,70
MMR,"Myanmar",1992,27.462754360933,34.7195542184384,70
MMR,"Myanmar",1993,27.7489277356389,34.1751706484108,70
MMR,"Myanmar",1994,27.4771530235698,34.2417112516168,70
MMR,"Myanmar",1995,26.4870349055701,33.7367633968178,70
MMR,"Myanmar",1996,26.6658283209547,34.0914533924922,70
MMR,"Myanmar",1997,29.2667077632318,35.2972687631813,70
MMR,"Myanmar",1998,28.2004860521899,36.3785691465349,70
MMR,"Myanmar",1999,30.0876974913068,37.8388014651343,70
MMR,"Myanmar",2000,28.4429561995927,34.0536533597233,70
MMR,"Myanmar",2001,28.7062759852454,34.1400748124609,70
MMR,"Myanmar",2002,29.9536320011753,33.3397842570923,70
MMR,"Myanmar",2003,28.6321991485183,32.8476662550382,70
MMR,"Myanmar",2004,32.3091166114797,35.5547511599141,70
MMR,"Myanmar",2005,27.3548359583101,32.0746536028697,70
MMR,"Myanmar",2006,28.6395280070276,34.0499689979677,70
MMR,"Myanmar",2007,29.0811060963837,34.1621855370501,70
MMR,"Myanmar",2008,26.0699111924259,34.1490160469919,70
MMR,"Myanmar",2009,30.0912834125387,38.7013032554599,70
MMR,"Myanmar",2010,28.1637753565454,33.9570203365882,70
MMR,"Myanmar",2011,26.9368024628177,34.0951587541885,70
MMR,"Myanmar",2012,32.1493779979395,41.1878816477833,70
MMR,"Myanmar",2013,24.7426412199519,30.829008588142,70
MMR,"Myanmar",2014,25.044120431078,35.7258957291788,70
MMR,"Myanmar",2015,30.581357210614,40.8055192992609,70
MMR,"Myanmar",2016,28.6531697287793,38.6581211180232,70
MMR,"Myanmar",2017,34.3266072050688,44.2719461231085,70
MMR,"Myanmar",2018,34.1369047524631,43.7208667740722,70
MMR,"Myanmar",2019,35.2739824270522,43.4466049137986,70
MMR,"Myanmar",2020,33.0795663030731,43.4939752252561,70
MMR,"Myanmar",2021,32.8703700634819,41.6948900108213,70
MMR,"Myanmar",2022,38.2119076848621,42.9019038953338,70
NAM,"Namibia",1990,38.4113247274771,38.4624272745742,77
NAM,"Namibia",1991,30.3519825849669,36.4095385717767,77
NAM,"Namibia",1992,31.0723781597457,39.7102639700737,77
NAM,"Namibia",1993,31.1401423672234,42.4210179083896,77
NAM,"Namibia",1994,28.0728223671455,35.1474471475798,77
NAM,"Namibia",1995,30.2074524856468,38.4685248128753,77
NAM,"Namibia",1996,29.6626810124818,37.8866088694419,77
NAM,"Namibia",1997,31.0589009800216,38.9241680500648,77
NAM,"Namibia",1998,32.0641709370461,41.310426555379,77
NAM,"Namibia",1999,33.5484358378508,40.7907527828336,77
NAM,"Namibia",2000,31.8223461577807,42.7015036634392,77
NAM,"Namibia",2001,27.4657006420798,32.7179236092662,77
NAM,"Namibia",2002,29.51419982713,37.2446727629532,77
NAM,"Namibia",2003,32.9097031622817,40.9159504605983,77
NAM,"Namibia",2004,27.1690018230562,30.1612214077021,77
NAM,"Namibia",2005,32.7165747981945,38.571002136678,77
NAM,"Namibia",2006,30.7135445235532,36.2284057207761,77
NAM,"Namibia",2007,32.7157792958342,39.3947214851691,77
NAM,"Namibia",2008,29.2536438836656,33.9642629273306,77
NAM,"Namibia",2009,30.464418503297,36.6386323078323,77
NAM,"Namibia",2010,29.1153997054744,33.7510930138052,77
NAM,"Namibia",2011,34.4892517110394,42.2519365913266,77
NAM,"Namibia",2012,33.2651693684598,38.3287491481932,77
NAM,"Namibia",2013,34.0627518701588,38.9077653186857,77
NAM,"Namibia",2014,38.2716439586693,43.903560864985,77
NAM,"Namibia",2015,36.6443628616567,42.3397430296462,77
NAM,"Namibia",2016,34.0190615755443,38.7770130168631,77
NAM,"Namibia",2017,34.7619756251524,40.6178742361063,77
NAM,"Namibia",2018,35.8724012199208,40.6689664804484,77
NAM,"Namibia",2019,35.8165491759797,40.9623185163493,77
NAM,"Namibia",2020,34.5878422649211,39.877431583996,77
NAM,"Namibia",2021,39.4434233660482,45.5204168732795,77
NAM,"Namibia",2022,27.6158170073699,27.9353696399093,77
NRU,"Nauru",1990,32.9995756510227,33.0506781981198,2
NRU,"Nauru",1991,17.9527363795774,20.8915730421002,2
NRU,"Nauru",1992,19.2914409014411,22.9711329335345,2
NRU,"Nauru",1993,19.735941721785,25.3424417989934,2
NRU,"Nauru",1994,17.3095276262696,21.6737993933095,2
NRU,"Nauru",1995,18.1799594371553,20.0201005770985,2
NRU,"Nauru",1996,19.589195078629,23.4713439879715,2
NRU,"Nauru",1997,20.4337334663153,24.3619016808585,2
NRU,"Nauru",1998,20.0349231726532,20.8262506594821,2
NRU,"Nauru",1999,18.4006121318505,21.3078960592982,2
NRU,"Nauru",2000,18.8294102044673,19.3535364281631,2
NRU,"Nauru",2001,19.4955854921099,21.1684036883445,2
NRU,"Nauru",2002,19.9145212038983,22.5611732547033,2
NRU,"Nauru",2003,18.7276927586776,22.4282966633625,2
NRU,"Nauru",2004,19.4440441377009,22.5531014423995,2
NRU,"Nauru",2005,16.9595605505084,18.26850429555,2
NRU,"Nauru",2006,16.0090548575539,18.3348603092863,2
NRU,"Nauru",2007,15.9474228255819,16.7487910479556,2
NRU,"Nauru",2008,11.6739019520634,13.0070823130527,2
NRU,"Nauru",2009,13.9751026849827,16.0251866765524,2
NRU,"Nauru",2010,16.8209862678034,17.8550538343916,2
NRU,"Nauru",2011,12.7501758307311,13.5479852033144,2
NRU,"Nauru",2012,13.3705147455334,14.731273882811,2
NRU,"Nauru",2013,16.4456734216873,19.4184911589593,2
NRU,"Nauru",2014,14.2875345674354,17.5829823545869,2
NRU,"Nauru",2015,15.6384193751823,18.2917159513087,2
NRU,"Nauru",2016,17.0553081655193,18.4312103197,2
NRU,"Nauru",2017,17.3889140326857,18.2362471908831,2
NRU,"Nauru",2018,17.4205084963634,18.7311708450728,2
NRU,"Nauru",2019,18.1609599405021,20.1155753096335,2
NRU,"Nauru",2020,18.299166437338,19.331086943614,2
NRU,"Nauru",2021,18.6720634097239,26.899813311495,2
NRU,"Nauru",2022,35.7554903514135,35.8193288396043,2
NPL,"Nepal",1990,34.1638082701634,38.4159390760563,13
NPL,"Nepal",1991,39.4770523813942,45.9363358992907,13
NPL,"Nepal",1992,37.6550190045676,44.9666388280927,13
NPL,"Nepal",1993,39.6592480859164,45.8577664630121,13
NPL,"Nepal",1994,41.4569253715812,46.666806034144,13
NPL,"Nepal",1995,40.3171449994758,46.8254484168478,13
NPL,"Nepal",1996,41.4661063604437,48.0945282566938,13
NPL,"Nepal",1997,43.7733083462588,49.9322809521962,13
NPL,"Nepal",1998,42.8966598201964,51.3435815916199,13
NPL,"Nepal",1999,43.6018606477385,53.2289214495273,13
NPL,"Nepal",2000,34.772389236271,42.9664228371212,13
NPL,"Nepal",2001,36.3114150061853,42.3876234397216,13
NPL,"Nepal",2002,36.6942268107248,41.1165698227913,13
NPL,"Nepal",2003,40.553501318564,50.6346398118629,13
NPL,"Nepal",2004,40.7592553742686,45.3223842053035,13
NPL,"Nepal",2005,36.8108665792697,41.493386084082,13
NPL,"Nepal",2006,40.5135518584973,46.7556952420383,13
NPL,"Nepal",2007,42.0042443860741,49.8622638769143,13
NPL,"Nepal",2008,46.6000748593261,52.8349524052189,13
NPL,"Nepal",2009,44.1689335802113,52.3852030326094,13
NPL,"Nepal",2010,41.2057553701843,47.5749456485516,13
NPL,"Nepal",2011,39.4390596677332,46.0935569508833,13
NPL,"Nepal",2012,45.0685481701756,55.8502215382434,13
NPL,"Nepal",2013,35.3173342640004,43.4873672210109,13
NPL,"Nepal",2014,41.2637073366147,51.165180714923,13
NPL,"Nepal",2015,40.3656033405215,47.5216076331341,13
NPL,"Nepal",2016,37.4250014865039,43.8797009240631,13
NPL,"Nepal",2017,45.0375699958557,52.668687017053,13
NPL,"Nepal",2018,47.4081344974059,53.2911630642233,13
NPL,"Nepal",2019,44.9503512563959,53.3034972567212,13
NPL,"Nepal",2020,44.6565316565605,49.0349177439551,13
NPL,"Nepal",2021,46.8036215624454,53.0588481220857,13
NPL,"Nepal",2022,51.5444744124398,58.0514010747276,13
NLD,"Netherlands",1990,27.867629632449,39.0234379525594,18
NLD,"Netherlands",1991,24.4252815513738,33.3365368948641,18
NLD,"Netherlands",1992,26.0480077103342,36.3079999923411,18
NLD,"Netherlands",1993,25.0077712823147,33.5748340176079,18
NLD,"Netherlands",1994,27.2002957893457,37.7950203891674,18
NLD,"Netherlands",1995,28.2386078723142,39.047573794433,18
NLD,"Netherlands",1996,24.8728317313868,33.9692598055144,18
NLD,"Netherlands",1997,25.6058340559371,34.4900443786037,18
NLD,"Netherlands",1998,26.9770265653352,34.5194505115164,18
NLD,"Netherlands",1999,29.8690273217639,37.9042582749245,18
NLD,"Netherlands",2000,26.5987526914858,34.1516434626627,18
NLD,"Netherlands",2001,27.4187673873724,36.7382054911846,18
NLD,"Netherlands",2002,28.1986099556491,36.7262358855776,18
NLD,"Netherlands",2003,31.7058022228662,43.4458786413267,18
NLD,"Netherlands",2004,29.8194539743569,38.8791730004318,18
NLD,"Netherlands",2005,29.0210556935559,36.8738266884452,18
NLD,"Netherlands",2006,29.8356246023207,40.1306375470103,18
NLD,"Netherlands",2007,28.6001933063725,36.9507197919818,18
NLD,"Netherlands",2008,27.5444408932358,36.7810810415136,18
NLD,"Netherlands",2009,29.1462977497426,38.5393391300679,18
NLD,"Netherlands",2010,27.8054060424091,36.1270752248181,18
NLD,"Netherlands",2011,28.7757238867292,36.7785024200998,18
NLD,"Netherlands",2012,29.0925198210735,36.4670903268675,18
NLD,"Netherlands",2013,30.0007712927344,37.9966953300002,18
NLD,"Netherlands",2014,29.5886451531468,37.5186106129201,18
NLD,"Netherlands",2015,30.5069694005614,38.2119329087508,18
NLD,"Netherlands",2016,29.7236721070343,37.4523202591652,18
NLD,"Netherlands",2017,29.7257977064327,36.993199736977,18
NLD,"Netherlands",2018,31.8845765368473,40.3216315769093,18
NLD,"Netherlands",2019,31.7568983184756,40.6717953470812,18
NLD,"Netherlands",2020,32.9333878111518,40.8157782929939,18
NLD,"Netherlands",2021,31.9203782794478,38.6926605013479,18
NLD,"Netherlands",2022,33.4292003102458,41.2434358184617,18
ANT,"Netherlands Antilles",1990,25.8250498148635,29.0363903542093,2
ANT,"Netherlands Antilles",1991,28.771131368372,31.5529078726566,2
ANT,"Netherlands Antilles",1992,26.3599266651691,29.1069672438622,2
ANT,"Netherlands Antilles",1993,29.364307719566,31.6697036204578,2
ANT,"Netherlands Antilles",1994,29.4718694324645,32.6381709223799,2
ANT,"Netherlands Antilles",1995,27.8039830573487,31.4987398419791,2
ANT,"Netherlands Antilles",1996,30.4677288741635,34.4935573655562,2
ANT,"Netherlands Antilles",1997,30.5350753995749,33.2013200806836,2
ANT,"Netherlands Antilles",1998,32.2737176621372,34.790716408816,2
ANT,"Netherlands Antilles",1999,30.7725919708483,32.9128648422071,2
ANT,"Netherlands Antilles",2000,29.0306121847484,33.5654342102228,2
ANT,"Netherlands Antilles",2001,22.8380210174306,27.2846977735486,2
ANT,"Netherlands Antilles",2002,31.320961484329,34.7345006345372,2
ANT,"Netherlands Antilles",2003,27.7932026641129,33.2497414257596,2
ANT,"Netherlands Antilles",2004,23.1277211105369,27.8538873048178,2
ANT,"Netherlands Antilles",2005,22.3372756587573,28.3703437995026,2
ANT,"Netherlands Antilles",2006,23.5009525662648,28.7554634179119,2
ANT,"Netherlands Antilles",2007,22.7439661075605,25.7285581990421,2
ANT,"Netherlands Antilles",2008,21.7123075233375,24.6694898058316,2
ANT,"Netherlands Antilles",2009,22.4504855701933,25.4692528060009,2
ANT,"Netherlands Antilles",2010,25.2911264847466,27.8504141815638,2
ANT,"Netherlands Antilles",2011,20.1401275525548,25.6431650092729,2
ANT,"Netherlands Antilles",2012,21.9001787830063,26.8883650522401,2
ANT,"Netherlands Antilles",2013,20.922148923779,38.5615102203642,2
ANT,"Netherlands Antilles",2014,47.895340265118,48.7665819521522,2
ANT,"Netherlands Antilles",2015,23.1737566410921,24.4367030835783,2
ANT,"Netherlands Antilles",2016,26.2424599313785,28.2753576162934,2
ANT,"Netherlands Antilles",2017,25.3341616652811,28.0958462957891,2
ANT,"Netherlands Antilles",2018,28.4367960304681,31.7904910227593,2
ANT,"Netherlands Antilles",2019,24.0814081348207,27.9214608126951,2
ANT,"Netherlands Antilles",2020,23.6799409913489,27.0171625555388,2
ANT,"Netherlands Antilles",2021,27.8010299335822,29.1344599518054,2
ANT,"Netherlands Antilles",2022,22.5589513066036,24.0962775530753,2
NCL,"New Caledonia",1990,25.758625341696,25.8097300675264,16
NCL,"New Caledonia",1991,25.3121088702314,29.5455681231902,16
NCL,"New Caledonia",1992,24.378655461225,30.175440275318,16
NCL,"New Caledonia",1993,26.5525422182099,31.7129331796747,16
NCL,"New Caledonia",1994,25.6532688263496,31.7958630069648,16
NCL,"New Caledonia",1995,26.8042129472572,30.090023544145,16
NCL,"New Caledonia",1996,26.6310483047064,32.4544587078202,16
NCL,"New Caledonia",1997,25.2792095883755,30.3299492376045,16
NCL,"New Caledonia",1998,24.8572803684474,29.7285311968161,16
NCL,"New Caledonia",1999,25.2938317425786,28.9764765302189,16
NCL,"New Caledonia",2000,25.5141728165234,28.9295086623389,16
NCL,"New Caledonia",2001,25.0956624989705,30.2941550437121,16
NCL,"New Caledonia",2002,27.7836986282951,31.9473402767944,16
NCL,"New Caledonia",2003,25.5504490905213,27.1754649713552,16
NCL,"New Caledonia",2004,25.3896432886229,29.3455785319957,16
NCL,"New Caledonia",2005,27.2711800681131,31.6684535890992,16
NCL,"New Caledonia",2006,25.0547811597032,29.6575289767307,16
NCL,"New Caledonia",2007,23.6057499342615,27.8676938176229,16
NCL,"New Caledonia",2008,22.8230951351902,28.2719889967829,16
NCL,"New Caledonia",2009,25.7759590131493,30.4354691703023,16
NCL,"New Caledonia",2010,23.6312307410967,28.3106602640918,16
NCL,"New Caledonia",2011,25.7225407206875,30.5563337293015,16
NCL,"New Caledonia",2012,25.1485387215642,28.3463081917122,16
NCL,"New Caledonia",2013,28.3577713208272,32.2851040309074,16
NCL,"New Caledonia",2014,25.8580353044123,30.782346907736,16
NCL,"New Caledonia",2015,24.9112045686085,27.0783786524486,16
NCL,"New Caledonia",2016,23.2642944324256,26.2297862620028,16
NCL,"New Caledonia",2017,24.8383925347093,27.2336499766768,16
NCL,"New Caledonia",2018,23.819567698438,26.5419832959237,16
NCL,"New Caledonia",2019,26.1450776232301,27.625237119125,16
NCL,"New Caledonia",2020,24.719838754014,27.5404289926622,16
NCL,"New Caledonia",2021,25.7534570005479,30.9618959201484,16
NCL,"New Caledonia",2022,21.9049855649884,21.9688263336565,16
NZL,"New Zealand",1990,25.3948816883644,25.6507974642023,75
NZL,"New Zealand",1991,25.3783481983492,29.5317139503876,75
NZL,"New Zealand",1992,24.8335426409219,29.6580368460782,75
NZL,"New Zealand",1993,26.6816079653908,31.3969269674358,75
NZL,"New Zealand",1994,25.3695158666511,30.193599901771,75
NZL,"New Zealand",1995,26.057355223426,28.6274829832582,75
NZL,"New Zealand",1996,26.2175243070796,31.064157931414,75
NZL,"New Zealand",1997,24.8959869379449,29.3787865342126,75
NZL,"New Zealand",1998,24.8170204052448,29.3052086529805,75
NZL,"New Zealand",1999,24.9411436377443,28.1792691208173,75
NZL,"New Zealand",2000,25.5823713825346,28.089800293624,75
NZL,"New Zealand",2001,25.6198675477165,29.7893749473022,75
NZL,"New Zealand",2002,26.8435534726232,30.4061689444216,75
NZL,"New Zealand",2003,25.2679284927738,26.9207506574163,75
NZL,"New Zealand",2004,24.9824190231053,27.715553571634,75
NZL,"New Zealand",2005,26.7421867000275,30.5336204236985,75
NZL,"New Zealand",2006,24.7756785465455,28.6420773681726,75
NZL,"New Zealand",2007,23.946547633923,28.3193118408552,75
NZL,"New Zealand",2008,22.846543196975,25.8571563674888,75
NZL,"New Zealand",2009,25.6838292585959,28.9761017892212,75
NZL,"New Zealand",2010,23.7448667365953,27.0299303664662,75
NZL,"New Zealand",2011,25.210257145625,29.3602468903619,75
NZL,"New Zealand",2012,24.7143037415411,27.5151284689174,75
NZL,"New Zealand",2013,27.5279081799594,30.6759458410076,75
NZL,"New Zealand",2014,24.7940325012664,28.8104501953722,75
NZL,"New Zealand",2015,23.3947873305241,24.8519083794367,75
NZL,"New Zealand",2016,23.3245705340888,25.9198175647053,75
NZL,"New Zealand",2017,23.3227740611153,25.5307111054355,75
NZL,"New Zealand",2018,23.4862715828974,25.3783778744017,75
NZL,"New Zealand",2019,23.5350586950248,25.0533082282413,75
NZL,"New Zealand",2020,22.9824866823825,25.0304093685608,75
NZL,"New Zealand",2021,24.0725755037323,27.6105136323997,75
NZL,"New Zealand",2022,20.9967282614979,21.3093407857934,75
NIC,"Nicaragua",1990,37.5558042153437,40.4521488599932,15
NIC,"Nicaragua",1991,30.498230689386,33.5048913480419,15
NIC,"Nicaragua",1992,29.6311591017732,33.073931347705,15
NIC,"Nicaragua",1993,31.6271965016912,35.6400579661946,15
NIC,"Nicaragua",1994,29.993276621617,33.052213894541,15
NIC,"Nicaragua",1995,30.7365348633761,34.3336810199018,15
NIC,"Nicaragua",1996,31.8447618773694,35.5856333919277,15
NIC,"Nicaragua",1997,30.954361098462,33.823624855176,15
NIC,"Nicaragua",1998,32.130536819466,36.3005970978731,15
NIC,"Nicaragua",1999,32.6854766848656,34.5856383430177,15
NIC,"Nicaragua",2000,32.225872328743,35.2187090163033,15
NIC,"Nicaragua",2001,28.6265446709371,30.7716322464171,15
NIC,"Nicaragua",2002,31.4713900593459,33.7257074172114,15
NIC,"Nicaragua",2003,30.9500432413384,34.8206089396491,15
NIC,"Nicaragua",2004,33.659756918882,35.5374276198939,15
NIC,"Nicaragua",2005,31.4275886355751,33.6772939819581,15
NIC,"Nicaragua",2006,29.7703148880903,32.555124513134,15
NIC,"Nicaragua",2007,28.5867219087188,31.4008951429797,15
NIC,"Nicaragua",2008,27.8010339284459,30.2153676302343,15
NIC,"Nicaragua",2009,26.4911951546302,29.4821515423744,15
NIC,"Nicaragua",2010,28.0928339160201,31.3314091453267,15
NIC,"Nicaragua",2011,26.7646768427868,29.6338027305599,15
NIC,"Nicaragua",2012,27.4432450439907,29.9220280948632,15
NIC,"Nicaragua",2013,27.3025043677473,29.668834063201,15
NIC,"Nicaragua",2014,24.4602856286358,28.3835958145017,15
NIC,"Nicaragua",2015,22.6556117922337,25.0429101115169,15
NIC,"Nicaragua",2016,22.9061045688419,25.624605693078,15
NIC,"Nicaragua",2017,22.8272847130749,24.3977484025324,15
NIC,"Nicaragua",2018,23.6441659298239,26.5562975110117,15
NIC,"Nicaragua",2019,25.1961144681647,27.9612837114372,15
NIC,"Nicaragua",2020,25.8707973850281,28.8962230642454,15
NIC,"Nicaragua",2021,23.784361531633,28.2118744267643,15
NIC,"Nicaragua",2022,30.8558427487169,32.824075173272,15
NER,"Niger",1990,36.809280574568,36.8627990651732,101
NER,"Niger",1991,29.6611283514619,35.6330497257263,101
NER,"Niger",1992,28.1987559437059,34.7064912684706,101
NER,"Niger",1993,29.1872841749501,36.2600947021816,101
NER,"Niger",1994,26.5391458836523,32.5316055054573,101
NER,"Niger",1995,30.2953336517869,34.2216250583476,101
NER,"Niger",1996,31.9009370444897,38.1269527073197,101
NER,"Niger",1997,34.3059706567017,37.8267941113058,101
NER,"Niger",1998,32.3326102265065,36.248962238355,101
NER,"Niger",1999,32.0140936897686,39.0002291479064,101
NER,"Niger",2000,41.0649471634239,45.584450786621,101
NER,"Niger",2001,34.0926178752074,36.727812493532,101
NER,"Niger",2002,33.9130645235939,37.4878522998634,101
NER,"Niger",2003,37.4432078584792,41.6615421877872,101
NER,"Niger",2004,35.3859366063268,39.0318062425134,101
NER,"Niger",2005,34.4410435792695,37.9474140930003,101
NER,"Niger",2006,33.3902060008064,36.9448852221158,101
NER,"Niger",2007,35.397166113674,38.2783062122084,101
NER,"Niger",2008,35.4376358699244,39.036123571938,101
NER,"Niger",2009,34.3859950340262,37.9610212910423,101
NER,"Niger",2010,35.0207463782224,38.3950650689403,101
NER,"Niger",2011,37.1718759271638,41.2185159945149,101
NER,"Niger",2012,36.4571966714479,40.6563355083624,101
NER,"Niger",2013,35.4024469852986,39.6871433586428,101
NER,"Niger",2014,36.7758809621615,41.0225563688767,101
NER,"Niger",2015,38.7421645221088,42.0208216556036,101
NER,"Niger",2016,38.1010947790703,41.7555273538193,101
NER,"Niger",2017,38.6316746205407,41.5990724789002,101
NER,"Niger",2018,38.0798764502924,40.6385496374362,101
NER,"Niger",2019,36.8170869335007,41.2768756095218,101
NER,"Niger",2020,36.1346330524499,38.4227784833324,101
NER,"Niger",2021,36.5271417656599,39.1594084323468,101
NER,"Niger",2022,39.4481908162776,39.5998921883485,101
NGA,"Nigeria",1990,38.5726541568607,39.322847384387,82
NGA,"Nigeria",1991,33.4391380738768,38.1158740863838,82
NGA,"Nigeria",1992,32.5211114366565,36.4717014055636,82
NGA,"Nigeria",1993,32.3902006381682,36.2725561581173,82
NGA,"Nigeria",1994,31.03095853434,35.2468578331975,82
NGA,"Nigeria",1995,33.1606682887698,36.412153503293,82
NGA,"Nigeria",1996,31.8990763666544,37.9185099347181,82
NGA,"Nigeria",1997,35.4781524419648,39.2284474231698,82
NGA,"Nigeria",1998,34.9987671518638,38.2371395979677,82
NGA,"Nigeria",1999,34.5240677203795,43.0714600605782,82
NGA,"Nigeria",2000,39.2692624651229,44.153564535008,82
NGA,"Nigeria",2001,34.2586671603087,37.2646696630421,82
NGA,"Nigeria",2002,32.4118021807334,37.3249745947635,82
NGA,"Nigeria",2003,35.3416522116901,40.39439191926,82
NGA,"Nigeria",2004,32.8525492501267,36.5667449635963,82
NGA,"Nigeria",2005,32.9655741036404,36.1473218204033,82
NGA,"Nigeria",2006,32.2179074181971,36.5202339012343,82
NGA,"Nigeria",2007,33.3117883077532,38.0082413071778,82
NGA,"Nigeria",2008,34.0290503620682,38.3949186936962,82
NGA,"Nigeria",2009,34.1801899878023,38.2907355912668,82
NGA,"Nigeria",2010,36.0301012269212,39.624736413789,82
NGA,"Nigeria",2011,37.1340264615797,42.0058868466498,82
NGA,"Nigeria",2012,37.3762645916653,42.8514403815744,82
NGA,"Nigeria",2013,34.4373483866482,39.3518271088946,82
NGA,"Nigeria",2014,34.4743536132687,39.1949367269052,82
NGA,"Nigeria",2015,37.9651323883999,42.4945320031441,82
NGA,"Nigeria",2016,36.4397133802921,40.9258605857352,82
NGA,"Nigeria",2017,37.8832118562881,41.913094518856,82
NGA,"Nigeria",2018,37.0745315230085,41.3496233584787,82
NGA,"Nigeria",2019,37.2698579818332,42.9364452781038,82
NGA,"Nigeria",2020,36.4294348134795,40.6827548999876,82
NGA,"Nigeria",2021,36.9860237875692,40.0554774221828,82
NGA,"Nigeria",2022,39.0876116610863,39.1514501492771,82
NIU,"Niue",1990,15.575625989705,16.9727622135889,1
NIU,"Niue",1991,23.3993859152188,29.4443650688438,1
NIU,"Niue",1992,23.7648057969542,28.6404727033689,1
NIU,"Niue",1993,26.0587629465792,31.9842908058149,1
NIU,"Niue",1994,23.9812310732655,30.389029513172,1
NIU,"Niue",1995,22.6105555716851,26.1386807447225,1
NIU,"Niue",1996,26.6132262995925,30.8872695591317,1
NIU,"Niue",1997,27.1628219951349,29.9592311086574,1
NIU,"Niue",1998,22.4566938359852,26.2274795970595,1
NIU,"Niue",1999,22.8850062263636,25.9851392882457,1
NIU,"Niue",2000,21.6931443957415,23.9970493201257,1
NIU,"Niue",2001,23.1824251017817,26.5703732893887,1
NIU,"Niue",2002,24.8498786744809,28.5712732272634,1
NIU,"Niue",2003,21.9590717344992,26.2212605436015,1
NIU,"Niue",2004,22.287537414443,24.2876867904512,1
NIU,"Niue",2005,22.7657923297201,26.8473424647161,1
NIU,"Niue",2006,21.9270632726391,27.639792196096,1
NIU,"Niue",2007,21.1487968108738,25.236295153024,1
NIU,"Niue",2008,18.5346543447251,23.5151956448609,1
NIU,"Niue",2009,21.3728636140896,26.65424506662,1
NIU,"Niue",2010,20.7642186591363,25.9584378127064,1
NIU,"Niue",2011,19.9543737127485,23.7728588637208,1
NIU,"Niue",2012,21.4042624961428,25.4895066640109,1
NIU,"Niue",2013,22.1066343765413,26.2410600672105,1
NIU,"Niue",2014,24.8346632233288,28.909466578578,1
NIU,"Niue",2015,24.4160276393327,28.1407609575908,1
NIU,"Niue",2016,23.6290223986447,26.0846164606075,1
NIU,"Niue",2017,23.9686771588196,27.2841177214235,1
NIU,"Niue",2018,24.3645283969899,26.6508278891446,1
NIU,"Niue",2019,24.3885852984655,25.0836741775191,1
NIU,"Niue",2020,24.7243574048531,25.8622521209995,1
NIU,"Niue",2021,25.7520034476274,30.7168502165018,1
NIU,"Niue",2022,34.7585450291137,34.8223835173044,1
NFK,"Norfolk Island",1990,25.523422173652,25.7346927572407,1
NFK,"Norfolk Island",1991,27.4509530617591,32.6679910575021,1
NFK,"Norfolk Island",1992,25.7782355404413,30.6768993766406,1
NFK,"Norfolk Island",1993,27.0618669187667,31.0418706010879,1
NFK,"Norfolk Island",1994,26.7394076744907,32.1704346227538,1
NFK,"Norfolk Island",1995,27.5816869633293,31.2272127392044,1
NFK,"Norfolk Island",1996,27.988289967424,33.5727741398061,1
NFK,"Norfolk Island",1997,26.3146305023798,31.8344143265415,1
NFK,"Norfolk Island",1998,26.8360801666647,32.6858693902287,1
NFK,"Norfolk Island",1999,26.4634637593916,30.0040797729744,1
NFK,"Norfolk Island",2000,24.6536638263579,29.2788280999409,1
NFK,"Norfolk Island",2001,26.728137109578,31.8532497125097,1
NFK,"Norfolk Island",2002,28.2675282226632,31.336113689549,1
NFK,"Norfolk Island",2003,27.7880409506699,30.3304732685441,1
NFK,"Norfolk Island",2004,25.5948990642618,28.484976974897,1
NFK,"Norfolk Island",2005,27.1753685485079,31.8130016715513,1
NFK,"Norfolk Island",2006,26.3930830392715,31.3265702176614,1
NFK,"Norfolk Island",2007,24.7625163675065,30.4292493196579,1
NFK,"Norfolk Island",2008,24.449854664487,29.3622918266458,1
NFK,"Norfolk Island",2009,24.9533531483138,31.0177560893816,1
NFK,"Norfolk Island",2010,24.9584591529781,30.0910466275357,1
NFK,"Norfolk Island",2011,26.2279844118574,31.3573192912264,1
NFK,"Norfolk Island",2012,26.0421778800711,30.6502360783878,1
NFK,"Norfolk Island",2013,27.5323561772124,31.278865533153,1
NFK,"Norfolk Island",2014,27.9068333544306,31.6388701263917,1
NFK,"Norfolk Island",2015,27.4927195667411,30.8128066890456,1
NFK,"Norfolk Island",2016,26.1912133322508,29.1883315310503,1
NFK,"Norfolk Island",2017,27.8477638993761,31.5337698565406,1
NFK,"Norfolk Island",2018,26.923948972674,29.7474265192322,1
NFK,"Norfolk Island",2019,27.5964515632427,30.0935830043039,1
NFK,"Norfolk Island",2020,27.1416382140016,30.1718660471691,1
NFK,"Norfolk Island",2021,27.0868035789921,31.9446172260023,1
NFK,"Norfolk Island",2022,21.2657431787355,21.4953864793163,1
MNP,"Northern Mariana Islands",1990,34.1872254249948,36.4098718002448,8
MNP,"Northern Mariana Islands",1991,27.7250780794466,33.970993443052,8
MNP,"Northern Mariana Islands",1992,23.9646882593472,28.3076763342425,8
MNP,"Northern Mariana Islands",1993,26.8153032971316,32.5347064426162,8
MNP,"Northern Mariana Islands",1994,25.3586471550467,30.4886175492624,8
MNP,"Northern Mariana Islands",1995,25.2896895227803,31.8224358528224,8
MNP,"Northern Mariana Islands",1996,24.9811034064171,32.4104903415161,8
MNP,"Northern Mariana Islands",1997,27.6564327681431,32.9271496988374,8
MNP,"Northern Mariana Islands",1998,27.8056357938205,33.4385702315872,8
MNP,"Northern Mariana Islands",1999,24.6450950587997,28.3748576463612,8
MNP,"Northern Mariana Islands",2000,24.4768163035905,28.9862708597079,8
MNP,"Northern Mariana Islands",2001,26.1103188862779,30.4670246542054,8
MNP,"Northern Mariana Islands",2002,28.0249912526691,32.5901688274236,8
MNP,"Northern Mariana Islands",2003,27.7371537310327,34.8691053216478,8
MNP,"Northern Mariana Islands",2004,30.7301116340566,34.3996338709957,8
MNP,"Northern Mariana Islands",2005,24.7454247115986,29.80053639378,8
MNP,"Northern Mariana Islands",2006,25.408158761158,29.0712260816498,8
MNP,"Northern Mariana Islands",2007,22.6374196474957,27.6698364509344,8
MNP,"Northern Mariana Islands",2008,21.6606218077763,26.440142400827,8
MNP,"Northern Mariana Islands",2009,22.4880748149154,27.3267314965401,8
MNP,"Northern Mariana Islands",2010,25.4933566058361,30.8197704875962,8
MNP,"Northern Mariana Islands",2011,21.4563620458914,26.7063514674617,8
MNP,"Northern Mariana Islands",2012,22.924443159567,28.4653135549492,8
MNP,"Northern Mariana Islands",2013,23.7739710764516,31.2738772239101,8
MNP,"Northern Mariana Islands",2014,25.208397038649,30.9434275136168,8
MNP,"Northern Mariana Islands",2015,26.5866982727964,31.8843173134944,8
MNP,"Northern Mariana Islands",2016,25.9600453717143,31.5519576312914,8
MNP,"Northern Mariana Islands",2017,26.861311657946,31.5139908766373,8
MNP,"Northern Mariana Islands",2018,26.4035102996156,30.3770052205156,8
MNP,"Northern Mariana Islands",2019,27.0247518489447,31.1902655905567,8
MNP,"Northern Mariana Islands",2020,25.5838659409788,30.58038430104,8
MNP,"Northern Mariana Islands",2021,25.5933015050752,31.2687131371609,8
MNP,"Northern Mariana Islands",2022,37.4300865966198,37.4939250848106,8
NOR,"Norway",1990,32.5749431283742,39.6442421824358,101
NOR,"Norway",1991,32.7953858587065,38.6279842512819,101
NOR,"Norway",1992,33.0759866275086,39.8097663325135,101
NOR,"Norway",1993,32.5967051164946,38.7320073597712,101
NOR,"Norway",1994,34.8500193401916,42.2548699472739,101
NOR,"Norway",1995,32.6355355798614,38.3051351263924,101
NOR,"Norway",1996,34.6820177457631,41.7026545938725,101
NOR,"Norway",1997,34.8023590684559,42.0935927825078,101
NOR,"Norway",1998,33.7881737663811,38.8635220633441,101
NOR,"Norway",1999,35.7222299811996,40.7713835280595,101
NOR,"Norway",2000,34.5164723689446,40.2040076371983,101
NOR,"Norway",2001,34.9842333550058,40.7590487775159,101
NOR,"Norway",2002,36.5001337137372,42.1174697316573,101
NOR,"Norway",2003,36.5871559637119,42.8317336163405,101
NOR,"Norway",2004,37.1635174637795,42.7181013716274,101
NOR,"Norway",2005,36.2412624104161,42.0484119594342,101
NOR,"Norway",2006,37.1310622135855,43.8960728319244,101
NOR,"Norway",2007,33.2625051447172,38.2110646950191,101
NOR,"Norway",2008,33.0019905936966,39.3648110179038,101
NOR,"Norway",2009,33.2371930940684,39.1546242327917,101
NOR,"Norway",2010,33.7826973058421,38.1648838088737,101
NOR,"Norway",2011,33.6488407105405,39.2906727938968,101
NOR,"Norway",2012,32.3841961250176,37.6053341390654,101
NOR,"Norway",2013,33.02802105421,39.0636811363749,101
NOR,"Norway",2014,33.5941937332413,38.3718837421592,101
NOR,"Norway",2015,32.5163780884113,36.2593553505346,101
NOR,"Norway",2016,32.4300469012204,36.5390297509699,101
NOR,"Norway",2017,32.9687610238335,37.1447109594634,101
NOR,"Norway",2018,35.3306759601535,41.5494372709133,101
NOR,"Norway",2019,33.760837405313,39.7480735091238,101
NOR,"Norway",2020,32.6712674445338,37.5022306379031,101
NOR,"Norway",2021,33.7343053936419,38.434774199337,101
NOR,"Norway",2022,33.080426420073,38.8783346643949,101
PSE,"Occupied Palestinian Territory",1990,39.6779981487964,45.710794670324,1
PSE,"Occupied Palestinian Territory",1991,37.4772695141023,52.2682779522511,1
PSE,"Occupied Palestinian Territory",1992,36.2258268247891,49.1016505559912,1
PSE,"Occupied Palestinian Territory",1993,39.0406167430119,53.9795169828232,1
PSE,"Occupied Palestinian Territory",1994,37.1869144841129,44.9693288685664,1
PSE,"Occupied Palestinian Territory",1995,39.1083592481685,51.1579108962816,1
PSE,"Occupied Palestinian Territory",1996,44.1677281804402,54.9364366407435,1
PSE,"Occupied Palestinian Territory",1997,44.3137151083004,52.2190716416052,1
PSE,"Occupied Palestinian Territory",1998,47.0039279414504,57.0247255134793,1
PSE,"Occupied Palestinian Territory",1999,45.0401739031742,56.4628433735359,1
PSE,"Occupied Palestinian Territory",2000,32.4432129351856,41.6928739048265,1
PSE,"Occupied Palestinian Territory",2001,39.0697943412322,45.7728554430022,1
PSE,"Occupied Palestinian Territory",2002,47.8705068085874,57.7897644992998,1
PSE,"Occupied Palestinian Territory",2003,41.0132066370628,52.8557285797036,1
PSE,"Occupied Palestinian Territory",2004,41.9475229635509,53.255564752731,1
PSE,"Occupied Palestinian Territory",2005,38.5352227279529,50.7540958451012,1
PSE,"Occupied Palestinian Territory",2006,39.3124937663416,50.4235899258564,1
PSE,"Occupied Palestinian Territory",2007,48.3522238876403,55.4481394015271,1
PSE,"Occupied Palestinian Territory",2008,47.6283036790194,53.3984782282788,1
PSE,"Occupied Palestinian Territory",2009,47.5023615091726,53.7700663614562,1
PSE,"Occupied Palestinian Territory",2010,43.6326821658929,54.6801486967884,1
PSE,"Occupied Palestinian Territory",2011,43.0664405944754,48.2937668882127,1
PSE,"Occupied Palestinian Territory",2012,43.5947720487988,48.2739943388233,1
PSE,"Occupied Palestinian Territory",2013,39.991267724185,47.876568728931,1
PSE,"Occupied Palestinian Territory",2014,39.3860703374365,48.5609067424677,1
PSE,"Occupied Palestinian Territory",2015,40.6576277768565,48.1163400441194,1
PSE,"Occupied Palestinian Territory",2016,41.7920619735939,47.6911806891532,1
PSE,"Occupied Palestinian Territory",2017,38.1313786674319,45.1635875693122,1
PSE,"Occupied Palestinian Territory",2018,33.0315612272913,41.8615473879116,1
PSE,"Occupied Palestinian Territory",2019,38.5634232661251,48.0271845118013,1
PSE,"Occupied Palestinian Territory",2020,37.876082683155,47.8988204686647,1
PSE,"Occupied Palestinian Territory",2021,39.0332566949828,50.5476171526091,1
PSE,"Occupied Palestinian Territory",2022,36.9692809089917,41.8695619416157,1
OMN,"Oman",1990,38.1258805720956,38.81436189587,39
OMN,"Oman",1991,36.771437761004,41.2469949975194,39
OMN,"Oman",1992,32.0119919488963,36.9945816874044,39
OMN,"Oman",1993,34.0107774933051,38.9700685324773,39
OMN,"Oman",1994,36.122540346169,39.8831395495676,39
OMN,"Oman",1995,39.025494690963,43.5313804283653,39
OMN,"Oman",1996,38.2571975447502,42.5712180893522,39
OMN,"Oman",1997,39.5700736760643,43.548059649035,39
OMN,"Oman",1998,37.593964760662,41.1973213471639,39
OMN,"Oman",1999,39.6743756926935,45.4262142436051,39
OMN,"Oman",2000,35.0289221039229,40.6903995611403,39
OMN,"Oman",2001,39.5877720075059,45.8116164752628,39
OMN,"Oman",2002,42.7814377592676,48.256830354947,39
OMN,"Oman",2003,42.9365145833448,53.9764821966843,39
OMN,"Oman",2004,43.1538897338459,50.4317722380677,39
OMN,"Oman",2005,38.9073884892169,41.7233229284029,39
OMN,"Oman",2006,44.5889473115542,49.3574661480236,39
OMN,"Oman",2007,47.9092475281687,52.9951934671136,39
OMN,"Oman",2008,50.6945986263798,55.244366355288,39
OMN,"Oman",2009,45.470772657158,48.9380498650774,39
OMN,"Oman",2010,40.1423598901382,43.7039933379619,39
OMN,"Oman",2011,43.4865295258406,46.8865042889144,39
OMN,"Oman",2012,43.5455151990135,47.3087387510035,39
OMN,"Oman",2013,38.7210628905206,44.0149343433917,39
OMN,"Oman",2014,42.438534124536,50.2075559099012,39
OMN,"Oman",2015,36.3670085176338,43.0345343383265,39
OMN,"Oman",2016,34.0169517579839,38.2939266206413,39
OMN,"Oman",2017,33.0301023254435,36.6514260357939,39
OMN,"Oman",2018,32.9726490757656,37.9806699867395,39
OMN,"Oman",2019,36.0068432435791,41.0642118380903,39
OMN,"Oman",2020,33.5600086003396,38.6460675391462,39
OMN,"Oman",2021,43.7291454391899,49.307519410206,39
OMN,"Oman",2022,37.8205935483236,38.6369167293662,39
PAK,"Pakistan",1990,37.4268937151976,38.489818706154,83
PAK,"Pakistan",1991,42.1578073759451,46.5734268182521,83
PAK,"Pakistan",1992,35.7133593233843,40.6894576789125,83
PAK,"Pakistan",1993,39.0270074826271,45.2432308353573,83
PAK,"Pakistan",1994,36.4411323914564,39.7066992815617,83
PAK,"Pakistan",1995,43.0583648699568,46.8676641555109,83
PAK,"Pakistan",1996,38.9444911501058,43.7744378433535,83
PAK,"Pakistan",1997,43.6158818460654,46.5795019933544,83
PAK,"Pakistan",1998,42.9293241881245,48.9603004626011,83
PAK,"Pakistan",1999,46.8333015748629,52.28957029247,83
PAK,"Pakistan",2000,37.3520021228995,45.5426316102946,83
PAK,"Pakistan",2001,42.4833815232801,49.7662808490918,83
PAK,"Pakistan",2002,45.8832471620346,53.2037644268849,83
PAK,"Pakistan",2003,46.8756554845648,55.9095054442807,83
PAK,"Pakistan",2004,45.790113291636,53.329473599648,83
PAK,"Pakistan",2005,43.6869893255156,47.992630196448,83
PAK,"Pakistan",2006,47.1089013023932,52.7029842587907,83
PAK,"Pakistan",2007,51.0773904200276,55.7450853548984,83
PAK,"Pakistan",2008,52.5724028376663,59.7142605792654,83
PAK,"Pakistan",2009,46.709909558531,51.890782230401,83
PAK,"Pakistan",2010,46.6061129653007,51.8719704607014,83
PAK,"Pakistan",2011,42.9946929914769,47.7640310562963,83
PAK,"Pakistan",2012,48.3821652858298,54.8435322037612,83
PAK,"Pakistan",2013,39.8316090655941,44.5637249268776,83
PAK,"Pakistan",2014,44.0825364446279,53.3671490348987,83
PAK,"Pakistan",2015,40.6862959976093,48.0585996102752,83
PAK,"Pakistan",2016,33.3402855259051,42.9212000800275,83
PAK,"Pakistan",2017,47.844814713535,57.1758599126514,83
PAK,"Pakistan",2018,47.1404898288105,55.4560070792577,83
PAK,"Pakistan",2019,45.8374058016864,55.5697545549787,83
PAK,"Pakistan",2020,43.5147750097728,50.7732501801285,83
PAK,"Pakistan",2021,47.299960679138,55.1657982145014,83
PAK,"Pakistan",2022,49.8106982626001,57.0424236602199,83
PLW,"Palau",1990,33.88406599846,33.9351685455571,4
PLW,"Palau",1991,25.2578397114,28.9397499060894,4
PLW,"Palau",1992,23.2528997608472,27.8384630071307,4
PLW,"Palau",1993,24.2844399231163,31.440715679459,4
PLW,"Palau",1994,23.7917713870949,27.5584050527793,4
PLW,"Palau",1995,20.7471811573596,27.0147045950346,4
PLW,"Palau",1996,22.4907340845207,27.8822642418481,4
PLW,"Palau",1997,29.7006650281763,31.1571861141241,4
PLW,"Palau",1998,23.1115973726503,27.458177852615,4
PLW,"Palau",1999,20.6236697766915,23.9351711795842,4
PLW,"Palau",2000,21.6936255653607,25.2655035299419,4
PLW,"Palau",2001,24.312744725888,27.634744857635,4
PLW,"Palau",2002,28.4205852832625,31.4922333400812,4
PLW,"Palau",2003,23.7929821307978,29.2867844041666,4
PLW,"Palau",2004,26.6087492481867,28.1600954835759,4
PLW,"Palau",2005,21.3143917618457,26.2176908791996,4
PLW,"Palau",2006,22.8506181675257,23.9040897819167,4
PLW,"Palau",2007,19.5589358752027,22.6268774122434,4
PLW,"Palau",2008,16.741683862468,20.6444369051161,4
PLW,"Palau",2009,20.9091817726125,23.3172087110519,4
PLW,"Palau",2010,20.0367653507389,23.954777104888,4
PLW,"Palau",2011,16.7182961817196,20.1044946381304,4
PLW,"Palau",2012,20.8852296945761,25.3695917752873,4
PLW,"Palau",2013,22.2348967769776,27.5688551455533,4
PLW,"Palau",2014,21.7772281804024,25.5330621811271,4
PLW,"Palau",2015,23.0328279284853,26.3853424163967,4
PLW,"Palau",2016,21.9302701855934,24.8076624491693,4
PLW,"Palau",2017,21.8762571133262,25.46148330705,4
PLW,"Palau",2018,24.1353027799445,26.6624149947572,4
PLW,"Palau",2019,23.8041194099934,28.3865160362922,4
PLW,"Palau",2020,24.135871004559,29.528770882901,4
PLW,"Palau",2021,22.60191076631,32.0959580547955,4
PLW,"Palau",2022,39.7615162035744,39.9768602091936,4
PAN,"Panama",1990,31.8878768193147,33.5072656728613,16
PAN,"Panama",1991,29.7962226737687,31.6433784592244,16
PAN,"Panama",1992,28.3822995321995,32.0982772627756,16
PAN,"Panama",1993,31.2298919591396,33.7279266629306,16
PAN,"Panama",1994,29.6737960010979,32.7175016825304,16
PAN,"Panama",1995,30.6377930852533,34.1659079541822,16
PAN,"Panama",1996,31.1833515068742,34.8580963605436,16
PAN,"Panama",1997,31.638464388158,33.620189167163,16
PAN,"Panama",1998,32.2153087955595,35.7753938106534,16
PAN,"Panama",1999,30.8530710291918,32.7294132983192,16
PAN,"Panama",2000,33.982347336562,37.9615804650586,16
PAN,"Panama",2001,30.6612393659377,32.4639623101242,16
PAN,"Panama",2002,32.7444782618753,35.6044342724949,16
PAN,"Panama",2003,32.1930794287317,34.58022750785,16
PAN,"Panama",2004,30.186734949907,33.0232532059486,16
PAN,"Panama",2005,26.4511521347951,28.6922550227626,16
PAN,"Panama",2006,28.7586185686571,30.3513985295018,16
PAN,"Panama",2007,25.3375617841592,27.3018416155864,16
PAN,"Panama",2008,25.9296464334501,27.7134178483074,16
PAN,"Panama",2009,25.7537011603183,26.7896646495805,16
PAN,"Panama",2010,27.0694168632929,29.764921944773,16
PAN,"Panama",2011,26.6377672716241,29.6057783700539,16
PAN,"Panama",2012,26.4363010518593,27.4361172146176,16
PAN,"Panama",2013,26.4466825232644,28.9259833728877,16
PAN,"Panama",2014,23.7006827061598,26.27306158729,16
PAN,"Panama",2015,25.7451526938558,27.3863965894846,16
PAN,"Panama",2016,24.8072891918555,26.6384892182981,16
PAN,"Panama",2017,25.3980521020615,28.3099193339686,16
PAN,"Panama",2018,26.801046852699,29.0124494078397,16
PAN,"Panama",2019,26.4062724709708,28.2677796380289,16
PAN,"Panama",2020,25.1518742366227,28.7599529537375,16
PAN,"Panama",2021,25.1397421546332,26.9196588219231,16
PAN,"Panama",2022,24.9178696354707,26.5858625845954,16
PNG,"Papua New Guinea",1990,32.453898256995,32.5050008040921,93
PNG,"Papua New Guinea",1991,18.4788568311722,23.4859037057386,93
PNG,"Papua New Guinea",1992,18.4141215866814,23.0723695509549,93
PNG,"Papua New Guinea",1993,21.2696785830543,26.2836283348919,93
PNG,"Papua New Guinea",1994,18.6328742465462,22.3520328133418,93
PNG,"Papua New Guinea",1995,17.1566450713934,19.3576049087064,93
PNG,"Papua New Guinea",1996,19.5767893823743,24.5310773492591,93
PNG,"Papua New Guinea",1997,24.1752172693284,27.8799890698267,93
PNG,"Papua New Guinea",1998,18.2143077184562,19.3835524057008,93
PNG,"Papua New Guinea",1999,17.5055600986198,19.9256025146336,93
PNG,"Papua New Guinea",2000,20.1509649812117,21.8617103587292,93
PNG,"Papua New Guinea",2001,17.7588293855873,20.8339726909298,93
PNG,"Papua New Guinea",2002,20.7834412289421,23.7190514121008,93
PNG,"Papua New Guinea",2003,17.7106765235854,21.8141302769162,93
PNG,"Papua New Guinea",2004,18.4905461786263,22.7996402261755,93
PNG,"Papua New Guinea",2005,19.3738283217641,21.9905654519474,93
PNG,"Papua New Guinea",2006,18.0324758589215,20.3108141402666,93
PNG,"Papua New Guinea",2007,17.144518748112,19.0570882572866,93
PNG,"Papua New Guinea",2008,15.7013030178391,17.6438970983221,93
PNG,"Papua New Guinea",2009,18.4890224439462,20.9787692911727,93
PNG,"Papua New Guinea",2010,18.223587754794,21.4248716652034,93
PNG,"Papua New Guinea",2011,16.1505490321609,18.0901514702884,93
PNG,"Papua New Guinea",2012,18.3331594827461,19.9506148344117,93
PNG,"Papua New Guinea",2013,20.510459349287,22.4797591954944,93
PNG,"Papua New Guinea",2014,14.4274629995728,20.6217460620535,93
PNG,"Papua New Guinea",2015,17.0011558841386,19.3359494652946,93
PNG,"Papua New Guinea",2016,15.5017878296402,17.1194544667009,93
PNG,"Papua New Guinea",2017,15.8753040397965,19.2226379862814,93
PNG,"Papua New Guinea",2018,17.7412561112982,20.2175831855353,93
PNG,"Papua New Guinea",2019,18.6691024411185,21.6631740017697,93
PNG,"Papua New Guinea",2020,17.0851218814036,20.687489780816,93
PNG,"Papua New Guinea",2021,17.2240518882044,26.0940099518258,93
PNG,"Papua New Guinea",2022,37.8557629143697,37.9196014025604,93
PRY,"Paraguay",1990,23.1187371152657,24.6604037466397,34
PRY,"Paraguay",1991,29.1633602336348,32.8002034960567,34
PRY,"Paraguay",1992,27.6883707669529,31.2468737400726,34
PRY,"Paraguay",1993,30.0408760448353,31.7886958727553,34
PRY,"Paraguay",1994,29.3462415236126,33.8889525711035,34
PRY,"Paraguay",1995,30.9599819084689,34.5461167513124,34
PRY,"Paraguay",1996,33.0266632961969,34.3726326381102,34
PRY,"Paraguay",1997,33.4355161425118,36.9666780302763,34
PRY,"Paraguay",1998,25.6999012560628,29.0875238039181,34
PRY,"Paraguay",1999,30.555113705684,33.4006209028905,34
PRY,"Paraguay",2000,26.3630203108594,29.6714861174141,34
PRY,"Paraguay",2001,27.0688387715109,27.9553895749205,34
PRY,"Paraguay",2002,29.3588742082036,32.7960289824981,34
PRY,"Paraguay",2003,30.7298330503534,31.5231973078692,34
PRY,"Paraguay",2004,28.0665382722125,30.5351394626536,34
PRY,"Paraguay",2005,28.7825161233532,31.8729450031363,34
PRY,"Paraguay",2006,28.7851857717133,31.0353046151706,34
PRY,"Paraguay",2007,25.1419593296316,32.4069771285063,34
PRY,"Paraguay",2008,31.2280838391068,33.3192721367254,34
PRY,"Paraguay",2009,27.7259681415083,29.038095686209,34
PRY,"Paraguay",2010,27.9533900117146,31.4144632815065,34
PRY,"Paraguay",2011,28.1047227441999,32.7976227798246,34
PRY,"Paraguay",2012,31.5277095280375,36.3147494944304,34
PRY,"Paraguay",2013,30.8182058163596,35.5842834828678,34
PRY,"Paraguay",2014,29.6093323740248,33.4656604143882,34
PRY,"Paraguay",2015,27.5090722140333,28.4798050282487,34
PRY,"Paraguay",2016,26.6369693447701,29.3313512651534,34
PRY,"Paraguay",2017,30.4909365729994,35.0123469056946,34
PRY,"Paraguay",2018,28.8063373200653,30.7783712183571,34
PRY,"Paraguay",2019,32.5187849390224,35.448770096384,34
PRY,"Paraguay",2020,31.2225089940757,33.816899067853,34
PRY,"Paraguay",2021,27.8406510977921,31.0038473716652,34
PRY,"Paraguay",2022,26.3154715226255,30.1865526332699,34
PER,"Peru",1990,27.6064897011812,27.7615344476451,114
PER,"Peru",1991,27.7406407261677,31.1711314789983,114
PER,"Peru",1992,26.4196068229558,30.53251224997,114
PER,"Peru",1993,27.6472487592398,31.3913555810175,114
PER,"Peru",1994,27.1767087158316,30.9779780048116,114
PER,"Peru",1995,27.9621986832641,30.4181286724178,114
PER,"Peru",1996,30.4848048961954,32.8792962850536,114
PER,"Peru",1997,29.4128606072744,32.0066233333845,114
PER,"Peru",1998,30.2624940532584,33.1243314050994,114
PER,"Peru",1999,28.2449878261303,30.2006417196728,114
PER,"Peru",2000,25.4749001327427,29.2713525319121,114
PER,"Peru",2001,21.7804337940133,26.3441715826853,114
PER,"Peru",2002,26.486265112601,31.1149927472631,114
PER,"Peru",2003,26.6582093490592,29.0888926740123,114
PER,"Peru",2004,26.6615749567522,30.4213089293893,114
PER,"Peru",2005,27.0850744524942,30.7165650440101,114
PER,"Peru",2006,26.3073330032195,28.6378893717217,114
PER,"Peru",2007,25.3611650958271,28.5062478122065,114
PER,"Peru",2008,24.0748871706272,25.6331020414436,114
PER,"Peru",2009,25.4305607804378,27.7597031184209,114
PER,"Peru",2010,25.2052435945129,28.771368427972,114
PER,"Peru",2011,23.8054006674305,25.687758850887,114
PER,"Peru",2012,25.0342783072729,28.0690659567688,114
PER,"Peru",2013,23.4487233734872,26.1547064421022,114
PER,"Peru",2014,26.5524992896716,31.0329806113774,114
PER,"Peru",2015,27.5772419238691,30.6063650848577,114
PER,"Peru",2016,26.8075744337392,29.4210873873934,114
PER,"Peru",2017,26.0890732743831,29.7373448615675,114
PER,"Peru",2018,28.3053964433081,30.8497314089694,114
PER,"Peru",2019,29.2029160245536,32.9568999010116,114
PER,"Peru",2020,27.0137896543369,29.1970741494508,114
PER,"Peru",2021,24.7761767798057,28.4449300477673,114
PER,"Peru",2022,23.5676002635949,26.5746675431857,114
PHL,"Philippines",1990,34.4448347817548,36.0290933388938,82
PHL,"Philippines",1991,23.4978962072169,26.217853932277,82
PHL,"Philippines",1992,22.8989617564513,25.6226246061625,82
PHL,"Philippines",1993,24.6960729033474,29.744509927247,82
PHL,"Philippines",1994,22.6280655382446,25.6368776546255,82
PHL,"Philippines",1995,21.6542495977321,25.0820512283494,82
PHL,"Philippines",1996,23.3558570494949,27.8727396753309,82
PHL,"Philippines",1997,26.813045788757,29.8925015157044,82
PHL,"Philippines",1998,23.76776910472,26.1187096500186,82
PHL,"Philippines",1999,22.6240039927222,26.215124226794,82
PHL,"Philippines",2000,25.7102454708682,29.1789011400239,82
PHL,"Philippines",2001,28.8488403206269,31.670923970063,82
PHL,"Philippines",2002,32.1946613965229,34.21392474623,82
PHL,"Philippines",2003,28.7276196591046,32.3670283737066,82
PHL,"Philippines",2004,31.8756228584223,34.8288228503619,82
PHL,"Philippines",2005,25.6425279203211,28.5149427492764,82
PHL,"Philippines",2006,26.1702557283223,27.7721433553881,82
PHL,"Philippines",2007,24.8187858998978,27.4064520984234,82
PHL,"Philippines",2008,21.9060734863343,25.3036874565847,82
PHL,"Philippines",2009,24.1063529170307,26.5904863016677,82
PHL,"Philippines",2010,24.3747580630322,26.9942722259393,82
PHL,"Philippines",2011,23.5973080965192,26.2709888224994,82
PHL,"Philippines",2012,25.5613568481029,28.2672478301766,82
PHL,"Philippines",2013,24.5194554956247,28.3040643825161,82
PHL,"Philippines",2014,23.9518615483645,30.4352395293269,82
PHL,"Philippines",2015,26.9594269012695,31.6983600756745,82
PHL,"Philippines",2016,25.885955098248,30.1806368037625,82
PHL,"Philippines",2017,28.7124155888947,33.0075769102741,82
PHL,"Philippines",2018,29.1125787190954,32.7110771219901,82
PHL,"Philippines",2019,30.0114173226708,34.578281500192,82
PHL,"Philippines",2020,30.3296566776159,35.9346469930761,82
PHL,"Philippines",2021,27.1766887418693,35.0280125854207,82
PHL,"Philippines",2022,42.663454038992,43.475636219497,82
PCN,"Pitcairn Island",1990,18.2098247293863,18.4220049551123,3
PCN,"Pitcairn Island",1991,24.3970699037868,30.8030143738739,3
PCN,"Pitcairn Island",1992,23.0831259779329,30.3998649614493,3
PCN,"Pitcairn Island",1993,27.3917102883967,32.3489176669525,3
PCN,"Pitcairn Island",1994,24.8437190848657,29.6516613549931,3
PCN,"Pitcairn Island",1995,24.6399413879442,30.2432517856837,3
PCN,"Pitcairn Island",1996,27.4510179824165,32.2908457017052,3
PCN,"Pitcairn Island",1997,27.4721719065435,30.1054461740616,3
PCN,"Pitcairn Island",1998,25.5930584420833,30.4577954206942,3
PCN,"Pitcairn Island",1999,23.0930174005507,26.9502551132609,3
PCN,"Pitcairn Island",2000,23.9325618499471,28.0531051783645,3
PCN,"Pitcairn Island",2001,25.013086155503,29.0028410680913,3
PCN,"Pitcairn Island",2002,24.9986013433996,28.568412282725,3
PCN,"Pitcairn Island",2003,23.6269657597837,27.8090407860914,3
PCN,"Pitcairn Island",2004,22.2047663605348,25.2712505250309,3
PCN,"Pitcairn Island",2005,24.9970021193652,29.2519832156698,3
PCN,"Pitcairn Island",2006,24.530632832718,31.6282465367187,3
PCN,"Pitcairn Island",2007,24.8701758427465,28.7428069403402,3
PCN,"Pitcairn Island",2008,22.0282277914918,26.9684091767939,3
PCN,"Pitcairn Island",2009,24.3990369080578,30.4228300742359,3
PCN,"Pitcairn Island",2010,24.6294203291839,31.7348373088395,3
PCN,"Pitcairn Island",2011,23.4002700538446,27.0608304539379,3
PCN,"Pitcairn Island",2012,22.5594986795415,27.8269863088467,3
PCN,"Pitcairn Island",2013,23.2581688806511,27.6650451982977,3
PCN,"Pitcairn Island",2014,26.3336922472653,30.3443168994783,3
PCN,"Pitcairn Island",2015,24.1021896795542,27.1585520100693,3
PCN,"Pitcairn Island",2016,25.7321389674379,28.7957408844677,3
PCN,"Pitcairn Island",2017,25.3804592304095,28.5883458074454,3
PCN,"Pitcairn Island",2018,25.9218139240535,28.347635125015,3
PCN,"Pitcairn Island",2019,26.3252294271215,28.4900897439558,3
PCN,"Pitcairn Island",2020,25.6143360075455,28.1366127428762,3
PCN,"Pitcairn Island",2021,27.3587503354815,32.4516851329481,3
PCN,"Pitcairn Island",2022,37.591037416693,37.6548759048838,3
POL,"Poland",1990,36.1209048597261,46.9257420970477,46
POL,"Poland",1991,28.724941262536,37.9159025928355,46
POL,"Poland",1992,33.7650566724262,46.2407538420914,46
POL,"Poland",1993,31.109917814424,41.4444345031155,46
POL,"Poland",1994,33.9915183850807,45.3584081043583,46
POL,"Poland",1995,33.6223936466609,42.3619949989537,46
POL,"Poland",1996,34.1219679514164,45.3376203908307,46
POL,"Poland",1997,32.3710058929353,42.5143744278895,46
POL,"Poland",1998,34.052337310906,43.0688864519011,46
POL,"Poland",1999,35.2545854505212,44.9086455897575,46
POL,"Poland",2000,33.3822141837454,43.1269678358262,46
POL,"Poland",2001,32.9498966037298,41.4623743668179,46
POL,"Poland",2002,35.7831939308323,46.1246258784053,46
POL,"Poland",2003,37.2253506037286,48.2571924599067,46
POL,"Poland",2004,34.7385235860636,43.36543905149,46
POL,"Poland",2005,34.5804354278546,44.5020063858977,46
POL,"Poland",2006,35.3960298832745,46.3942669191545,46
POL,"Poland",2007,33.1451996199762,43.4415768770718,46
POL,"Poland",2008,32.9404607392291,43.6183345880664,46
POL,"Poland",2009,31.8674207554414,42.3835222388587,46
POL,"Poland",2010,31.7734847437111,40.4115901610746,46
POL,"Poland",2011,32.9087177630421,42.2962461880898,46
POL,"Poland",2012,32.9120384612865,43.0437509173152,46
POL,"Poland",2013,32.8012894756885,42.4142409056168,46
POL,"Poland",2014,31.7063960796791,41.204173916379,46
POL,"Poland",2015,33.8812383483288,43.985732681409,46
POL,"Poland",2016,31.4869440538346,41.4639164293861,46
POL,"Poland",2017,32.4499129570227,40.6614639422422,46
POL,"Poland",2018,35.9424401531909,46.5520760622947,46
POL,"Poland",2019,34.5456208273693,44.1681832463563,46
POL,"Poland",2020,32.1530620047346,41.0087906265613,46
POL,"Poland",2021,33.2421560240358,41.5923411980008,46
POL,"Poland",2022,34.1101047562045,43.8230365524031,46
PRT,"Portugal",1990,34.9473618878066,41.0045664397069,24
PRT,"Portugal",1991,38.2100138980751,44.5677070183226,24
PRT,"Portugal",1992,36.6080346956634,42.2427312013757,24
PRT,"Portugal",1993,33.1936668392463,38.991490371261,24
PRT,"Portugal",1994,34.0523021172809,38.8356496786784,24
PRT,"Portugal",1995,39.3961750559828,45.1219224750324,24
PRT,"Portugal",1996,44.7101726346801,49.9837203067796,24
PRT,"Portugal",1997,36.1077575577555,42.992461981921,24
PRT,"Portugal",1998,32.4530173365003,37.1783662764371,24
PRT,"Portugal",1999,34.6611765413306,40.3997556769736,24
PRT,"Portugal",2000,31.2946588950872,36.9058797226418,24
PRT,"Portugal",2001,33.8420688213787,40.3350561176019,24
PRT,"Portugal",2002,34.0692922829683,40.9715113327636,24
PRT,"Portugal",2003,37.3391444707876,45.1299905503394,24
PRT,"Portugal",2004,35.9717556172335,43.1665925654758,24
PRT,"Portugal",2005,38.1183383095799,45.6971037531306,24
PRT,"Portugal",2006,36.4815643223808,44.3248170881792,24
PRT,"Portugal",2007,36.585329456622,42.9733455028097,24
PRT,"Portugal",2008,34.8725460149526,41.1466479701197,24
PRT,"Portugal",2009,38.2192749076019,42.8155806576152,24
PRT,"Portugal",2010,37.5103807001569,43.9560980688141,24
PRT,"Portugal",2011,35.8098316962153,41.1896042146214,24
PRT,"Portugal",2012,35.0993005011097,40.8349282623994,24
PRT,"Portugal",2013,35.712379630079,43.4742445612798,24
PRT,"Portugal",2014,35.0138853795749,40.1981671534667,24
PRT,"Portugal",2015,34.3781375874433,39.5144515071402,24
PRT,"Portugal",2016,34.8997407586038,40.3799004710654,24
PRT,"Portugal",2017,34.5752901054101,38.8646848395186,24
PRT,"Portugal",2018,36.3057855355334,41.902702422759,24
PRT,"Portugal",2019,35.1644819622439,39.4292513427902,24
PRT,"Portugal",2020,35.4634788906305,39.9736300217332,24
PRT,"Portugal",2021,35.0115417401994,38.5723259682411,24
PRT,"Portugal",2022,39.3817709415863,44.7192921531622,24
PRI,"Puerto Rico",1990,24.6615594908427,28.343681371333,5
PRI,"Puerto Rico",1991,29.1648212715222,31.7824112198721,5
PRI,"Puerto Rico",1992,26.6137447535748,31.5479274166514,5
PRI,"Puerto Rico",1993,29.7916051780472,32.634910197809,5
PRI,"Puerto Rico",1994,30.7323693105491,34.2259077041242,5
PRI,"Puerto Rico",1995,31.0626301857408,35.4976696851969,5
PRI,"Puerto Rico",1996,32.2968966867044,36.5722573595809,5
PRI,"Puerto Rico",1997,31.7689706006495,35.1322987678701,5
PRI,"Puerto Rico",1998,33.0186664731164,36.4236998541959,5
PRI,"Puerto Rico",1999,31.4452951706036,33.4742346445903,5
PRI,"Puerto Rico",2000,29.1048419290116,32.0045605494745,5
PRI,"Puerto Rico",2001,24.8258181967962,28.2638256563814,5
PRI,"Puerto Rico",2002,30.7474595315846,32.9595083068383,5
PRI,"Puerto Rico",2003,25.2963289722597,28.7361952072239,5
PRI,"Puerto Rico",2004,24.1822675215041,27.9013511533639,5
PRI,"Puerto Rico",2005,19.9119288018769,23.1152996553083,5
PRI,"Puerto Rico",2006,23.4773917862518,27.189232687241,5
PRI,"Puerto Rico",2007,21.5988188010181,27.5382130215182,5
PRI,"Puerto Rico",2008,26.0615511199717,28.7182360763125,5
PRI,"Puerto Rico",2009,23.7586056401905,26.6787296837184,5
PRI,"Puerto Rico",2010,25.1140432118327,28.1327739906355,5
PRI,"Puerto Rico",2011,24.1185849604799,26.9059854653866,5
PRI,"Puerto Rico",2012,24.4791788175158,27.9838543388012,5
PRI,"Puerto Rico",2013,26.4876418677943,30.6180128077845,5
PRI,"Puerto Rico",2014,33.878234774032,38.6846912829557,5
PRI,"Puerto Rico",2015,23.0216740277284,25.5369171739733,5
PRI,"Puerto Rico",2016,22.2825121121233,24.9467434444516,5
PRI,"Puerto Rico",2017,22.9469161891426,27.0910898950898,5
PRI,"Puerto Rico",2018,30.1291010931769,33.3739407815246,5
PRI,"Puerto Rico",2019,27.1361288943101,30.5191803814916,5
PRI,"Puerto Rico",2020,21.4509678720107,24.3323456571652,5
PRI,"Puerto Rico",2021,25.830924863911,27.7358572209669,5
PRI,"Puerto Rico",2022,21.1145878062928,22.0376728853894,5
QAT,"Qatar",1990,38.1859043643111,40.4925609397642,4
QAT,"Qatar",1991,49.5085559627365,56.0192768857232,4
QAT,"Qatar",1992,43.7157107024468,47.7376529001716,4
QAT,"Qatar",1993,47.3896612057406,54.9749956680476,4
QAT,"Qatar",1994,45.8984426251754,51.0718746891846,4
QAT,"Qatar",1995,50.1915415968108,55.8706904152773,4
QAT,"Qatar",1996,48.4310278073465,54.2675686921152,4
QAT,"Qatar",1997,50.306569930503,55.277034840939,4
QAT,"Qatar",1998,52.4458896868436,57.1953382456242,4
QAT,"Qatar",1999,54.0841690316828,58.4022588300199,4
QAT,"Qatar",2000,47.9313385687849,54.42266441351,4
QAT,"Qatar",2001,50.1284357746013,56.9108451150001,4
QAT,"Qatar",2002,47.3771440307954,53.7399547312693,4
QAT,"Qatar",2003,48.1921011488776,57.6085370865299,4
QAT,"Qatar",2004,46.8038531248242,52.6779427152355,4
QAT,"Qatar",2005,54.5602543826097,61.1576514036221,4
QAT,"Qatar",2006,48.5090761089971,53.9247120658819,4
QAT,"Qatar",2007,51.2695752023375,56.5279499893482,4
QAT,"Qatar",2008,50.8541873527715,54.7474948125947,4
QAT,"Qatar",2009,48.7103576821295,52.4587285015102,4
QAT,"Qatar",2010,47.7846723030144,51.5133972284587,4
QAT,"Qatar",2011,52.6820243453557,58.8966357680251,4
QAT,"Qatar",2012,51.1778532308572,57.0704378334445,4
QAT,"Qatar",2013,48.7506203394663,54.1860940669978,4
QAT,"Qatar",2014,48.6047432489043,55.7715213363238,4
QAT,"Qatar",2015,49.9871978850664,56.8869644357958,4
QAT,"Qatar",2016,49.9275854232666,58.7310743886235,4
QAT,"Qatar",2017,47.583867771286,54.2686332606474,4
QAT,"Qatar",2018,46.1935602169442,59.7803127913682,4
QAT,"Qatar",2019,46.2750260753823,59.208574384906,4
QAT,"Qatar",2020,45.8581323456607,54.398422444836,4
QAT,"Qatar",2021,56.1108877846811,68.7669970700024,4
QAT,"Qatar",2022,38.19436867527,43.5763779387212,4
KOR,"Republic of Korea",1990,34.8893341717811,38.4939433313991,23
KOR,"Republic of Korea",1991,34.4617964216405,40.8040196543689,23
KOR,"Republic of Korea",1992,33.2532967145539,40.8899139233925,23
KOR,"Republic of Korea",1993,38.4140140356186,47.3368947651565,23
KOR,"Republic of Korea",1994,37.0658629429874,44.5308681812038,23
KOR,"Republic of Korea",1995,37.3302841134745,43.9317087167674,23
KOR,"Republic of Korea",1996,40.7526483440935,50.3852921714994,23
KOR,"Republic of Korea",1997,41.1459594087903,50.4376895576461,23
KOR,"Republic of Korea",1998,42.8365784159828,53.534360611225,23
KOR,"Republic of Korea",1999,41.2637261373864,50.1425121578334,23
KOR,"Republic of Korea",2000,38.7235699694694,48.2248094207026,23
KOR,"Republic of Korea",2001,31.2665120572549,38.8616297454322,23
KOR,"Republic of Korea",2002,33.1625038036375,41.2343579745731,23
KOR,"Republic of Korea",2003,32.6575601842562,41.57925622758,23
KOR,"Republic of Korea",2004,33.7539826588051,42.2320234835566,23
KOR,"Republic of Korea",2005,35.2532267416003,44.2012848858897,23
KOR,"Republic of Korea",2006,33.7787404771749,41.3024650301958,23
KOR,"Republic of Korea",2007,35.5234852032234,45.1088103057632,23
KOR,"Republic of Korea",2008,37.3192320560446,46.6886574983591,23
KOR,"Republic of Korea",2009,39.1745923581471,49.685638920676,23
KOR,"Republic of Korea",2010,35.4611938463178,43.6871501664455,23
KOR,"Republic of Korea",2011,37.8433006166807,45.9544498574021,23
KOR,"Republic of Korea",2012,40.1405060941962,50.765421270615,23
KOR,"Republic of Korea",2013,40.1049880973191,50.0818314887374,23
KOR,"Republic of Korea",2014,41.8481793495595,52.9894185670512,23
KOR,"Republic of Korea",2015,41.7119164258884,52.7653130298146,23
KOR,"Republic of Korea",2016,42.5994172911484,54.6813297916751,23
KOR,"Republic of Korea",2017,42.3273188537948,52.3921212111607,23
KOR,"Republic of Korea",2018,41.4607861185454,50.5810405987544,23
KOR,"Republic of Korea",2019,46.7133787611289,58.6101306919235,23
KOR,"Republic of Korea",2020,44.3179719010786,52.7238078692787,23
KOR,"Republic of Korea",2021,46.1346839222111,55.2738855644924,23
KOR,"Republic of Korea",2022,48.0811851595858,55.6898311537735,23
MDA,"Republic of Moldova",1990,38.5604784420643,48.2230206640817,5
MDA,"Republic of Moldova",1991,28.748689573404,39.5093561363117,5
MDA,"Republic of Moldova",1992,29.4185164924426,39.9787449813398,5
MDA,"Republic of Moldova",1993,27.7184067047084,37.4927374759211,5
MDA,"Republic of Moldova",1994,36.0372411579547,46.7015405127084,5
MDA,"Republic of Moldova",1995,39.330560420324,47.881095088453,5
MDA,"Republic of Moldova",1996,39.4525529198376,51.4679825664797,5
MDA,"Republic of Moldova",1997,32.9277956088493,41.0637667215696,5
MDA,"Republic of Moldova",1998,23.3520912183535,31.8632307048371,5
MDA,"Republic of Moldova",1999,19.2512297469209,26.3410479113192,5
MDA,"Republic of Moldova",2000,18.7407424228444,24.465389720335,5
MDA,"Republic of Moldova",2001,16.2508665142751,22.8323226917933,5
MDA,"Republic of Moldova",2002,40.5166982131052,51.3427910606284,5
MDA,"Republic of Moldova",2003,32.02276335911,39.6783371990522,5
MDA,"Republic of Moldova",2004,30.9738080070416,40.7214062625945,5
MDA,"Republic of Moldova",2005,28.6661666803627,37.5554344353239,5
MDA,"Republic of Moldova",2006,26.9353192909114,34.7943678956331,5
MDA,"Republic of Moldova",2007,26.8242528051909,35.1587034723736,5
MDA,"Republic of Moldova",2008,29.7478465261383,40.7188193401341,5
MDA,"Republic of Moldova",2009,28.7968703678518,36.9435011712412,5
MDA,"Republic of Moldova",2010,28.9441403254876,35.599451427884,5
MDA,"Republic of Moldova",2011,25.4314182477451,31.7785781020263,5
MDA,"Republic of Moldova",2012,33.2039510446486,42.0250776181687,5
MDA,"Republic of Moldova",2013,26.0911439637767,32.5917594109731,5
MDA,"Republic of Moldova",2014,22.3795794150459,27.6978616627704,5
MDA,"Republic of Moldova",2015,29.9526419222532,39.1067949839283,5
MDA,"Republic of Moldova",2016,27.210370824592,34.0099946367711,5
MDA,"Republic of Moldova",2017,29.4976893964897,35.8566604546423,5
MDA,"Republic of Moldova",2018,30.8582987706423,38.6549259975405,5
MDA,"Republic of Moldova",2019,30.5090436649808,38.2436258903271,5
MDA,"Republic of Moldova",2020,31.9898802894672,40.6122018381865,5
MDA,"Republic of Moldova",2021,30.1846437309907,37.4221049231761,5
MDA,"Republic of Moldova",2022,34.520307394889,42.2926192630791,5
ROU,"Romania",1990,41.2696225376061,52.4270316584087,28
ROU,"Romania",1991,31.14726694217,42.9459754746434,28
ROU,"Romania",1992,30.9788082825694,40.8505590933335,28
ROU,"Romania",1993,29.7415963445581,40.6104613699066,28
ROU,"Romania",1994,35.7422051280115,46.229661153738,28
ROU,"Romania",1995,33.9682140204375,42.7539805183765,28
ROU,"Romania",1996,32.7848029943821,43.3393213572174,28
ROU,"Romania",1997,32.8654217148619,41.8163826387347,28
ROU,"Romania",1998,24.6858248028935,34.0912461696323,28
ROU,"Romania",1999,19.8880362119303,26.6343587488648,28
ROU,"Romania",2000,22.1469416553986,28.9906256577467,28
ROU,"Romania",2001,19.0727109209726,25.4008932997593,28
ROU,"Romania",2002,37.5494237850163,49.8464433601438,28
ROU,"Romania",2003,30.3380684026984,38.9293117206594,28
ROU,"Romania",2004,32.970726610298,42.3255817449408,28
ROU,"Romania",2005,31.1227139648514,40.6219807386273,28
ROU,"Romania",2006,29.1455131573563,37.7038699798625,28
ROU,"Romania",2007,29.7556177270205,39.7882914099512,28
ROU,"Romania",2008,33.0160156746189,42.3281378366487,28
ROU,"Romania",2009,32.3780966880261,42.0887738371663,28
ROU,"Romania",2010,28.8108595365717,34.5237795757345,28
ROU,"Romania",2011,25.3222776821456,31.3784706543528,28
ROU,"Romania",2012,29.1451700385655,36.2557271510584,28
ROU,"Romania",2013,25.9944050230132,32.6706492550552,28
ROU,"Romania",2014,20.5142700960521,24.9203299794407,28
ROU,"Romania",2015,23.8381476511528,30.3895987668607,28
ROU,"Romania",2016,24.7221206044663,30.2809566431515,28
ROU,"Romania",2017,30.6608254677049,36.956283666715,28
ROU,"Romania",2018,32.2167398674031,40.0584044094835,28
ROU,"Romania",2019,30.5309542526422,37.7584130885443,28
ROU,"Romania",2020,31.2202982017219,39.3404322201202,28
ROU,"Romania",2021,32.2644808286985,40.0490153785078,28
ROU,"Romania",2022,37.7689998972442,47.0232973992579,28
RUS,"Russian Federation",1990,33.8463250416947,36.6994553847133,3111
RUS,"Russian Federation",1991,29.6982357530077,37.5245420048501,3111
RUS,"Russian Federation",1992,30.3461730016535,38.032853028168,3111
RUS,"Russian Federation",1993,30.7928660659843,38.1748310401822,3111
RUS,"Russian Federation",1994,32.1534857749074,38.9570426830174,3111
RUS,"Russian Federation",1995,31.8999686302901,38.3188040627575,3111
RUS,"Russian Federation",1996,35.7140819784128,44.9443030079814,3111
RUS,"Russian Federation",1997,30.8417278711274,37.8977103228461,3111
RUS,"Russian Federation",1998,30.2244261647818,37.2316281221171,3111
RUS,"Russian Federation",1999,28.1387118755063,34.7292018387573,3111
RUS,"Russian Federation",2000,27.1183399524398,33.0010711779915,3111
RUS,"Russian Federation",2001,27.265375884362,33.2274955647834,3111
RUS,"Russian Federation",2002,32.3524021277766,39.0585081750717,3111
RUS,"Russian Federation",2003,31.4554861975396,38.3345928467427,3111
RUS,"Russian Federation",2004,31.1846183696516,38.2525489547183,3111
RUS,"Russian Federation",2005,32.9045157087841,41.4972083646979,3111
RUS,"Russian Federation",2006,33.1007612138693,40.6070354008651,3111
RUS,"Russian Federation",2007,32.5251672974224,39.3968263991781,3111
RUS,"Russian Federation",2008,32.8303485345878,40.5130448060567,3111
RUS,"Russian Federation",2009,30.3052315837637,37.6965893866246,3111
RUS,"Russian Federation",2010,32.96167175321,40.6086423991242,3111
RUS,"Russian Federation",2011,30.6642048389671,36.7091382593041,3111
RUS,"Russian Federation",2012,33.8528248796467,42.0014170255603,3111
RUS,"Russian Federation",2013,29.7609300615237,36.1784042908275,3111
RUS,"Russian Federation",2014,27.629377494721,33.6976796632623,3111
RUS,"Russian Federation",2015,30.9945070337286,37.2083780888066,3111
RUS,"Russian Federation",2016,29.5898065843891,36.662536157941,3111
RUS,"Russian Federation",2017,26.6590337420802,32.1672413914399,3111
RUS,"Russian Federation",2018,27.8579612731723,33.1383871392103,3111
RUS,"Russian Federation",2019,28.9808134670996,34.9247210079817,3111
RUS,"Russian Federation",2020,27.714278316741,33.531825629627,3111
RUS,"Russian Federation",2021,32.2286591817498,39.3172605375401,3111
RUS,"Russian Federation",2022,36.6836127624834,41.1768162932068,3111
RWA,"Rwanda",1990,37.9234869577555,38.0436674926715,2
RWA,"Rwanda",1991,30.5800030571908,35.3350584107333,2
RWA,"Rwanda",1992,31.9467617217684,37.8539101264318,2
RWA,"Rwanda",1993,28.6554500163532,39.1192126427504,2
RWA,"Rwanda",1994,26.7319652299972,30.3754785789714,2
RWA,"Rwanda",1995,29.8351454477305,32.4346916679183,2
RWA,"Rwanda",1996,30.6979653182576,34.967014160198,2
RWA,"Rwanda",1997,33.5184132412282,35.5360440933579,2
RWA,"Rwanda",1998,30.38101360808,35.7380868712448,2
RWA,"Rwanda",1999,25.8166337990043,29.2520149139673,2
RWA,"Rwanda",2000,26.3528690297975,29.5965813600848,2
RWA,"Rwanda",2001,32.4555914839505,35.3428907348495,2
RWA,"Rwanda",2002,29.5048896774804,34.11198313264,2
RWA,"Rwanda",2003,35.2557608634317,41.3679205934616,2
RWA,"Rwanda",2004,27.860690131634,34.3641742548201,2
RWA,"Rwanda",2005,34.6868727104636,38.0905125942674,2
RWA,"Rwanda",2006,28.1013924797418,29.6450485267596,2
RWA,"Rwanda",2007,28.9990109714018,31.7075547996798,2
RWA,"Rwanda",2008,32.5138304899301,34.4689993668397,2
RWA,"Rwanda",2009,32.2586740941137,36.9755646514055,2
RWA,"Rwanda",2010,33.1070231293166,38.2622821050145,2
RWA,"Rwanda",2011,39.8112817914085,42.733034813673,2
RWA,"Rwanda",2012,37.1058610479869,40.4933003066987,2
RWA,"Rwanda",2013,32.9825885549153,39.9818032548603,2
RWA,"Rwanda",2014,39.578167695906,42.2180286227962,2
RWA,"Rwanda",2015,41.3527827382352,44.2863570661461,2
RWA,"Rwanda",2016,39.0017880797827,42.5483697298162,2
RWA,"Rwanda",2017,37.1001557867653,38.8897553609546,2
RWA,"Rwanda",2018,42.4985931819703,47.5647335596685,2
RWA,"Rwanda",2019,43.1504821914414,46.0191069592744,2
RWA,"Rwanda",2020,31.4140544226509,35.5388148014875,2
RWA,"Rwanda",2021,37.553690101686,40.3378488823692,2
RWA,"Rwanda",2022,37.4236935966568,37.8983612574638,2
REU,"Réunion",1990,37.7605229474189,37.8116254945161,2
REU,"Réunion",1991,25.3073212136641,30.8198405763904,2
REU,"Réunion",1992,26.7836804513082,33.67781964008,2
REU,"Réunion",1993,27.2264426335078,39.1103967696337,2
REU,"Réunion",1994,25.7866923816935,31.1099870617771,2
REU,"Réunion",1995,28.4553229056676,31.8645116090306,2
REU,"Réunion",1996,26.3506207459072,33.0243790420912,2
REU,"Réunion",1997,25.1267794864323,31.7664246324277,2
REU,"Réunion",1998,26.6417068508336,33.0290903406684,2
REU,"Réunion",1999,25.6183054207731,31.9360540295604,2
REU,"Réunion",2000,25.4292140076758,32.5664501757219,2
REU,"Réunion",2001,22.1071186419828,29.3622053259865,2
REU,"Réunion",2002,27.3305757661377,33.9536353364764,2
REU,"Réunion",2003,23.122423141627,26.7035044680252,2
REU,"Réunion",2004,26.0054514869604,32.539783077461,2
REU,"Réunion",2005,33.5848496337547,43.9357800100029,2
REU,"Réunion",2006,25.3078325661248,31.3541853105941,2
REU,"Réunion",2007,26.2230215554427,32.3000280090043,2
REU,"Réunion",2008,22.5721443989583,26.8144947049208,2
REU,"Réunion",2009,20.4155570609264,24.4101158612343,2
REU,"Réunion",2010,23.5136187037061,26.9147230240796,2
REU,"Réunion",2011,22.0873690153146,27.2386793831677,2
REU,"Réunion",2012,22.760337051216,26.3455222928033,2
REU,"Réunion",2013,28.507758548693,35.7755212832791,2
REU,"Réunion",2014,49.0814464966203,62.0395567392016,2
REU,"Réunion",2015,27.5933719790995,31.9906478370804,2
REU,"Réunion",2016,27.5276611393465,33.2447011069212,2
REU,"Réunion",2017,26.8459817508833,32.2633329902603,2
REU,"Réunion",2018,28.8722414260861,34.3942324869918,2
REU,"Réunion",2019,26.3879531864439,30.2400838512297,2
REU,"Réunion",2020,24.6956246650967,28.1165267729251,2
REU,"Réunion",2021,33.6700955269618,39.6707001814802,2
REU,"Réunion",2022,40.9638846660778,50.5216355626726,2
SHN,"Saint Helena",1990,44.7137570277538,44.7648595748509,4
SHN,"Saint Helena",1991,25.0220513525315,30.8980785885163,4
SHN,"Saint Helena",1992,24.9900127095535,33.2430407727775,4
SHN,"Saint Helena",1993,26.9195307118617,34.0106141838889,4
SHN,"Saint Helena",1994,27.6938629580134,33.2303453576738,4
SHN,"Saint Helena",1995,28.876389425222,34.2721482550462,4
SHN,"Saint Helena",1996,35.4085094647415,39.552082901294,4
SHN,"Saint Helena",1997,29.8470695950609,33.2536088430803,4
SHN,"Saint Helena",1998,24.9433029435893,27.3191027261443,4
SHN,"Saint Helena",1999,27.2419199708704,28.5606917121814,4
SHN,"Saint Helena",2000,26.1193091722279,29.8822975219217,4
SHN,"Saint Helena",2001,29.8467523707439,31.4012909536025,4
SHN,"Saint Helena",2002,29.868753146512,32.6333687106002,4
SHN,"Saint Helena",2003,28.9235400870849,31.2976574031913,4
SHN,"Saint Helena",2004,24.663822418993,26.7000417385981,4
SHN,"Saint Helena",2005,24.4799987907445,27.0844140951476,4
SHN,"Saint Helena",2006,26.185272372602,28.6702382391431,4
SHN,"Saint Helena",2007,23.849693549019,24.2239962365422,4
SHN,"Saint Helena",2008,24.3181945269526,28.4409174249431,4
SHN,"Saint Helena",2009,24.1833206666284,27.2740751523655,4
SHN,"Saint Helena",2010,24.9731704600279,28.7106226854723,4
SHN,"Saint Helena",2011,23.4147028251165,25.261793726763,4
SHN,"Saint Helena",2012,24.8694983207393,27.6457150558765,4
SHN,"Saint Helena",2013,25.5220661310771,29.7851281830507,4
SHN,"Saint Helena",2014,24.9645219486762,27.4837175904355,4
SHN,"Saint Helena",2015,25.199642917147,27.473776356231,4
SHN,"Saint Helena",2016,27.2753206527727,30.7134932762375,4
SHN,"Saint Helena",2017,27.2581417587881,30.2151388971504,4
SHN,"Saint Helena",2018,26.6724646326611,28.9136238499942,4
SHN,"Saint Helena",2019,27.2296837457403,29.9372197504464,4
SHN,"Saint Helena",2020,27.5885731444581,29.6799819659426,4
SHN,"Saint Helena",2021,27.5689722009822,29.8460638458415,4
SHN,"Saint Helena",2022,30.5196432017816,30.5834816899724,4
KNA,"Saint Kitts and Nevis",1990,23.2534148642723,28.6250667713487,1
KNA,"Saint Kitts and Nevis",1991,28.4333400982541,30.5610016960729,1
KNA,"Saint Kitts and Nevis",1992,26.3847169951035,29.6640327400943,1
KNA,"Saint Kitts and Nevis",1993,28.8853744058268,32.0600153334055,1
KNA,"Saint Kitts and Nevis",1994,29.5634795696952,32.960099187619,1
KNA,"Saint Kitts and Nevis",1995,28.347733028468,32.422786633462,1
KNA,"Saint Kitts and Nevis",1996,30.9690690817356,35.366605442019,1
KNA,"Saint Kitts and Nevis",1997,30.4735202903795,34.1412786431196,1
KNA,"Saint Kitts and Nevis",1998,31.6889640737717,34.6130527471817,1
KNA,"Saint Kitts and Nevis",1999,31.297846589505,33.7141908631322,1
KNA,"Saint Kitts and Nevis",2000,28.5714973121155,33.0877442762879,1
KNA,"Saint Kitts and Nevis",2001,23.1870091757307,28.3749772657145,1
KNA,"Saint Kitts and Nevis",2002,29.1201011205585,33.1297508839259,1
KNA,"Saint Kitts and Nevis",2003,27.0773873432271,31.6681409902769,1
KNA,"Saint Kitts and Nevis",2004,23.9465538972207,28.2683513953583,1
KNA,"Saint Kitts and Nevis",2005,19.5506245984456,20.3399465540318,1
KNA,"Saint Kitts and Nevis",2006,21.5495430771203,25.0287353727524,1
KNA,"Saint Kitts and Nevis",2007,19.828134354004,22.8277188278262,1
KNA,"Saint Kitts and Nevis",2008,22.5119942086522,24.9136082915017,1
KNA,"Saint Kitts and Nevis",2009,22.1231927366888,25.6786067456446,1
KNA,"Saint Kitts and Nevis",2010,24.9847409371596,26.9875374103548,1
KNA,"Saint Kitts and Nevis",2011,20.774832850141,24.8241872008886,1
KNA,"Saint Kitts and Nevis",2012,20.3839471275233,22.0017084479194,1
KNA,"Saint Kitts and Nevis",2013,21.5820148171344,32.5411572018508,1
KNA,"Saint Kitts and Nevis",2014,38.0729221372312,45.0759631855075,1
KNA,"Saint Kitts and Nevis",2015,23.1954706348418,25.0144778037963,1
KNA,"Saint Kitts and Nevis",2016,25.8290235785213,28.1015748956887,1
KNA,"Saint Kitts and Nevis",2017,24.4908828376008,28.312341109701,1
KNA,"Saint Kitts and Nevis",2018,30.6960772820168,34.0025898605966,1
KNA,"Saint Kitts and Nevis",2019,29.2474041320339,34.6945450881727,1
KNA,"Saint Kitts and Nevis",2020,21.5203870878298,24.2160640404984,1
KNA,"Saint Kitts and Nevis",2021,28.5315920490033,30.6682362385444,1
KNA,"Saint Kitts and Nevis",2022,21.2388067575914,22.3026792480951,1
LCA,"Saint Lucia",1990,23.1359279821243,28.1804689848749,1
LCA,"Saint Lucia",1991,27.5382602976986,29.3595369297401,1
LCA,"Saint Lucia",1992,26.5434449520994,28.5248751254671,1
LCA,"Saint Lucia",1993,29.8974981529615,33.356592669078,1
LCA,"Saint Lucia",1994,28.958844950496,32.65162383212,1
LCA,"Saint Lucia",1995,26.9875740157086,31.3807634372502,1
LCA,"Saint Lucia",1996,30.0496415503575,35.0093522060266,1
LCA,"Saint Lucia",1997,29.7527872246826,33.8306588028034,1
LCA,"Saint Lucia",1998,31.4426894049795,34.1105803427222,1
LCA,"Saint Lucia",1999,30.7357921148037,32.571876363538,1
LCA,"Saint Lucia",2000,29.6012265567614,33.4837299218767,1
LCA,"Saint Lucia",2001,22.740513684722,26.7217181716852,1
LCA,"Saint Lucia",2002,29.6216205540188,32.9389709426357,1
LCA,"Saint Lucia",2003,25.6548145944939,30.7589227963161,1
LCA,"Saint Lucia",2004,27.1357935636987,29.7919572020899,1
LCA,"Saint Lucia",2005,17.2640817166155,18.9578394594629,1
LCA,"Saint Lucia",2006,16.9064062440714,20.1681204382513,1
LCA,"Saint Lucia",2007,18.1709361273193,22.3838985110155,1
LCA,"Saint Lucia",2008,20.9446471115491,23.2994194750543,1
LCA,"Saint Lucia",2009,19.1037328663199,20.7484225276703,1
LCA,"Saint Lucia",2010,22.1764156912164,24.2264649385338,1
LCA,"Saint Lucia",2011,18.9683945157128,21.9908828675565,1
LCA,"Saint Lucia",2012,18.7999252794554,21.0183217699553,1
LCA,"Saint Lucia",2013,20.53557632113,33.6191165749169,1
LCA,"Saint Lucia",2014,41.6075679823557,46.0287034868279,1
LCA,"Saint Lucia",2015,21.6454081542225,23.6924605621142,1
LCA,"Saint Lucia",2016,22.4649196251906,25.6493955501866,1
LCA,"Saint Lucia",2017,22.304367473139,26.1495949503719,1
LCA,"Saint Lucia",2018,32.0182917075167,35.9232743995014,1
LCA,"Saint Lucia",2019,24.5928383806345,27.3854494846015,1
LCA,"Saint Lucia",2020,19.9529721825559,22.9744062201591,1
LCA,"Saint Lucia",2021,26.2241949339403,28.4214250196556,1
LCA,"Saint Lucia",2022,21.4311631782577,22.2380881063724,1
VCT,"Saint Vincent and the Grenadines",1990,23.2822204346814,28.3256648250088,1
VCT,"Saint Vincent and the Grenadines",1991,27.8740338254144,30.6122388928212,1
VCT,"Saint Vincent and the Grenadines",1992,25.7612542447339,27.8843591612912,1
VCT,"Saint Vincent and the Grenadines",1993,28.1988591927003,30.8784219142166,1
VCT,"Saint Vincent and the Grenadines",1994,28.4998794899874,32.0826341429194,1
VCT,"Saint Vincent and the Grenadines",1995,26.2724097703092,30.8159619772687,1
VCT,"Saint Vincent and the Grenadines",1996,29.5736508471565,34.5808189445131,1
VCT,"Saint Vincent and the Grenadines",1997,29.2210376339425,33.2705393581693,1
VCT,"Saint Vincent and the Grenadines",1998,30.7853361277438,32.9317627002624,1
VCT,"Saint Vincent and the Grenadines",1999,30.4541957192037,32.7606781875837,1
VCT,"Saint Vincent and the Grenadines",2000,29.7297563189531,33.4197464168692,1
VCT,"Saint Vincent and the Grenadines",2001,22.5508937133955,27.423830877373,1
VCT,"Saint Vincent and the Grenadines",2002,30.1843309147365,34.1925832906081,1
VCT,"Saint Vincent and the Grenadines",2003,27.103535598816,32.6424407747011,1
VCT,"Saint Vincent and the Grenadines",2004,28.6840705090138,30.5405263000562,1
VCT,"Saint Vincent and the Grenadines",2005,18.6965705119091,20.7458256944589,1
VCT,"Saint Vincent and the Grenadines",2006,20.8760287612349,25.2783752892697,1
VCT,"Saint Vincent and the Grenadines",2007,20.005820809611,25.5233107094736,1
VCT,"Saint Vincent and the Grenadines",2008,21.4228408900102,23.9586034215654,1
VCT,"Saint Vincent and the Grenadines",2009,20.2865916045138,22.321600801521,1
VCT,"Saint Vincent and the Grenadines",2010,22.7135657365283,25.2949876353034,1
VCT,"Saint Vincent and the Grenadines",2011,19.9434683608301,23.3284314165196,1
VCT,"Saint Vincent and the Grenadines",2012,19.9081593832234,21.203683859171,1
VCT,"Saint Vincent and the Grenadines",2013,21.9617439657847,32.0671825019261,1
VCT,"Saint Vincent and the Grenadines",2014,33.8197141087511,39.6589885742205,1
VCT,"Saint Vincent and the Grenadines",2015,21.9144186290219,23.4619812924094,1
VCT,"Saint Vincent and the Grenadines",2016,24.3539851068311,27.3078994252411,1
VCT,"Saint Vincent and the Grenadines",2017,22.9090214452971,24.8770970629092,1
VCT,"Saint Vincent and the Grenadines",2018,28.4459436795259,31.3023000462526,1
VCT,"Saint Vincent and the Grenadines",2019,25.0480301778236,28.0096994432679,1
VCT,"Saint Vincent and the Grenadines",2020,21.0922340542291,23.9931666729239,1
VCT,"Saint Vincent and the Grenadines",2021,27.2211872397501,28.9214710700994,1
VCT,"Saint Vincent and the Grenadines",2022,21.6778586890381,22.4903745244282,1
WSM,"Samoa",1990,15.5905622400172,17.2178863156915,4
WSM,"Samoa",1991,19.7361119469049,25.5617141513379,4
WSM,"Samoa",1992,19.7909672148789,25.0175848048011,4
WSM,"Samoa",1993,23.0756910529156,29.3127955688908,4
WSM,"Samoa",1994,20.146551293138,24.027540508678,4
WSM,"Samoa",1995,19.4425888158947,22.0437895865155,4
WSM,"Samoa",1996,23.2563462964444,28.2099563479413,4
WSM,"Samoa",1997,23.1612511178948,26.9378911939088,4
WSM,"Samoa",1998,21.0026243222345,24.3834688635316,4
WSM,"Samoa",1999,19.8681592250606,21.8083234213499,4
WSM,"Samoa",2000,20.2645674330458,24.8754601421703,4
WSM,"Samoa",2001,21.991917305471,26.1841720000797,4
WSM,"Samoa",2002,22.8926412440176,26.7074806030032,4
WSM,"Samoa",2003,19.8731825713894,22.9309067926114,4
WSM,"Samoa",2004,21.7538562441522,27.0232570582204,4
WSM,"Samoa",2005,19.1479391652795,23.0730118270605,4
WSM,"Samoa",2006,18.1308098310186,21.2191626418918,4
WSM,"Samoa",2007,18.5059663052095,21.4659964889896,4
WSM,"Samoa",2008,17.0228193230281,19.6682099501964,4
WSM,"Samoa",2009,18.1864429147108,21.4703920819013,4
WSM,"Samoa",2010,19.0517605003379,22.0611129335402,4
WSM,"Samoa",2011,17.7658562330932,20.7126186542259,4
WSM,"Samoa",2012,18.3415333726934,21.4167928445822,4
WSM,"Samoa",2013,20.143452379847,23.0752075923788,4
WSM,"Samoa",2014,20.3847153394102,23.6634645417372,4
WSM,"Samoa",2015,20.002901939691,21.2354769818773,4
WSM,"Samoa",2016,19.4163748227564,20.6172398588241,4
WSM,"Samoa",2017,19.782431134404,21.7246406841435,4
WSM,"Samoa",2018,20.6813893718698,21.8005746237021,4
WSM,"Samoa",2019,20.7792802369541,21.0549676301257,4
WSM,"Samoa",2020,19.7271493698704,20.050924631791,4
WSM,"Samoa",2021,21.8693586817136,28.4405019527372,4
WSM,"Samoa",2022,34.2744394991126,34.3382779873034,4
STP,"Sao Tome and Principe",1990,41.8323387375915,41.8834412846887,3
STP,"Sao Tome and Principe",1991,30.8947294672264,33.5329525944585,3
STP,"Sao Tome and Principe",1992,31.7848031896239,35.69368904601,3
STP,"Sao Tome and Principe",1993,29.5003015577459,36.1800678642666,3
STP,"Sao Tome and Principe",1994,29.7748341890799,34.1655160393658,3
STP,"Sao Tome and Principe",1995,35.7218083995558,39.7381942070887,3
STP,"Sao Tome and Principe",1996,33.0189567448959,39.4155341038683,3
STP,"Sao Tome and Principe",1997,35.9724473932729,40.6346549985999,3
STP,"Sao Tome and Principe",1998,31.803151627164,32.3733206010538,3
STP,"Sao Tome and Principe",1999,33.4147292092792,38.3212092677039,3
STP,"Sao Tome and Principe",2000,39.486550285363,44.1973947501927,3
STP,"Sao Tome and Principe",2001,36.0206700409564,42.0497936117189,3
STP,"Sao Tome and Principe",2002,33.5506568569034,37.4333440066328,3
STP,"Sao Tome and Principe",2003,34.1539703229886,38.8384717393478,3
STP,"Sao Tome and Principe",2004,31.1458271891332,37.4458089800764,3
STP,"Sao Tome and Principe",2005,26.7904978441675,29.8490477335002,3
STP,"Sao Tome and Principe",2006,26.7425191928824,30.3048524707683,3
STP,"Sao Tome and Principe",2007,29.6201384994901,33.6766220216109,3
STP,"Sao Tome and Principe",2008,25.5196930870615,29.5147671105531,3
STP,"Sao Tome and Principe",2009,27.9350547047371,30.981777846135,3
STP,"Sao Tome and Principe",2010,30.1455147699323,33.4621907729376,3
STP,"Sao Tome and Principe",2011,29.9133998079215,33.7046584143399,3
STP,"Sao Tome and Principe",2012,30.8319408804157,36.3700550761305,3
STP,"Sao Tome and Principe",2013,32.2545510933437,38.9678600218134,3
STP,"Sao Tome and Principe",2014,31.1487512551713,36.2340666685543,3
STP,"Sao Tome and Principe",2015,32.3256166573961,35.193161228163,3
STP,"Sao Tome and Principe",2016,31.7379628566594,35.3155629104338,3
STP,"Sao Tome and Principe",2017,30.1022000932351,31.3720546329482,3
STP,"Sao Tome and Principe",2018,31.5179208579542,32.4875620302252,3
STP,"Sao Tome and Principe",2019,30.9007226475583,33.9607548168584,3
STP,"Sao Tome and Principe",2020,30.3880860299944,32.1783961641552,3
STP,"Sao Tome and Principe",2021,30.4285836048451,32.6366518879217,3
STP,"Sao Tome and Principe",2022,37.723439234847,37.7872777230378,3
SAU,"Saudi Arabia",1990,38.239988511479,39.2799951212435,182
SAU,"Saudi Arabia",1991,40.4044071233371,48.1532054474581,182
SAU,"Saudi Arabia",1992,34.3811762830303,40.803844130763,182
SAU,"Saudi Arabia",1993,38.8213215855408,48.0962168177958,182
SAU,"Saudi Arabia",1994,37.4452839368175,44.109863857153,182
SAU,"Saudi Arabia",1995,41.5016364838125,47.4509552284966,182
SAU,"Saudi Arabia",1996,43.2357991911899,49.2020661313373,182
SAU,"Saudi Arabia",1997,42.1351121572163,48.0239530692733,182
SAU,"Saudi Arabia",1998,46.1314470493329,52.7605048422493,182
SAU,"Saudi Arabia",1999,47.8203111039492,54.9805023897991,182
SAU,"Saudi Arabia",2000,38.1216145593672,46.3103585950029,182
SAU,"Saudi Arabia",2001,42.1854345088868,49.6443940028448,182
SAU,"Saudi Arabia",2002,44.4964182435192,52.1760846868903,182
SAU,"Saudi Arabia",2003,42.8194700594755,53.4565133348529,182
SAU,"Saudi Arabia",2004,44.0718460363164,53.4770805375309,182
SAU,"Saudi Arabia",2005,41.9077830997553,48.0961849700667,182
SAU,"Saudi Arabia",2006,41.9882278219307,49.3431575386764,182
SAU,"Saudi Arabia",2007,47.3879779972647,52.4893888111635,182
SAU,"Saudi Arabia",2008,47.1970234256696,50.8567823009059,182
SAU,"Saudi Arabia",2009,47.9656715985305,52.9526915910851,182
SAU,"Saudi Arabia",2010,44.4110517491226,51.1506607067067,182
SAU,"Saudi Arabia",2011,45.9226697176756,51.6421994210168,182
SAU,"Saudi Arabia",2012,45.8357894905516,50.4148546824394,182
SAU,"Saudi Arabia",2013,41.3408990092174,46.3562750776482,182
SAU,"Saudi Arabia",2014,41.7536090577951,49.1269578906274,182
SAU,"Saudi Arabia",2015,43.0340905566553,47.6436063919276,182
SAU,"Saudi Arabia",2016,42.974304341676,49.3784316283712,182
SAU,"Saudi Arabia",2017,40.5250997451176,44.866539607288,182
SAU,"Saudi Arabia",2018,37.0228470614944,44.1317613072043,182
SAU,"Saudi Arabia",2019,36.697317466742,43.8649664888104,182
SAU,"Saudi Arabia",2020,39.918476143955,45.7794373669484,182
SAU,"Saudi Arabia",2021,40.7788499139332,48.2439688775306,182
SAU,"Saudi Arabia",2022,35.7898913167299,41.0214826452578,182
SEN,"Senegal",1990,45.6646725017005,48.5575497278237,21
SEN,"Senegal",1991,31.2972911363179,36.4042936966044,21
SEN,"Senegal",1992,28.1306073471839,36.1670001901093,21
SEN,"Senegal",1993,28.7057667192992,34.1312743191382,21
SEN,"Senegal",1994,28.1719891899566,32.9719080659253,21
SEN,"Senegal",1995,31.2534450926608,35.2312117611003,21
SEN,"Senegal",1996,31.3871001543457,39.4403067507757,21
SEN,"Senegal",1997,34.6283623763361,40.2231496376146,21
SEN,"Senegal",1998,32.5574887102296,36.291660701467,21
SEN,"Senegal",1999,33.2457848843332,37.624328142777,21
SEN,"Senegal",2000,32.1429452758073,36.183924479835,21
SEN,"Senegal",2001,30.4471773367332,33.7137366022365,21
SEN,"Senegal",2002,32.9138920514262,36.8493273493431,21
SEN,"Senegal",2003,35.7108402482525,39.1364979154246,21
SEN,"Senegal",2004,31.0710185898488,35.7008423017327,21
SEN,"Senegal",2005,29.0190146600543,33.1770400319857,21
SEN,"Senegal",2006,29.1820999863054,33.4481092524355,21
SEN,"Senegal",2007,31.2434003016718,33.1266949732339,21
SEN,"Senegal",2008,28.8236308955719,31.6912503788774,21
SEN,"Senegal",2009,30.0216102971219,33.1694269472632,21
SEN,"Senegal",2010,31.1200496649947,35.0432439539529,21
SEN,"Senegal",2011,32.8535206734377,36.6907204971324,21
SEN,"Senegal",2012,31.5767810123573,34.8421896000283,21
SEN,"Senegal",2013,31.9029620004926,37.2837633796055,21
SEN,"Senegal",2014,32.5413084152481,35.7672957215737,21
SEN,"Senegal",2015,32.3879948690236,35.8146939344873,21
SEN,"Senegal",2016,32.0697193756261,35.2834261047415,21
SEN,"Senegal",2017,34.3197654087031,37.0522073687448,21
SEN,"Senegal",2018,31.7646901312112,35.8846993015072,21
SEN,"Senegal",2019,33.2699896394187,36.4905770033576,21
SEN,"Senegal",2020,31.6278361290523,34.6409227691005,21
SEN,"Senegal",2021,31.5276282272438,36.8163832146522,21
SEN,"Senegal",2022,36.1224089935149,38.9599500604726,21
SRB,"Serbia",1990,42.1965014162252,54.5553908740304,10
SRB,"Serbia",1991,37.5566273634772,48.9994109659102,10
SRB,"Serbia",1992,38.4386979241421,50.2414659196276,10
SRB,"Serbia",1993,38.0891289691645,46.9658274017366,10
SRB,"Serbia",1994,41.0771628383759,52.2947673893662,10
SRB,"Serbia",1995,40.2679457898057,49.1954626685455,10
SRB,"Serbia",1996,38.6290719347232,48.538152755039,10
SRB,"Serbia",1997,39.8307217071006,49.8453595787178,10
SRB,"Serbia",1998,35.0983576474913,45.2147274793848,10
SRB,"Serbia",1999,34.0642879660785,42.4161378222612,10
SRB,"Serbia",2000,38.662754752566,46.1816548234047,10
SRB,"Serbia",2001,34.2160815048269,43.3116513773247,10
SRB,"Serbia",2002,39.2389325617803,51.4051015575959,10
SRB,"Serbia",2003,31.3910528187035,42.146563759344,10
SRB,"Serbia",2004,28.1877267055052,36.5415284561503,10
SRB,"Serbia",2005,30.7623556843386,40.5893015389719,10
SRB,"Serbia",2006,31.3902785118458,40.0922391710863,10
SRB,"Serbia",2007,34.6055031426664,48.2633994821019,10
SRB,"Serbia",2008,35.8981868548174,46.1426948966064,10
SRB,"Serbia",2009,33.0018125839449,44.1046511601215,10
SRB,"Serbia",2010,27.3320973510189,35.7422785452189,10
SRB,"Serbia",2011,33.1207703115273,43.2268199662277,10
SRB,"Serbia",2012,33.3573516746267,44.3538057994833,10
SRB,"Serbia",2013,30.6552529692156,41.3529201417691,10
SRB,"Serbia",2014,24.300493412482,31.3873123070422,10
SRB,"Serbia",2015,28.5183952848674,38.7370900101318,10
SRB,"Serbia",2016,27.0125858187434,36.3073623319761,10
SRB,"Serbia",2017,30.2303923062877,39.0629860524637,10
SRB,"Serbia",2018,28.4038082815875,36.9205557593648,10
SRB,"Serbia",2019,34.1238201256411,43.2506771174321,10
SRB,"Serbia",2020,27.4478934538667,36.2747689782978,10
SRB,"Serbia",2021,33.1047591085119,43.5985474165715,10
SRB,"Serbia",2022,36.6629232377522,47.3024303316409,10
SYC,"Seychelles",1990,38.0891971778203,38.1402997249175,9
SYC,"Seychelles",1991,21.8535581451135,26.8668256927341,9
SYC,"Seychelles",1992,23.1597624756081,28.7976023324109,9
SYC,"Seychelles",1993,22.8213319394189,30.6961962933391,9
SYC,"Seychelles",1994,22.7628443936497,26.1005513167797,9
SYC,"Seychelles",1995,25.3836495854516,26.5131374954437,9
SYC,"Seychelles",1996,24.8659745555639,29.2958064458484,9
SYC,"Seychelles",1997,27.0005213458419,29.2960811855768,9
SYC,"Seychelles",1998,24.1027456042426,26.2938990986071,9
SYC,"Seychelles",1999,21.9679975333689,25.8985021504552,9
SYC,"Seychelles",2000,23.6236040370336,28.4602107872054,9
SYC,"Seychelles",2001,22.9349076829192,26.8214896044935,9
SYC,"Seychelles",2002,26.4426330505764,30.1281522905974,9
SYC,"Seychelles",2003,23.3340512139388,26.5528078066282,9
SYC,"Seychelles",2004,25.8681796102127,31.9609527887274,9
SYC,"Seychelles",2005,22.8627963051455,25.0914001594232,9
SYC,"Seychelles",2006,21.3288258297678,26.9843937253355,9
SYC,"Seychelles",2007,22.7834421050165,24.8194235431426,9
SYC,"Seychelles",2008,19.6650235666151,23.3041269806442,9
SYC,"Seychelles",2009,18.0653421341693,22.8644699543241,9
SYC,"Seychelles",2010,21.6758879977561,22.9961324056567,9
SYC,"Seychelles",2011,20.4724376486823,23.9486302330855,9
SYC,"Seychelles",2012,21.2769321402562,22.5643015945995,9
SYC,"Seychelles",2013,22.2203288135447,29.9867942154155,9
SYC,"Seychelles",2014,31.5336709323424,34.6185716196489,9
SYC,"Seychelles",2015,23.3436833576398,24.493315833331,9
SYC,"Seychelles",2016,24.1315793233525,25.3552575506127,9
SYC,"Seychelles",2017,23.3476881649215,24.6501734665492,9
SYC,"Seychelles",2018,22.1602299000344,24.5265905592234,9
SYC,"Seychelles",2019,22.2970340683087,23.9388849902139,9
SYC,"Seychelles",2020,21.7547693662215,24.3505282289001,9
SYC,"Seychelles",2021,23.0802309463403,28.2431875746489,9
SYC,"Seychelles",2022,40.4878029412541,46.4446776286459,9
SLE,"Sierra Leone",1990,45.8532987259333,46.6129055671024,8
SLE,"Sierra Leone",1991,30.3479041850822,34.1532871208144,8
SLE,"Sierra Leone",1992,29.4235600299526,34.4277067264493,8
SLE,"Sierra Leone",1993,28.984591757226,32.7105564165519,8
SLE,"Sierra Leone",1994,26.5734649983708,30.9515140606298,8
SLE,"Sierra Leone",1995,30.9652140536979,34.376180418555,8
SLE,"Sierra Leone",1996,28.7355502394379,39.0957657192061,8
SLE,"Sierra Leone",1997,34.0534209804783,38.7901913575021,8
SLE,"Sierra Leone",1998,32.6733056509231,37.6496410041864,8
SLE,"Sierra Leone",1999,34.5416026681691,38.8778503704475,8
SLE,"Sierra Leone",2000,33.2508744691497,36.7546643429194,8
SLE,"Sierra Leone",2001,30.90637237521,34.4738817845828,8
SLE,"Sierra Leone",2002,32.4450912593049,35.7557234654295,8
SLE,"Sierra Leone",2003,32.7727512810612,36.5547389742044,8
SLE,"Sierra Leone",2004,31.2009469227661,33.8251322147041,8
SLE,"Sierra Leone",2005,27.842472201843,31.8772822419816,8
SLE,"Sierra Leone",2006,30.5921902671123,34.5422996961273,8
SLE,"Sierra Leone",2007,31.2901081621015,36.5555441025161,8
SLE,"Sierra Leone",2008,30.194562901266,35.9073343083441,8
SLE,"Sierra Leone",2009,32.6600384544419,38.2582510746635,8
SLE,"Sierra Leone",2010,32.026847282694,37.1007655697733,8
SLE,"Sierra Leone",2011,33.1543230585185,38.9903781256968,8
SLE,"Sierra Leone",2012,34.080907668522,40.0266945839978,8
SLE,"Sierra Leone",2013,30.0962509537906,36.8710006591323,8
SLE,"Sierra Leone",2014,29.2516659506251,35.5585860694567,8
SLE,"Sierra Leone",2015,33.7864868371888,39.8796536687913,8
SLE,"Sierra Leone",2016,31.9467080562984,37.6761338156405,8
SLE,"Sierra Leone",2017,33.7300125072641,39.5217761118519,8
SLE,"Sierra Leone",2018,32.070769988553,37.3260474332858,8
SLE,"Sierra Leone",2019,33.3531701696738,39.8131051491789,8
SLE,"Sierra Leone",2020,30.7345851502558,35.3897339901441,8
SLE,"Sierra Leone",2021,30.1891454871522,34.5674630015994,8
SLE,"Sierra Leone",2022,35.0650934484383,37.5063365586012,8
SVK,"Slovakia",1990,39.4927096065082,53.3678230213957,8
SVK,"Slovakia",1991,33.7565307699764,45.3773583524963,8
SVK,"Slovakia",1992,37.3417362860153,51.1851980730571,8
SVK,"Slovakia",1993,35.6461966181811,45.7422332899381,8
SVK,"Slovakia",1994,39.8468124334111,51.3085900425442,8
SVK,"Slovakia",1995,40.0158594757144,49.7906637357169,8
SVK,"Slovakia",1996,39.1312628035103,49.7388619165315,8
SVK,"Slovakia",1997,33.5759639192767,42.8670484000925,8
SVK,"Slovakia",1998,34.4678050472681,44.6269416179321,8
SVK,"Slovakia",1999,38.9170315722801,49.0314292453407,8
SVK,"Slovakia",2000,36.1916715630102,46.2204980781819,8
SVK,"Slovakia",2001,34.7005942639618,44.7386683910735,8
SVK,"Slovakia",2002,37.3049282680301,47.6603493685416,8
SVK,"Slovakia",2003,40.1261264250394,51.8828545676198,8
SVK,"Slovakia",2004,36.7148156246218,45.6147597635796,8
SVK,"Slovakia",2005,39.6974048002324,49.922274783527,8
SVK,"Slovakia",2006,39.2604199793685,49.5281916040685,8
SVK,"Slovakia",2007,37.9584228233795,49.4294189459893,8
SVK,"Slovakia",2008,38.3620965873359,47.9189091585104,8
SVK,"Slovakia",2009,37.9542180828004,49.1285565383061,8
SVK,"Slovakia",2010,36.0420567603412,44.6413523050687,8
SVK,"Slovakia",2011,38.4799915815596,47.4666239421354,8
SVK,"Slovakia",2012,38.0394450790852,47.5131994736618,8
SVK,"Slovakia",2013,36.9426529645498,46.2191643143255,8
SVK,"Slovakia",2014,35.2571858107278,44.4899158895231,8
SVK,"Slovakia",2015,35.5741353106449,45.4542864847027,8
SVK,"Slovakia",2016,32.9224110422914,42.3259500185652,8
SVK,"Slovakia",2017,35.9457524664206,45.1617619924006,8
SVK,"Slovakia",2018,38.642891227294,48.884850593704,8
SVK,"Slovakia",2019,36.2213816935516,44.6920639034982,8
SVK,"Slovakia",2020,33.1455362622585,41.6774602575475,8
SVK,"Slovakia",2021,34.9424303523989,42.9773161872648,8
SVK,"Slovakia",2022,35.4803697196607,45.7980295930359,8
SVN,"Slovenia",1990,42.0275303821348,51.588121980578,4
SVN,"Slovenia",1991,46.5890881092804,56.0104674754607,4
SVN,"Slovenia",1992,45.6752398358651,57.7699373018306,4
SVN,"Slovenia",1993,43.6206140122263,54.8546125813597,4
SVN,"Slovenia",1994,43.3495723626303,52.8318843007835,4
SVN,"Slovenia",1995,43.9408034713875,56.3756912009239,4
SVN,"Slovenia",1996,44.3405187581897,53.8233183233128,4
SVN,"Slovenia",1997,44.4186473146944,54.0235805056601,4
SVN,"Slovenia",1998,43.8217166985165,53.1249425107194,4
SVN,"Slovenia",1999,42.8768694400784,51.5456757230143,4
SVN,"Slovenia",2000,44.9820485686173,55.3604071624485,4
SVN,"Slovenia",2001,45.0575859910751,55.6688392678082,4
SVN,"Slovenia",2002,42.4329483627627,51.6146984579249,4
SVN,"Slovenia",2003,47.4213117848843,59.235936755081,4
SVN,"Slovenia",2004,42.1047536066437,51.6187505262992,4
SVN,"Slovenia",2005,43.8437342787265,53.5917470740386,4
SVN,"Slovenia",2006,44.5861688123105,53.7941315018598,4
SVN,"Slovenia",2007,43.0114719303036,54.6509444725968,4
SVN,"Slovenia",2008,42.1165529069456,50.6956315546666,4
SVN,"Slovenia",2009,43.1572787448616,52.4956162535881,4
SVN,"Slovenia",2010,43.1013043701264,53.1338960230739,4
SVN,"Slovenia",2011,43.8290276158989,53.0089004370159,4
SVN,"Slovenia",2012,45.3407900723537,55.410792080607,4
SVN,"Slovenia",2013,44.1903341779893,54.0001506666903,4
SVN,"Slovenia",2014,42.3286158747037,50.6295281972045,4
SVN,"Slovenia",2015,47.5649151399243,56.9887148613552,4
SVN,"Slovenia",2016,41.8643472523484,50.2040816796409,4
SVN,"Slovenia",2017,42.824171029438,52.76151633457,4
SVN,"Slovenia",2018,43.0753386368064,52.2324301313448,4
SVN,"Slovenia",2019,40.6979972129061,50.0624671680585,4
SVN,"Slovenia",2020,38.8246300580872,46.2445515036283,4
SVN,"Slovenia",2021,36.4859207607693,46.0475150148175,4
SVN,"Slovenia",2022,43.8314164775447,53.3476143115719,4
SLB,"Solomon Islands",1990,29.1595532814949,29.210655828592,27
SLB,"Solomon Islands",1991,20.4370095445496,23.9372462786636,27
SLB,"Solomon Islands",1992,20.7769118881961,23.7031289709461,27
SLB,"Solomon Islands",1993,23.6643122251016,28.5962013037529,27
SLB,"Solomon Islands",1994,19.654308166772,23.6754090833731,27
SLB,"Solomon Islands",1995,19.8513530197439,21.4482047371978,27
SLB,"Solomon Islands",1996,21.6011993870733,25.8025721670544,27
SLB,"Solomon Islands",1997,24.0726707340153,26.9662039783332,27
SLB,"Solomon Islands",1998,20.7319823750813,22.2022678751685,27
SLB,"Solomon Islands",1999,18.7961617085156,20.7773758930442,27
SLB,"Solomon Islands",2000,20.480036798871,23.3231007228821,27
SLB,"Solomon Islands",2001,20.9540109292694,23.8491593525647,27
SLB,"Solomon Islands",2002,22.5418164459614,25.0477333146336,27
SLB,"Solomon Islands",2003,21.6288880106816,24.1749394661297,27
SLB,"Solomon Islands",2004,22.0395892338567,27.1033297369412,27
SLB,"Solomon Islands",2005,19.3831057500724,22.203502145326,27
SLB,"Solomon Islands",2006,17.8975685349633,21.7040376362344,27
SLB,"Solomon Islands",2007,17.5488148771,19.3911466012579,27
SLB,"Solomon Islands",2008,14.3930261591624,17.1257372447965,27
SLB,"Solomon Islands",2009,16.9677294786513,20.3560063611112,27
SLB,"Solomon Islands",2010,17.1837969644052,18.7844555384293,27
SLB,"Solomon Islands",2011,15.0627046010149,17.33107941768,27
SLB,"Solomon Islands",2012,15.9725615613242,17.7013519089396,27
SLB,"Solomon Islands",2013,19.0706925881854,21.9109325914071,27
SLB,"Solomon Islands",2014,18.0699142270145,20.7182167589415,27
SLB,"Solomon Islands",2015,19.0187633430848,20.27186447939,27
SLB,"Solomon Islands",2016,18.6972203248204,19.4950896288735,27
SLB,"Solomon Islands",2017,18.35390081058,19.8852917308497,27
SLB,"Solomon Islands",2018,19.5103554048712,20.0087217282164,27
SLB,"Solomon Islands",2019,19.8028070911405,21.0478933317401,27
SLB,"Solomon Islands",2020,19.0178495546673,20.3703997780116,27
SLB,"Solomon Islands",2021,19.1832221411569,22.8233702456358,27
SLB,"Solomon Islands",2022,29.5395431471801,29.6033816353709,27
SOM,"Somalia",1990,38.1670527750097,38.2189240861982,74
SOM,"Somalia",1991,23.3262011176371,27.4296519494925,74
SOM,"Somalia",1992,22.9504295597242,27.8607034774683,74
SOM,"Somalia",1993,22.7643194294727,30.0139579725253,74
SOM,"Somalia",1994,21.9627593927122,25.9356134037399,74
SOM,"Somalia",1995,23.5459564397713,26.1400576214168,74
SOM,"Somalia",1996,24.7727144485309,29.1079812562623,74
SOM,"Somalia",1997,27.3096828572513,30.5011927742881,74
SOM,"Somalia",1998,24.9844647933369,26.9293094608752,74
SOM,"Somalia",1999,23.9979559397181,27.0493911096901,74
SOM,"Somalia",2000,27.220311690223,31.0145034137999,74
SOM,"Somalia",2001,26.5021584153616,29.2783318607239,74
SOM,"Somalia",2002,27.0649118956649,30.7642551347155,74
SOM,"Somalia",2003,30.8742528178865,34.6770114497867,74
SOM,"Somalia",2004,29.3517204946752,33.4615233417737,74
SOM,"Somalia",2005,28.5284923556892,32.009161082207,74
SOM,"Somalia",2006,24.7315213902983,27.5409869755361,74
SOM,"Somalia",2007,26.4251954623008,31.3767806741071,74
SOM,"Somalia",2008,28.1073319369884,30.5617160317642,74
SOM,"Somalia",2009,26.8796383101059,30.8324249877586,74
SOM,"Somalia",2010,28.1765519180173,32.8151659824133,74
SOM,"Somalia",2011,29.8245630581448,33.4766036347946,74
SOM,"Somalia",2012,27.8784354410227,30.8293561376245,74
SOM,"Somalia",2013,25.2373558123032,29.8460690203393,74
SOM,"Somalia",2014,29.2141550760288,32.7113874605912,74
SOM,"Somalia",2015,29.5006275575058,32.6954568502933,74
SOM,"Somalia",2016,30.6508793688811,34.3023726317294,74
SOM,"Somalia",2017,29.8780211740377,32.7237917060967,74
SOM,"Somalia",2018,28.324891186959,31.1324002259583,74
SOM,"Somalia",2019,28.5680851105117,32.0203996773909,74
SOM,"Somalia",2020,26.2102568833955,28.6760870479076,74
SOM,"Somalia",2021,26.5103231146976,31.7918316623714,74
SOM,"Somalia",2022,37.1462650154886,37.6029460964065,74
ZAF,"South Africa",1990,37.7800156302938,37.831118177391,130
ZAF,"South Africa",1991,28.8133416932331,34.1026292932455,130
ZAF,"South Africa",1992,29.8665980975804,36.6625602242115,130
ZAF,"South Africa",1993,29.145523660827,37.1301330703145,130
ZAF,"South Africa",1994,28.2678902692042,33.1058649318191,130
ZAF,"South Africa",1995,26.6079783670755,32.0737408871317,130
ZAF,"South Africa",1996,26.7615160665333,32.327142449559,130
ZAF,"South Africa",1997,32.0050059341479,35.7373647903126,130
ZAF,"South Africa",1998,30.1530423300579,34.7156087467795,130
ZAF,"South Africa",1999,30.7107381177549,35.2490991172398,130
ZAF,"South Africa",2000,32.9679112307981,37.2884618316569,130
ZAF,"South Africa",2001,31.931390351778,36.6547510558152,130
ZAF,"South Africa",2002,33.9415186551702,38.3781785724434,130
ZAF,"South Africa",2003,39.8891520740514,43.1271332728931,130
ZAF,"South Africa",2004,36.076301025803,39.9962934229364,130
ZAF,"South Africa",2005,44.6046523512312,49.9092321693754,130
ZAF,"South Africa",2006,38.2886744946245,42.1352967215227,130
ZAF,"South Africa",2007,35.4976841834601,38.5492916091675,130
ZAF,"South Africa",2008,34.2125274720374,37.6428048961099,130
ZAF,"South Africa",2009,30.9132640189715,35.0242835437069,130
ZAF,"South Africa",2010,33.3315253963292,35.431978587098,130
ZAF,"South Africa",2011,33.967839674168,38.7790977626646,130
ZAF,"South Africa",2012,35.026149131738,38.4588354569264,130
ZAF,"South Africa",2013,35.4010077738207,38.516369041652,130
ZAF,"South Africa",2014,42.9797826147388,46.8472401426003,130
ZAF,"South Africa",2015,43.8891840708128,49.0984015217377,130
ZAF,"South Africa",2016,38.4188204673728,41.1222963485695,130
ZAF,"South Africa",2017,36.9607459093626,39.1390097416989,130
ZAF,"South Africa",2018,33.4606861129831,36.722675885374,130
ZAF,"South Africa",2019,36.130286170732,39.0827296673672,130
ZAF,"South Africa",2020,36.2077156852762,39.3586598873236,130
ZAF,"South Africa",2021,41.7514485796958,45.8073369095288,130
ZAF,"South Africa",2022,29.2248991435875,29.5746915196752,130
SSD,"South Sudan",1990,37.9926650060808,39.8670380497755,51
SSD,"South Sudan",1991,33.7028335855172,37.0710694873447,51
SSD,"South Sudan",1992,33.0740719580758,37.4348076979199,51
SSD,"South Sudan",1993,33.2731872163376,38.4667291316148,51
SSD,"South Sudan",1994,32.2153669233535,37.31295288004,51
SSD,"South Sudan",1995,34.0469301499309,38.5825389133357,51
SSD,"South Sudan",1996,35.2551600516772,39.8546474610443,51
SSD,"South Sudan",1997,37.1217727942546,40.8912734927868,51
SSD,"South Sudan",1998,35.2319287247536,39.9337502673515,51
SSD,"South Sudan",1999,34.2632660684151,40.5893000710174,51
SSD,"South Sudan",2000,32.6747977528698,38.2575743448066,51
SSD,"South Sudan",2001,30.9760401350797,34.3683528818264,51
SSD,"South Sudan",2002,33.9924411348125,37.992933416994,51
SSD,"South Sudan",2003,34.5721774359324,40.6278993817171,51
SSD,"South Sudan",2004,33.412374630003,38.2112539569843,51
SSD,"South Sudan",2005,32.1680688558928,36.5010571898243,51
SSD,"South Sudan",2006,30.5850677572881,34.7112841734745,51
SSD,"South Sudan",2007,32.7255702833751,37.7435124927298,51
SSD,"South Sudan",2008,32.528020435676,37.829956813166,51
SSD,"South Sudan",2009,34.0066685414655,38.8358624989546,51
SSD,"South Sudan",2010,34.1112747113263,39.2839822973744,51
SSD,"South Sudan",2011,34.4358393237861,40.274547539792,51
SSD,"South Sudan",2012,32.6215752856504,39.179818689379,51
SSD,"South Sudan",2013,28.3626211470855,34.9337951402561,51
SSD,"South Sudan",2014,30.5640766227363,36.1154340466786,51
SSD,"South Sudan",2015,37.3607401362812,42.212623096095,51
SSD,"South Sudan",2016,36.9843411148776,41.1194781831167,51
SSD,"South Sudan",2017,35.2289448466485,39.8249557506771,51
SSD,"South Sudan",2018,33.9154329678353,39.0269553569515,51
SSD,"South Sudan",2019,33.2444172125934,38.2179607154627,51
SSD,"South Sudan",2020,32.6715693957787,38.5587190664051,51
SSD,"South Sudan",2021,34.6036727582317,38.6195709582271,51
SSD,"South Sudan",2022,36.0768243539569,36.5378003289313,51
ESP,"Spain",1990,33.8165090689504,42.3887686921766,84
ESP,"Spain",1991,39.5998767557284,47.2561901776541,84
ESP,"Spain",1992,37.2898617397139,44.8952926243693,84
ESP,"Spain",1993,35.8741729027674,43.048485791672,84
ESP,"Spain",1994,38.8458346492299,46.7194272296565,84
ESP,"Spain",1995,42.1231040252725,48.7310406063745,84
ESP,"Spain",1996,44.8316756910457,52.7735390709531,84
ESP,"Spain",1997,34.7897870072559,41.9965302473677,84
ESP,"Spain",1998,35.5491131501348,43.2053851867377,84
ESP,"Spain",1999,36.971762484913,44.8140095001794,84
ESP,"Spain",2000,36.1777565771373,43.3660497465553,84
ESP,"Spain",2001,36.3728349803576,44.99189547395,84
ESP,"Spain",2002,36.9659757729377,45.7640761142468,84
ESP,"Spain",2003,38.8219667677028,48.4060844224898,84
ESP,"Spain",2004,37.347359671495,46.4130742511699,84
ESP,"Spain",2005,37.5305321999882,46.2848442279975,84
ESP,"Spain",2006,36.0707765483403,45.0106003002486,84
ESP,"Spain",2007,35.7563341308935,43.616418284887,84
ESP,"Spain",2008,35.3909376217709,43.4583346480167,84
ESP,"Spain",2009,37.3266938196882,44.4484391799626,84
ESP,"Spain",2010,39.2610625830448,46.8698225885906,84
ESP,"Spain",2011,39.0544411677911,46.4876053949523,84
ESP,"Spain",2012,38.089218857649,45.4816542469571,84
ESP,"Spain",2013,39.6236024199285,47.4568973711817,84
ESP,"Spain",2014,38.5880106616873,46.0863082557303,84
ESP,"Spain",2015,38.9371891187217,47.16893340015,84
ESP,"Spain",2016,38.1227188610805,45.1705598255647,84
ESP,"Spain",2017,39.367621608957,46.0361973622388,84
ESP,"Spain",2018,39.7566355692072,47.2324673489267,84
ESP,"Spain",2019,40.0407329876388,46.6323910552182,84
ESP,"Spain",2020,37.6266129935821,43.3291111531357,84
ESP,"Spain",2021,38.8307484377567,44.2645364858274,84
ESP,"Spain",2022,39.6696366084268,45.7054538879856,84
LKA,"Sri Lanka",1990,34.1787487628547,34.5969350990694,13
LKA,"Sri Lanka",1991,25.0670579492871,29.1678453059163,13
LKA,"Sri Lanka",1992,24.8683265689445,29.0158743630276,13
LKA,"Sri Lanka",1993,26.1006599923775,31.7766111300038,13
LKA,"Sri Lanka",1994,22.9645003259282,25.7308440651592,13
LKA,"Sri Lanka",1995,24.1024359343105,26.460323098421,13
LKA,"Sri Lanka",1996,25.8936784412826,29.8100944509831,13
LKA,"Sri Lanka",1997,28.0670454125803,31.4040352376565,13
LKA,"Sri Lanka",1998,27.1996683318019,29.4420612640039,13
LKA,"Sri Lanka",1999,26.774014723916,29.4988513019329,13
LKA,"Sri Lanka",2000,21.3534360910059,23.9188864111463,13
LKA,"Sri Lanka",2001,20.6143538112102,27.3513341125985,13
LKA,"Sri Lanka",2002,28.3763342594184,30.1010792228256,13
LKA,"Sri Lanka",2003,27.8930509133788,33.4268671848562,13
LKA,"Sri Lanka",2004,27.9141995209164,32.3807195915499,13
LKA,"Sri Lanka",2005,22.7380773842373,25.518915624721,13
LKA,"Sri Lanka",2006,26.8783832240562,29.2223494930201,13
LKA,"Sri Lanka",2007,26.6933394146943,31.7683851273729,13
LKA,"Sri Lanka",2008,28.3093357322984,33.832547911847,13
LKA,"Sri Lanka",2009,28.4467950925157,35.224579676517,13
LKA,"Sri Lanka",2010,25.9583428845181,30.4027260698435,13
LKA,"Sri Lanka",2011,25.4446830190436,33.3210182452749,13
LKA,"Sri Lanka",2012,29.3567342777263,33.522582717379,13
LKA,"Sri Lanka",2013,24.9174167445477,31.432828501015,13
LKA,"Sri Lanka",2014,30.6035631513391,40.4436864633874,13
LKA,"Sri Lanka",2015,22.8605290426708,26.6256095669912,13
LKA,"Sri Lanka",2016,25.9773060301455,32.5816316487903,13
LKA,"Sri Lanka",2017,31.1040727538074,37.3153435784791,13
LKA,"Sri Lanka",2018,33.020328372412,37.9577603026356,13
LKA,"Sri Lanka",2019,34.3463793736958,41.2925260499332,13
LKA,"Sri Lanka",2020,33.2959404936695,39.3549126332614,13
LKA,"Sri Lanka",2021,29.003142528218,32.928219406857,13
LKA,"Sri Lanka",2022,38.7092576654128,38.7740629997594,13
SDN,"Sudan",1990,37.9958128342722,38.123576149763,162
SDN,"Sudan",1991,28.8622411191693,34.1632815000745,162
SDN,"Sudan",1992,26.9472952322403,35.0256475726516,162
SDN,"Sudan",1993,26.4506909742303,35.5489297547531,162
SDN,"Sudan",1994,27.9423101485526,35.5124826119989,162
SDN,"Sudan",1995,29.8328378219327,37.0939399733142,162
SDN,"Sudan",1996,31.0762593775381,37.8140191237034,162
SDN,"Sudan",1997,33.81712808096,38.0102811252026,162
SDN,"Sudan",1998,33.8856229302731,37.1646338336071,162
SDN,"Sudan",1999,30.8515066277047,35.7646954339503,162
SDN,"Sudan",2000,34.6306688627069,37.934082165739,162
SDN,"Sudan",2001,32.7583230920553,35.0137598557698,162
SDN,"Sudan",2002,35.0638900424733,38.6911148140045,162
SDN,"Sudan",2003,40.2685398944624,45.1623697207263,162
SDN,"Sudan",2004,32.0365474259142,36.4722047777312,162
SDN,"Sudan",2005,33.6393831831972,38.8307734126106,162
SDN,"Sudan",2006,32.2053179996978,35.3777163116255,162
SDN,"Sudan",2007,35.6083912369904,38.8694335842979,162
SDN,"Sudan",2008,38.1400644446318,41.7313260878178,162
SDN,"Sudan",2009,39.1050608283592,42.6241994676944,162
SDN,"Sudan",2010,42.5626358952691,46.6607564655032,162
SDN,"Sudan",2011,42.2528492922633,47.1563599579015,162
SDN,"Sudan",2012,38.4257027029347,43.0750594714727,162
SDN,"Sudan",2013,34.2511170040247,38.987124843375,162
SDN,"Sudan",2014,34.7010106978036,38.7273436908149,162
SDN,"Sudan",2015,41.3017958120368,44.131309995413,162
SDN,"Sudan",2016,44.1321097892986,48.621922112963,162
SDN,"Sudan",2017,42.849872533486,45.6794049209533,162
SDN,"Sudan",2018,36.8174398367771,42.4578022690778,162
SDN,"Sudan",2019,37.4462807650268,41.0438862318085,162
SDN,"Sudan",2020,38.9217751609601,44.3037708011517,162
SDN,"Sudan",2021,38.4254241021504,42.3840223478035,162
SDN,"Sudan",2022,37.0689789427579,38.6951711979044,162
SUR,"Suriname",1990,22.9599841706722,27.4285669069638,14
SUR,"Suriname",1991,27.6868996232071,30.6485109022379,14
SUR,"Suriname",1992,27.7403384908568,30.101511672885,14
SUR,"Suriname",1993,29.2586847126783,32.9506179684472,14
SUR,"Suriname",1994,26.5533115034555,29.4323442872801,14
SUR,"Suriname",1995,25.1901072187451,29.1205675461832,14
SUR,"Suriname",1996,28.1167352212439,32.0832036608552,14
SUR,"Suriname",1997,27.5842261027775,29.4504813378366,14
SUR,"Suriname",1998,24.4368686082533,28.3718749152072,14
SUR,"Suriname",1999,27.4703490588159,28.2379395606481,14
SUR,"Suriname",2000,25.8216835534404,29.2616826625486,14
SUR,"Suriname",2001,22.9750959953331,26.6399282560334,14
SUR,"Suriname",2002,26.7414369119243,29.6512410888711,14
SUR,"Suriname",2003,25.4505918588722,28.8183963018694,14
SUR,"Suriname",2004,23.5147174033253,26.9832561720564,14
SUR,"Suriname",2005,21.388819230121,23.8583171768877,14
SUR,"Suriname",2006,20.8128610470312,22.6816867379189,14
SUR,"Suriname",2007,18.6698169478935,20.7315432380626,14
SUR,"Suriname",2008,20.3264359787296,22.3319139763517,14
SUR,"Suriname",2009,19.2454580620891,20.7710384197144,14
SUR,"Suriname",2010,19.9501856022248,21.6135672969257,14
SUR,"Suriname",2011,18.5504866458303,20.1936698058143,14
SUR,"Suriname",2012,19.7782995513891,20.7846142068738,14
SUR,"Suriname",2013,21.0983810502542,26.4881452336439,14
SUR,"Suriname",2014,24.2609213085601,26.52785890698,14
SUR,"Suriname",2015,20.3295680014546,21.6590826690573,14
SUR,"Suriname",2016,19.6973232593257,22.0123063015381,14
SUR,"Suriname",2017,20.3519895262326,21.6434599159478,14
SUR,"Suriname",2018,22.8562834879223,23.9075157922918,14
SUR,"Suriname",2019,22.3896605866303,23.9232021532588,14
SUR,"Suriname",2020,21.2972234837553,23.4173340324268,14
SUR,"Suriname",2021,23.1221423863807,25.3881671838323,14
SUR,"Suriname",2022,22.7636305010933,23.4772136918455,14
SWZ,"Swaziland",1990,37.8518248930492,37.9029274401463,1
SWZ,"Swaziland",1991,30.1525008789837,35.1114320395669,1
SWZ,"Swaziland",1992,30.8349248969045,38.3011588308482,1
SWZ,"Swaziland",1993,30.9106775208689,39.2689955790675,1
SWZ,"Swaziland",1994,27.2734512693569,33.2484295650893,1
SWZ,"Swaziland",1995,25.7028450489815,32.515710316204,1
SWZ,"Swaziland",1996,25.8833801538705,32.1760036566536,1
SWZ,"Swaziland",1997,27.6412456978491,34.8019107151916,1
SWZ,"Swaziland",1998,26.5316044347167,35.2926642674845,1
SWZ,"Swaziland",1999,28.3652300872321,33.5543761666473,1
SWZ,"Swaziland",2000,30.2284772000789,37.2397295568497,1
SWZ,"Swaziland",2001,29.6418448162259,36.169079056332,1
SWZ,"Swaziland",2002,32.3788514897182,37.4915295397151,1
SWZ,"Swaziland",2003,43.3014795443956,45.7899180058106,1
SWZ,"Swaziland",2004,32.2984873994799,38.7351320365076,1
SWZ,"Swaziland",2005,46.5927441044696,48.2728572777887,1
SWZ,"Swaziland",2006,40.8692476367448,43.8446015157656,1
SWZ,"Swaziland",2007,37.0647069795922,39.2940687776978,1
SWZ,"Swaziland",2008,35.4135715027231,38.3973724758191,1
SWZ,"Swaziland",2009,32.965851065494,38.2433057490876,1
SWZ,"Swaziland",2010,32.8312975648764,33.2810948578556,1
SWZ,"Swaziland",2011,35.3201602388086,40.4498548832379,1
SWZ,"Swaziland",2012,35.2034578132918,39.7516235160063,1
SWZ,"Swaziland",2013,34.168314850125,37.4816148967335,1
SWZ,"Swaziland",2014,43.893612601362,45.1535888522015,1
SWZ,"Swaziland",2015,45.3818443752984,50.7308188092204,1
SWZ,"Swaziland",2016,41.4221930769251,43.5373094140179,1
SWZ,"Swaziland",2017,36.7912289541124,39.3553263268423,1
SWZ,"Swaziland",2018,33.438670909609,37.0217663220434,1
SWZ,"Swaziland",2019,34.4205573165258,38.2922496533944,1
SWZ,"Swaziland",2020,35.4428426403085,37.5700611692264,1
SWZ,"Swaziland",2021,43.6410254189644,47.8397473990348,1
SWZ,"Swaziland",2022,30.6506179854998,30.9649140789998,1
SWE,"Sweden",1990,33.2494457246137,41.1278497708006,101
SWE,"Sweden",1991,31.4240435715475,37.2941833910939,101
SWE,"Sweden",1992,32.65343397873,39.8289254406687,101
SWE,"Sweden",1993,32.3839070324413,39.0698063029079,101
SWE,"Sweden",1994,33.9666872252911,42.2489293114529,101
SWE,"Sweden",1995,33.0393237699671,38.460403108756,101
SWE,"Sweden",1996,35.6393892011291,42.9800646458348,101
SWE,"Sweden",1997,34.275944917779,41.766829844271,101
SWE,"Sweden",1998,32.1225334891122,36.9522478909529,101
SWE,"Sweden",1999,34.3435851746438,40.6245169710482,101
SWE,"Sweden",2000,31.939924872453,38.45780057411,101
SWE,"Sweden",2001,32.1386491284977,37.7133005603206,101
SWE,"Sweden",2002,35.4763698589072,42.3770999489147,101
SWE,"Sweden",2003,35.046207578994,41.9724227575575,101
SWE,"Sweden",2004,34.4573652270216,40.6521153347026,101
SWE,"Sweden",2005,33.3702580714735,40.1580597202525,101
SWE,"Sweden",2006,35.2482268223174,42.2378892867679,101
SWE,"Sweden",2007,33.0076238220344,38.4509061354667,101
SWE,"Sweden",2008,32.9667141064923,40.2327455350405,101
SWE,"Sweden",2009,32.287247992346,38.5709955289131,101
SWE,"Sweden",2010,33.5675838907676,39.0055159005258,101
SWE,"Sweden",2011,34.5158813131542,40.9874322017797,101
SWE,"Sweden",2012,32.921342007201,38.9313552928466,101
SWE,"Sweden",2013,33.7627303547179,39.4975807795542,101
SWE,"Sweden",2014,33.0388058677485,38.539323910339,101
SWE,"Sweden",2015,33.098108778142,37.5473554084877,101
SWE,"Sweden",2016,32.3285904886784,36.7616026611787,101
SWE,"Sweden",2017,32.2055323233019,37.1531020760921,101
SWE,"Sweden",2018,35.1734842757388,42.1856847262075,101
SWE,"Sweden",2019,35.1113468824348,41.4272170999762,101
SWE,"Sweden",2020,33.4925575642652,38.3748345569388,101
SWE,"Sweden",2021,34.0368256340143,39.0675355579523,101
SWE,"Sweden",2022,33.7608929942234,39.3361200304728,101
CHE,"Switzerland",1990,34.8640786285574,49.8115964497947,13
CHE,"Switzerland",1991,39.3782378522358,53.3623492325124,13
CHE,"Switzerland",1992,33.8984022597294,47.8049384109463,13
CHE,"Switzerland",1993,32.7547401289419,46.0777316388315,13
CHE,"Switzerland",1994,35.259600450618,49.6041608333192,13
CHE,"Switzerland",1995,36.4766988679719,49.8637353170881,13
CHE,"Switzerland",1996,35.3430152595735,48.9947509708233,13
CHE,"Switzerland",1997,36.1044666384996,49.4659722799956,13
CHE,"Switzerland",1998,39.6156378057781,53.2879201486556,13
CHE,"Switzerland",1999,36.8863728724978,48.7828156021474,13
CHE,"Switzerland",2000,36.2846742751134,48.6624938341974,13
CHE,"Switzerland",2001,36.1649940642873,48.3039195077001,13
CHE,"Switzerland",2002,36.4965098130557,48.4067783678197,13
CHE,"Switzerland",2003,41.9480193632529,57.9720106469255,13
CHE,"Switzerland",2004,37.091369670378,49.4513096919127,13
CHE,"Switzerland",2005,37.2153609839443,48.7769283276584,13
CHE,"Switzerland",2006,36.9842513811694,50.562835150908,13
CHE,"Switzerland",2007,36.5167039630928,47.6233714916028,13
CHE,"Switzerland",2008,34.6993643288148,46.6463658513349,13
CHE,"Switzerland",2009,36.1504976505982,47.6333681714235,13
CHE,"Switzerland",2010,36.0849184979578,47.7903423186942,13
CHE,"Switzerland",2011,35.6726233955003,48.6803035662656,13
CHE,"Switzerland",2012,35.9766569992214,46.9484235764254,13
CHE,"Switzerland",2013,34.6220868985091,45.6137724672289,13
CHE,"Switzerland",2014,39.8576747061337,51.364242188443,13
CHE,"Switzerland",2015,37.1442521087553,49.9656862760467,13
CHE,"Switzerland",2016,36.0629947195003,46.5841031973738,13
CHE,"Switzerland",2017,37.4201127707453,47.3722543118121,13
CHE,"Switzerland",2018,38.5924132606657,52.0204099604518,13
CHE,"Switzerland",2019,38.5995859501568,49.7200188045882,13
CHE,"Switzerland",2020,37.3965653580901,47.8170756277654,13
CHE,"Switzerland",2021,36.394684628806,45.9297845909407,13
CHE,"Switzerland",2022,39.9272615088344,51.3883185025876,13
SYR,"Syrian Arab Republic",1990,39.6857492831026,45.6321659054002,19
SYR,"Syrian Arab Republic",1991,33.6127028233697,47.5268109326253,19
SYR,"Syrian Arab Republic",1992,31.0539115704244,41.0160626655382,19
SYR,"Syrian Arab Republic",1993,33.9422901222684,46.0619867741606,19
SYR,"Syrian Arab Republic",1994,34.1360046852232,40.7162410156736,19
SYR,"Syrian Arab Republic",1995,37.0171658476668,47.0241915711053,19
SYR,"Syrian Arab Republic",1996,38.4464669813069,46.9836066644095,19
SYR,"Syrian Arab Republic",1997,37.8929885928365,47.8661209894245,19
SYR,"Syrian Arab Republic",1998,45.40740223236,55.1264233311921,19
SYR,"Syrian Arab Republic",1999,44.9046109778852,58.842759377983,19
SYR,"Syrian Arab Republic",2000,33.2775205349342,41.3865056719483,19
SYR,"Syrian Arab Republic",2001,41.8677190298703,51.211373455101,19
SYR,"Syrian Arab Republic",2002,46.8179103140953,57.4036996060794,19
SYR,"Syrian Arab Republic",2003,40.999626432056,52.7958798552785,19
SYR,"Syrian Arab Republic",2004,44.1276479998502,56.5451135697377,19
SYR,"Syrian Arab Republic",2005,40.5553335297418,49.4706791030259,19
SYR,"Syrian Arab Republic",2006,44.1846897123284,54.2994346186028,19
SYR,"Syrian Arab Republic",2007,49.5300242656846,57.3301988329646,19
SYR,"Syrian Arab Republic",2008,51.9622855475405,57.2267518059241,19
SYR,"Syrian Arab Republic",2009,45.8881737198149,51.8517557110143,19
SYR,"Syrian Arab Republic",2010,40.647493621393,50.1143341670828,19
SYR,"Syrian Arab Republic",2011,40.8342546750258,47.0822226269664,19
SYR,"Syrian Arab Republic",2012,42.1954963186409,47.2387032164291,19
SYR,"Syrian Arab Republic",2013,37.2365733480283,41.9784596893896,19
SYR,"Syrian Arab Republic",2014,34.693299651081,42.4273619172028,19
SYR,"Syrian Arab Republic",2015,39.1186477084157,46.0659425275918,19
SYR,"Syrian Arab Republic",2016,37.9497005282852,47.3511666941838,19
SYR,"Syrian Arab Republic",2017,36.4933345578134,44.4407849597338,19
SYR,"Syrian Arab Republic",2018,35.2394304673013,44.4216614129145,19
SYR,"Syrian Arab Republic",2019,36.5751354015162,45.3635616431598,19
SYR,"Syrian Arab Republic",2020,36.3486598831911,44.7761928840712,19
SYR,"Syrian Arab Republic",2021,34.3689040127323,41.2588600551155,19
SYR,"Syrian Arab Republic",2022,29.5499570637126,35.0576785740765,19
TJK,"Tajikistan",1990,37.0618928397976,37.1147160376987,14
TJK,"Tajikistan",1991,33.9541615232815,47.5458381823019,14
TJK,"Tajikistan",1992,29.0146652572196,38.6185588807662,14
TJK,"Tajikistan",1993,31.0475401353388,43.112320231807,14
TJK,"Tajikistan",1994,31.5074863336987,39.3175038815093,14
TJK,"Tajikistan",1995,33.2643904106369,42.7090697993025,14
TJK,"Tajikistan",1996,35.3839851682117,42.1404449779067,14
TJK,"Tajikistan",1997,41.0899317999306,49.3674625932324,14
TJK,"Tajikistan",1998,37.9189322152591,41.5111502232416,14
TJK,"Tajikistan",1999,46.2703069406328,57.5396749377459,14
TJK,"Tajikistan",2000,31.8778100929023,40.2359377318861,14
TJK,"Tajikistan",2001,39.3920554645098,48.3890147240952,14
TJK,"Tajikistan",2002,42.6623195172354,53.4743308333136,14
TJK,"Tajikistan",2003,43.7716944195438,56.442535073588,14
TJK,"Tajikistan",2004,41.7885117469191,50.5620918771772,14
TJK,"Tajikistan",2005,42.6695576399039,48.4273447236351,14
TJK,"Tajikistan",2006,45.1680658315578,52.7767441456924,14
TJK,"Tajikistan",2007,52.5551706183451,58.4224055942228,14
TJK,"Tajikistan",2008,53.4460446339904,60.2222064460957,14
TJK,"Tajikistan",2009,43.139544239408,47.7503643346997,14
TJK,"Tajikistan",2010,40.4126555565706,48.7525764217746,14
TJK,"Tajikistan",2011,37.9940357140206,45.5302909784966,14
TJK,"Tajikistan",2012,39.7767698597108,45.804018938784,14
TJK,"Tajikistan",2013,22.5535203213875,25.9690629359783,14
TJK,"Tajikistan",2014,33.9706307287158,44.8052016594434,14
TJK,"Tajikistan",2015,35.8141161152131,44.1592322829991,14
TJK,"Tajikistan",2016,32.992544158414,41.2634708980639,14
TJK,"Tajikistan",2017,39.4267534204395,50.3886357488534,14
TJK,"Tajikistan",2018,44.1142799273486,53.6768597204078,14
TJK,"Tajikistan",2019,41.1520239958572,49.74028186321,14
TJK,"Tajikistan",2020,38.9792779259911,45.3951003741163,14
TJK,"Tajikistan",2021,37.1898842942273,47.8483640648617,14
TJK,"Tajikistan",2022,45.7362860162836,53.7059955761978,14
THA,"Thailand",1990,33.4439818961259,33.7138711743943,52
THA,"Thailand",1991,25.3009963572598,29.2070525207776,52
THA,"Thailand",1992,24.3807142871333,28.8283956496892,52
THA,"Thailand",1993,26.9123333377592,31.2617038211344,52
THA,"Thailand",1994,25.1899076159743,29.9788529520931,52
THA,"Thailand",1995,25.2611819540543,29.8932253391246,52
THA,"Thailand",1996,26.3160656123342,31.7702938553068,52
THA,"Thailand",1997,28.2231435387172,32.5987805524539,52
THA,"Thailand",1998,28.7506711503406,32.7010035521022,52
THA,"Thailand",1999,26.8517303005755,33.8980215934355,52
THA,"Thailand",2000,31.0956710900883,35.7312948794955,52
THA,"Thailand",2001,31.4012644904698,35.6941370476517,52
THA,"Thailand",2002,32.4590584116125,37.0898947664381,52
THA,"Thailand",2003,31.0405482459169,35.6644481155787,52
THA,"Thailand",2004,34.9078774283854,38.4824845745455,52
THA,"Thailand",2005,29.4877923949497,34.1625774983118,52
THA,"Thailand",2006,31.2539770006699,34.0374722225107,52
THA,"Thailand",2007,29.3672358660527,35.0392475648759,52
THA,"Thailand",2008,26.5336017171736,33.0428447245863,52
THA,"Thailand",2009,30.1434735811745,36.1360675014391,52
THA,"Thailand",2010,29.3506154151718,33.7135296066132,52
THA,"Thailand",2011,28.9632394455329,36.595085703364,52
THA,"Thailand",2012,32.1800008698427,39.3767760499219,52
THA,"Thailand",2013,27.6167922463799,33.5378002318639,52
THA,"Thailand",2014,26.3026401090702,34.927303193435,52
THA,"Thailand",2015,32.729131816597,40.5292113006072,52
THA,"Thailand",2016,32.1588017769974,39.9620706531944,52
THA,"Thailand",2017,34.9027752195938,41.5317306952826,52
THA,"Thailand",2018,35.361246853936,42.8195827820428,52
THA,"Thailand",2019,37.542579907247,44.5104332494794,52
THA,"Thailand",2020,35.5411907512892,43.9301451312773,52
THA,"Thailand",2021,33.7887732499333,39.6739239845276,52
THA,"Thailand",2022,35.5500309144838,37.7270005925386,52
MKD,"The former Yugoslav Republic of Macedonia",1990,42.5083356397145,53.5750203316232,3
MKD,"The former Yugoslav Republic of Macedonia",1991,30.3143188815367,41.7687327319398,3
MKD,"The former Yugoslav Republic of Macedonia",1992,28.5883473860705,37.8975486914438,3
MKD,"The former Yugoslav Republic of Macedonia",1993,28.6297564029222,39.1224135878196,3
MKD,"The former Yugoslav Republic of Macedonia",1994,31.6471033498338,42.9898278225926,3
MKD,"The former Yugoslav Republic of Macedonia",1995,34.5016054249138,44.5171432008953,3
MKD,"The former Yugoslav Republic of Macedonia",1996,29.79996658733,39.2738997296674,3
MKD,"The former Yugoslav Republic of Macedonia",1997,31.3450446925587,41.5271895392848,3
MKD,"The former Yugoslav Republic of Macedonia",1998,26.163151123817,34.4206787494356,3
MKD,"The former Yugoslav Republic of Macedonia",1999,21.6097876094536,24.9995827785994,3
MKD,"The former Yugoslav Republic of Macedonia",2000,25.1494312070503,31.245141139704,3
MKD,"The former Yugoslav Republic of Macedonia",2001,33.5305494205301,40.6362810732434,3
MKD,"The former Yugoslav Republic of Macedonia",2002,35.4308137996142,45.5477019788217,3
MKD,"The former Yugoslav Republic of Macedonia",2003,36.6466925273012,48.2802062512088,3
MKD,"The former Yugoslav Republic of Macedonia",2004,34.1028588733855,45.130755480912,3
MKD,"The former Yugoslav Republic of Macedonia",2005,43.1166080719766,56.5861525911718,3
MKD,"The former Yugoslav Republic of Macedonia",2006,38.1278107568614,47.6629382741988,3
MKD,"The former Yugoslav Republic of Macedonia",2007,40.3851398281603,55.8472252593272,3
MKD,"The former Yugoslav Republic of Macedonia",2008,39.7501581763076,52.8205330660272,3
MKD,"The former Yugoslav Republic of Macedonia",2009,37.0054342469954,49.6107754785156,3
MKD,"The former Yugoslav Republic of Macedonia",2010,35.4176896136122,45.0681954637966,3
MKD,"The former Yugoslav Republic of Macedonia",2011,32.0010358229234,43.0462797836187,3
MKD,"The former Yugoslav Republic of Macedonia",2012,32.0411263685346,42.9617657763083,3
MKD,"The former Yugoslav Republic of Macedonia",2013,27.3310794336379,37.6842186131305,3
MKD,"The former Yugoslav Republic of Macedonia",2014,28.4266107322123,37.817163781632,3
MKD,"The former Yugoslav Republic of Macedonia",2015,27.5419248672413,37.7394045277874,3
MKD,"The former Yugoslav Republic of Macedonia",2016,25.390012791956,33.7474879332144,3
MKD,"The former Yugoslav Republic of Macedonia",2017,28.1543283280788,35.5901444254515,3
MKD,"The former Yugoslav Republic of Macedonia",2018,33.6931087139754,41.5102749683884,3
MKD,"The former Yugoslav Republic of Macedonia",2019,37.9250114815012,43.8703872147836,3
MKD,"The former Yugoslav Republic of Macedonia",2020,35.7410775988715,44.4570862449941,3
MKD,"The former Yugoslav Republic of Macedonia",2021,33.5316760912053,41.6384877423181,3
MKD,"The former Yugoslav Republic of Macedonia",2022,31.3251782992193,37.6609194239126,3
TLS,"Timor-Leste",1990,31.3519444182836,31.4030469653807,3
TLS,"Timor-Leste",1991,20.9955575013023,26.4635152762276,3
TLS,"Timor-Leste",1992,22.1423559832871,27.1756306007933,3
TLS,"Timor-Leste",1993,24.6889089191764,28.7465664740228,3
TLS,"Timor-Leste",1994,23.0102605924199,28.7961174356782,3
TLS,"Timor-Leste",1995,22.0007660479384,23.7914259456546,3
TLS,"Timor-Leste",1996,24.3313167056874,29.0731234891397,3
TLS,"Timor-Leste",1997,25.1062269177806,26.5282020546414,3
TLS,"Timor-Leste",1998,23.1356362413784,25.328530061383,3
TLS,"Timor-Leste",1999,22.6013301274538,25.1486464717364,3
TLS,"Timor-Leste",2000,24.0830955273279,26.6766947679558,3
TLS,"Timor-Leste",2001,26.0769787300171,31.1421815170585,3
TLS,"Timor-Leste",2002,27.1304708350474,30.4928963545178,3
TLS,"Timor-Leste",2003,26.3533869276263,27.9375560007616,3
TLS,"Timor-Leste",2004,22.9413878442366,25.5534436640997,3
TLS,"Timor-Leste",2005,24.8123617762189,28.4116985177615,3
TLS,"Timor-Leste",2006,25.0286276340621,28.7381152331283,3
TLS,"Timor-Leste",2007,22.3415397108649,24.6845635683805,3
TLS,"Timor-Leste",2008,22.0052710845683,25.9011501516148,3
TLS,"Timor-Leste",2009,22.7782516873869,26.7303886244384,3
TLS,"Timor-Leste",2010,20.7476459735805,23.4883291286695,3
TLS,"Timor-Leste",2011,23.2329323397372,26.9611960502651,3
TLS,"Timor-Leste",2012,23.7655120407869,26.7447969826165,3
TLS,"Timor-Leste",2013,23.2896624168063,24.869501357983,3
TLS,"Timor-Leste",2014,23.3186776509115,27.8585808165574,3
TLS,"Timor-Leste",2015,25.9723349301203,28.0165474022125,3
TLS,"Timor-Leste",2016,22.2641622404988,24.2659344585031,3
TLS,"Timor-Leste",2017,25.0488617921323,26.9453678184108,3
TLS,"Timor-Leste",2018,26.4796722925625,29.854370779918,3
TLS,"Timor-Leste",2019,30.9978718997577,35.1731926979976,3
TLS,"Timor-Leste",2020,28.5881875391721,30.0206386865288,3
TLS,"Timor-Leste",2021,27.6006750781977,32.8704093435976,3
TLS,"Timor-Leste",2022,38.8493927300595,38.9132312182503,3
TGO,"Togo",1990,42.3823960684157,42.6294984996489,5
TGO,"Togo",1991,31.9278907412573,36.0078652297594,5
TGO,"Togo",1992,31.7488985245426,35.0084562713128,5
TGO,"Togo",1993,31.1318136421045,34.3116833888675,5
TGO,"Togo",1994,29.4369284358114,34.1936842031054,5
TGO,"Togo",1995,31.1884188035911,35.5533172102284,5
TGO,"Togo",1996,31.4632983762718,40.4387421309881,5
TGO,"Togo",1997,35.0024452241614,41.1499570821479,5
TGO,"Togo",1998,34.4512095482276,40.3237206966008,5
TGO,"Togo",1999,34.0224471488286,43.8935364632006,5
TGO,"Togo",2000,35.1683129674061,39.6828182493248,5
TGO,"Togo",2001,31.8225744930446,34.5067499300984,5
TGO,"Togo",2002,30.9101693760593,35.9009044404236,5
TGO,"Togo",2003,34.10279423016,38.3685000338878,5
TGO,"Togo",2004,33.4402031556607,35.626729129671,5
TGO,"Togo",2005,30.6840423357862,33.3759886829337,5
TGO,"Togo",2006,30.0207115133369,32.8427124358376,5
TGO,"Togo",2007,31.849119429692,35.5531420499257,5
TGO,"Togo",2008,30.0133859440026,34.4422298563617,5
TGO,"Togo",2009,31.6853945620798,35.2976763577317,5
TGO,"Togo",2010,32.5986928018059,37.3450639437166,5
TGO,"Togo",2011,34.6356283974436,38.9953232351892,5
TGO,"Togo",2012,33.9478717149752,39.5492796129019,5
TGO,"Togo",2013,30.5543032154362,35.9725641997627,5
TGO,"Togo",2014,31.6740483177597,36.1440315434526,5
TGO,"Togo",2015,34.6419932468034,39.2327831845743,5
TGO,"Togo",2016,32.8421040390237,37.6615749662959,5
TGO,"Togo",2017,34.5104252844649,38.9578594535021,5
TGO,"Togo",2018,35.212381606154,40.3552430242061,5
TGO,"Togo",2019,35.5711999487661,40.3997187070787,5
TGO,"Togo",2020,34.3647248971769,39.10810658354,5
TGO,"Togo",2021,35.4999388146115,37.8874994719335,5
TGO,"Togo",2022,37.6966868494901,37.7605253376809,5
TKL,"Tokelau",1990,15.5836223576761,16.9629870848364,2
TKL,"Tokelau",1991,18.4090191734481,23.7323200859083,2
TKL,"Tokelau",1992,19.1785388539528,24.3285773269111,2
TKL,"Tokelau",1993,19.6801560200755,25.9559130356001,2
TKL,"Tokelau",1994,18.5001092715369,21.9271826139621,2
TKL,"Tokelau",1995,18.7090387324212,21.0638430457229,2
TKL,"Tokelau",1996,21.4805726253438,25.9206877904006,2
TKL,"Tokelau",1997,21.3165496312013,24.4557351746168,2
TKL,"Tokelau",1998,19.1660924675444,21.1691842399133,2
TKL,"Tokelau",1999,19.4767536024341,21.4968868666535,2
TKL,"Tokelau",2000,18.9901643980766,23.4793443102967,2
TKL,"Tokelau",2001,20.0925485608531,23.5715343295835,2
TKL,"Tokelau",2002,23.1336110767451,26.363450652711,2
TKL,"Tokelau",2003,18.6884603715578,20.406366278838,2
TKL,"Tokelau",2004,21.6107641994171,27.9779884651576,2
TKL,"Tokelau",2005,18.7305018177365,21.6877848277555,2
TKL,"Tokelau",2006,17.8006569116075,20.9144337060918,2
TKL,"Tokelau",2007,18.5355420959094,20.9343845552491,2
TKL,"Tokelau",2008,15.5719048572005,17.9415282868338,2
TKL,"Tokelau",2009,16.8705115645701,19.9243656967215,2
TKL,"Tokelau",2010,18.092047904988,20.8421778003675,2
TKL,"Tokelau",2011,15.9847751849102,18.2320618087512,2
TKL,"Tokelau",2012,15.9651781546393,18.4417389539758,2
TKL,"Tokelau",2013,18.0612540987308,21.3868315572267,2
TKL,"Tokelau",2014,19.2853762714281,21.5227214629979,2
TKL,"Tokelau",2015,17.7901209896687,18.1144399273284,2
TKL,"Tokelau",2016,19.0458105987929,20.182260189985,2
TKL,"Tokelau",2017,19.4856694324091,21.2004952327834,2
TKL,"Tokelau",2018,20.1950602665985,20.5702363186549,2
TKL,"Tokelau",2019,20.0466832274124,20.5837665520712,2
TKL,"Tokelau",2020,20.1192517038449,21.529238417911,2
TKL,"Tokelau",2021,21.8416033518006,28.4856273015116,2
TKL,"Tokelau",2022,33.9407145903244,34.0045530785152,2
TON,"Tonga",1990,15.5718633065161,16.9109317246217,6
TON,"Tonga",1991,23.8229759313093,29.6310497281334,6
TON,"Tonga",1992,25.1583400779153,30.8391259287853,6
TON,"Tonga",1993,27.2852257908596,32.9393372488509,6
TON,"Tonga",1994,25.9842508043623,31.6767642000246,6
TON,"Tonga",1995,23.8638294995737,28.0506176669226,6
TON,"Tonga",1996,26.4930973344192,30.9612484090329,6
TON,"Tonga",1997,27.6721377125508,30.3956223143244,6
TON,"Tonga",1998,23.2290482696844,27.5784968973658,6
TON,"Tonga",1999,24.1435169382828,26.819091993903,6
TON,"Tonga",2000,23.1693825846462,26.4693008337523,6
TON,"Tonga",2001,23.7460875798518,27.2102452456559,6
TON,"Tonga",2002,26.2356196964064,29.4074832234219,6
TON,"Tonga",2003,22.1463447517202,26.4321416166124,6
TON,"Tonga",2004,25.3512090570642,28.6513267849119,6
TON,"Tonga",2005,24.2350958763136,28.1889705185551,6
TON,"Tonga",2006,23.0934356716951,29.1173746079049,6
TON,"Tonga",2007,21.1131450485607,25.3551346240263,6
TON,"Tonga",2008,19.5985803345313,24.8895381042514,6
TON,"Tonga",2009,22.8032905434675,28.6301014549729,6
TON,"Tonga",2010,21.9101834027125,26.9085174434508,6
TON,"Tonga",2011,21.4342632201594,25.7333376323226,6
TON,"Tonga",2012,22.6929739193814,26.4462446133793,6
TON,"Tonga",2013,23.5763859882563,27.9141490569552,6
TON,"Tonga",2014,25.3321551230466,28.6250497465014,6
TON,"Tonga",2015,25.0981808709796,27.7391400427176,6
TON,"Tonga",2016,25.274646672134,27.7593421091968,6
TON,"Tonga",2017,25.7801220747667,28.4310301025572,6
TON,"Tonga",2018,25.498339231012,27.7008697752729,6
TON,"Tonga",2019,25.6970788899582,26.9526010651294,6
TON,"Tonga",2020,24.7297999202224,26.4225377530787,6
TON,"Tonga",2021,26.1934044213449,31.2221265840169,6
TON,"Tonga",2022,34.206193158098,34.2700316462887,6
TTO,"Trinidad and Tobago",1990,23.388855523716,27.6148324073494,3
TTO,"Trinidad and Tobago",1991,27.865345030178,29.9913145013395,3
TTO,"Trinidad and Tobago",1992,27.2042161716787,29.7571538995409,3
TTO,"Trinidad and Tobago",1993,29.8328909508192,33.2995137803907,3
TTO,"Trinidad and Tobago",1994,28.358071837519,31.5428134642595,3
TTO,"Trinidad and Tobago",1995,26.4130696504054,30.7925609816394,3
TTO,"Trinidad and Tobago",1996,29.5284579551314,33.5925768401398,3
TTO,"Trinidad and Tobago",1997,29.2042366999636,31.8943975578531,3
TTO,"Trinidad and Tobago",1998,29.8217372993383,31.7274386267909,3
TTO,"Trinidad and Tobago",1999,30.0436730561124,31.2242729852578,3
TTO,"Trinidad and Tobago",2000,28.9458335045673,32.4493407210001,3
TTO,"Trinidad and Tobago",2001,23.0453231336064,26.5440978705793,3
TTO,"Trinidad and Tobago",2002,29.757449568453,32.0622643283977,3
TTO,"Trinidad and Tobago",2003,25.8702260254185,29.9493583244297,3
TTO,"Trinidad and Tobago",2004,24.1625226874095,29.0764674684536,3
TTO,"Trinidad and Tobago",2005,20.365409199594,23.2482544417591,3
TTO,"Trinidad and Tobago",2006,22.3141564866463,26.961668354173,3
TTO,"Trinidad and Tobago",2007,18.8077744509783,22.8266626956712,3
TTO,"Trinidad and Tobago",2008,21.6823048963208,25.2494759275165,3
TTO,"Trinidad and Tobago",2009,20.1777218771175,22.044908431389,3
TTO,"Trinidad and Tobago",2010,22.7707318417531,25.8959803331109,3
TTO,"Trinidad and Tobago",2011,18.9720693589097,23.3756861765905,3
TTO,"Trinidad and Tobago",2012,20.3387050596798,22.662851212991,3
TTO,"Trinidad and Tobago",2013,21.5642784847279,27.08381491657,3
TTO,"Trinidad and Tobago",2014,31.7300677316499,36.4465781267137,3
TTO,"Trinidad and Tobago",2015,21.7038406977759,23.0836519535573,3
TTO,"Trinidad and Tobago",2016,23.5647397807981,25.5032242187872,3
TTO,"Trinidad and Tobago",2017,22.181531539108,24.8329391316031,3
TTO,"Trinidad and Tobago",2018,25.4814022034132,26.8929777813841,3
TTO,"Trinidad and Tobago",2019,24.6861405265936,27.4963696129854,3
TTO,"Trinidad and Tobago",2020,22.0711768439972,24.6919734120258,3
TTO,"Trinidad and Tobago",2021,25.3919449448282,26.300529115762,3
TTO,"Trinidad and Tobago",2022,22.3759459351229,23.1428840386027,3
TUN,"Tunisia",1990,38.8258431245714,49.4358541216301,21
TUN,"Tunisia",1991,44.6460694292251,54.6271156469341,21
TUN,"Tunisia",1992,41.2986734046777,52.9453767884872,21
TUN,"Tunisia",1993,42.0229728755535,53.1669969036433,21
TUN,"Tunisia",1994,41.2994874164465,53.1586431349054,21
TUN,"Tunisia",1995,44.7203039165222,55.053502130243,21
TUN,"Tunisia",1996,42.6561784385851,54.1356244525733,21
TUN,"Tunisia",1997,45.9368090419163,53.2470138039453,21
TUN,"Tunisia",1998,45.2940058013574,53.4491385613443,21
TUN,"Tunisia",1999,39.0998589617716,48.2524167261968,21
TUN,"Tunisia",2000,46.5478766563471,54.290611539112,21
TUN,"Tunisia",2001,41.0355379790773,47.5464105064577,21
TUN,"Tunisia",2002,41.4894244153412,48.5361499522426,21
TUN,"Tunisia",2003,45.4005860829917,54.861806119418,21
TUN,"Tunisia",2004,39.1813689744567,43.6645631583174,21
TUN,"Tunisia",2005,41.8481188512349,47.6760266131191,21
TUN,"Tunisia",2006,40.2463651875693,47.998734617563,21
TUN,"Tunisia",2007,38.3570822941759,42.9001166806071,21
TUN,"Tunisia",2008,39.2945986279067,43.4425966085129,21
TUN,"Tunisia",2009,39.4189222097502,44.5122674460542,21
TUN,"Tunisia",2010,38.3405890929845,43.9854966781979,21
TUN,"Tunisia",2011,42.0005627183745,47.941425716313,21
TUN,"Tunisia",2012,40.8260512087121,46.9566448293884,21
TUN,"Tunisia",2013,39.7649265373052,46.2833645916493,21
TUN,"Tunisia",2014,40.918880684857,49.7825816413468,21
TUN,"Tunisia",2015,41.693473002438,48.0028068442555,21
TUN,"Tunisia",2016,41.4026356013306,46.696536775536,21
TUN,"Tunisia",2017,44.9340754654774,50.5966606437839,21
TUN,"Tunisia",2018,39.6043077800828,44.0179597366744,21
TUN,"Tunisia",2019,39.5913698813595,44.3908914131987,21
TUN,"Tunisia",2020,39.472971154015,43.422198518134,21
TUN,"Tunisia",2021,38.5601119420526,43.3298816013592,21
TUN,"Tunisia",2022,42.8808214319371,46.5730096066227,21
TUR,"Turkey",1990,40.8380453076576,50.1576221615915,98
TUR,"Turkey",1991,31.3398483750545,43.8839711090246,98
TUR,"Turkey",1992,27.8680508679478,36.8018122471963,98
TUR,"Turkey",1993,29.5561275186363,41.0756056791387,98
TUR,"Turkey",1994,33.977468986622,41.5212320069021,98
TUR,"Turkey",1995,33.8526215053295,42.6313896969906,98
TUR,"Turkey",1996,34.013335661991,43.5074458063675,98
TUR,"Turkey",1997,34.4299112918677,44.7278597779119,98
TUR,"Turkey",1998,32.8247119186226,40.334062575281,98
TUR,"Turkey",1999,37.210889981091,51.4536850448293,98
TUR,"Turkey",2000,26.0798958830697,34.0492740529926,98
TUR,"Turkey",2001,40.1622040030298,49.5932951695202,98
TUR,"Turkey",2002,45.1402260715539,55.2186042940885,98
TUR,"Turkey",2003,42.771711407275,54.4690030658299,98
TUR,"Turkey",2004,41.2182423637991,52.1812088254596,98
TUR,"Turkey",2005,35.5396541992491,43.2596963093921,98
TUR,"Turkey",2006,42.1069333175251,50.8792499652008,98
TUR,"Turkey",2007,47.0297584317735,55.4225867534517,98
TUR,"Turkey",2008,49.4059561134636,56.9220683824472,98
TUR,"Turkey",2009,43.6495555915277,51.2676332948784,98
TUR,"Turkey",2010,35.9688161855175,45.1458722631934,98
TUR,"Turkey",2011,35.7508046529848,42.2744449629234,98
TUR,"Turkey",2012,38.8177665080013,44.9537542665016,98
TUR,"Turkey",2013,31.8277957705998,37.3172424093239,98
TUR,"Turkey",2014,28.7625553574689,35.7767054977912,98
TUR,"Turkey",2015,34.8168707959176,42.8211343442652,98
TUR,"Turkey",2016,33.1200042187314,41.2404788514867,98
TUR,"Turkey",2017,32.2532210861132,40.3118612584278,98
TUR,"Turkey",2018,29.5102625602958,37.6972425352993,98
TUR,"Turkey",2019,30.1287720496334,38.8926947053864,98
TUR,"Turkey",2020,27.846425545272,34.5770141997598,98
TUR,"Turkey",2021,28.1248599083221,35.1631232837808,98
TUR,"Turkey",2022,27.578084706084,35.4523579774479,98
TKM,"Turkmenistan",1990,37.3291050235669,37.380207570664,54
TKM,"Turkmenistan",1991,28.6378672452674,39.2816001190777,54
TKM,"Turkmenistan",1992,25.1963274663181,33.3260090854475,54
TKM,"Turkmenistan",1993,25.7238414853382,36.6444300520336,54
TKM,"Turkmenistan",1994,32.8952734573683,40.2819038301715,54
TKM,"Turkmenistan",1995,32.1726110378047,40.4010765626479,54
TKM,"Turkmenistan",1996,30.5934292150801,38.960007626414,54
TKM,"Turkmenistan",1997,31.7446230702558,41.2349480906114,54
TKM,"Turkmenistan",1998,23.6128694622456,29.4234294615178,54
TKM,"Turkmenistan",1999,28.6963478244038,41.8853835649525,54
TKM,"Turkmenistan",2000,20.0315432982341,27.2259808636157,54
TKM,"Turkmenistan",2001,36.5130824216416,46.8242598133749,54
TKM,"Turkmenistan",2002,41.7226758101033,52.4639455387288,54
TKM,"Turkmenistan",2003,43.547344564838,57.5713576918508,54
TKM,"Turkmenistan",2004,39.8233963484305,50.7651761104243,54
TKM,"Turkmenistan",2005,33.4287657334283,39.5287813708154,54
TKM,"Turkmenistan",2006,41.5407217380675,50.1713573583334,54
TKM,"Turkmenistan",2007,48.3357058051028,55.6916947830405,54
TKM,"Turkmenistan",2008,49.4268973697077,58.6373709723496,54
TKM,"Turkmenistan",2009,36.6458462624123,44.0982290265227,54
TKM,"Turkmenistan",2010,34.9055057600827,44.2930641293254,54
TKM,"Turkmenistan",2011,30.5026835337077,35.4607768907639,54
TKM,"Turkmenistan",2012,35.1871040439327,41.8600613718882,54
TKM,"Turkmenistan",2013,21.9786438898547,24.2845657517448,54
TKM,"Turkmenistan",2014,26.573949393334,35.5117506039052,54
TKM,"Turkmenistan",2015,31.2664698369111,38.6868441203566,54
TKM,"Turkmenistan",2016,28.4709959969493,34.8657464207885,54
TKM,"Turkmenistan",2017,27.036076714016,34.3641168126479,54
TKM,"Turkmenistan",2018,28.5605424513453,35.0353314728924,54
TKM,"Turkmenistan",2019,33.7238864878762,41.6315552239289,54
TKM,"Turkmenistan",2020,30.7550396808638,36.2161317346293,54
TKM,"Turkmenistan",2021,34.3187642118855,42.386247090122,54
TKM,"Turkmenistan",2022,44.7197286073598,52.2531387752661,54
TCA,"Turks and Caicos Islands",1990,35.9207676188529,37.9458950189363,3
TCA,"Turks and Caicos Islands",1991,32.6056883108693,35.6520954805534,3
TCA,"Turks and Caicos Islands",1992,29.7769349235194,34.0401169673573,3
TCA,"Turks and Caicos Islands",1993,32.9055046120215,36.5684454071134,3
TCA,"Turks and Caicos Islands",1994,32.6998488835259,36.9191316474262,3
TCA,"Turks and Caicos Islands",1995,32.6608580574479,37.5026943332548,3
TCA,"Turks and Caicos Islands",1996,34.3313001609728,39.1724712473506,3
TCA,"Turks and Caicos Islands",1997,33.2696301084913,37.8261538141734,3
TCA,"Turks and Caicos Islands",1998,35.8694141690584,39.7147878657674,3
TCA,"Turks and Caicos Islands",1999,33.7098618653069,36.6920554201939,3
TCA,"Turks and Caicos Islands",2000,31.8289958884347,36.0212493965179,3
TCA,"Turks and Caicos Islands",2001,29.8707535951721,33.3060576109992,3
TCA,"Turks and Caicos Islands",2002,31.1887736094071,34.6196452732703,3
TCA,"Turks and Caicos Islands",2003,32.501333469426,36.1175222870792,3
TCA,"Turks and Caicos Islands",2004,31.5549059965498,36.5855204177721,3
TCA,"Turks and Caicos Islands",2005,27.6756828241628,31.287236201705,3
TCA,"Turks and Caicos Islands",2006,29.1357028524055,33.8713273424367,3
TCA,"Turks and Caicos Islands",2007,27.2992203763644,31.2335244053146,3
TCA,"Turks and Caicos Islands",2008,27.107580687315,29.8358741955043,3
TCA,"Turks and Caicos Islands",2009,25.9944578180479,30.0956842322739,3
TCA,"Turks and Caicos Islands",2010,30.0955604774567,34.1036966805775,3
TCA,"Turks and Caicos Islands",2011,27.2740152407618,31.3412327469558,3
TCA,"Turks and Caicos Islands",2012,28.6534915165002,32.1219809531431,3
TCA,"Turks and Caicos Islands",2013,29.7824693667276,33.6641166395437,3
TCA,"Turks and Caicos Islands",2014,32.1477597077777,34.9372751208972,3
TCA,"Turks and Caicos Islands",2015,28.9455149619508,34.0325486220287,3
TCA,"Turks and Caicos Islands",2016,30.8992020043066,35.375817316535,3
TCA,"Turks and Caicos Islands",2017,30.1778012535379,34.6611277693672,3
TCA,"Turks and Caicos Islands",2018,32.3551540895235,35.7164839103105,3
TCA,"Turks and Caicos Islands",2019,28.7528584321966,33.7790766929036,3
TCA,"Turks and Caicos Islands",2020,28.9975456750442,33.661689720869,3
TCA,"Turks and Caicos Islands",2021,32.7459805135516,35.2172287164102,3
TCA,"Turks and Caicos Islands",2022,31.3035364342919,33.6172125429448,3
TUV,"Tuvalu",1990,26.1391334837527,26.1902360308498,7
TUV,"Tuvalu",1991,19.0086910954149,22.954176647319,7
TUV,"Tuvalu",1992,19.4759009494606,22.7738162191306,7
TUV,"Tuvalu",1993,20.2114597930423,25.597025217127,7
TUV,"Tuvalu",1994,18.2524347498325,21.3053496336788,7
TUV,"Tuvalu",1995,18.8415482064111,20.1816717488868,7
TUV,"Tuvalu",1996,20.575675028953,25.0125658196821,7
TUV,"Tuvalu",1997,21.226506466932,24.3733686778113,7
TUV,"Tuvalu",1998,20.475819743966,21.6079744813336,7
TUV,"Tuvalu",1999,20.0889090711816,22.162806764673,7
TUV,"Tuvalu",2000,20.4985992817611,22.6837605942386,7
TUV,"Tuvalu",2001,20.4138853046264,22.7112803017293,7
TUV,"Tuvalu",2002,21.9220219087019,24.4726721760815,7
TUV,"Tuvalu",2003,20.0303551012406,22.1011449906291,7
TUV,"Tuvalu",2004,21.4328032530908,26.3313612210255,7
TUV,"Tuvalu",2005,18.8662860272309,20.9675244238122,7
TUV,"Tuvalu",2006,17.543633498201,21.0603955078475,7
TUV,"Tuvalu",2007,17.4983102690005,19.8967589649404,7
TUV,"Tuvalu",2008,14.0335507594761,16.2876395397674,7
TUV,"Tuvalu",2009,15.7235066964684,19.2112692621902,7
TUV,"Tuvalu",2010,16.75574604733,19.3770807503365,7
TUV,"Tuvalu",2011,14.2403208045404,16.4611920642465,7
TUV,"Tuvalu",2012,14.8774469951392,17.0569400357491,7
TUV,"Tuvalu",2013,17.4885402846553,20.5958897480873,7
TUV,"Tuvalu",2014,18.8234141206722,21.2295208237483,7
TUV,"Tuvalu",2015,17.4416928763861,19.5071160539738,7
TUV,"Tuvalu",2016,18.7460620963366,19.2792807759604,7
TUV,"Tuvalu",2017,18.4377866383486,19.5856694999378,7
TUV,"Tuvalu",2018,19.186555830752,19.6895123394614,7
TUV,"Tuvalu",2019,19.3049912544025,20.4761876685614,7
TUV,"Tuvalu",2020,18.8650294076277,20.1113963288483,7
TUV,"Tuvalu",2021,20.0182998225641,21.459827351489,7
TUV,"Tuvalu",2022,23.0008441418999,23.0646826300907,7
UGA,"Uganda",1990,38.0090800944756,39.2009145265358,19
UGA,"Uganda",1991,31.1115042547027,34.1379203838618,19
UGA,"Uganda",1992,31.5219851702234,36.2622415902884,19
UGA,"Uganda",1993,28.0247369366957,36.3969798675505,19
UGA,"Uganda",1994,29.8802766219335,34.4644804149208,19
UGA,"Uganda",1995,29.4645301969249,33.298101924464,19
UGA,"Uganda",1996,30.7430335260088,34.2042430285429,19
UGA,"Uganda",1997,33.2737848618581,36.9036246459198,19
UGA,"Uganda",1998,31.0056312815069,34.964780073065,19
UGA,"Uganda",1999,26.8316401714638,29.4582723341851,19
UGA,"Uganda",2000,29.2018271067527,32.4380315855953,19
UGA,"Uganda",2001,29.0985139338587,31.0549451715749,19
UGA,"Uganda",2002,29.3982115361135,33.1065565569004,19
UGA,"Uganda",2003,35.4188112576876,40.4993910918027,19
UGA,"Uganda",2004,31.5703919130035,37.5823746472064,19
UGA,"Uganda",2005,32.850465745985,35.5829143184347,19
UGA,"Uganda",2006,28.7091219008592,32.0644582434686,19
UGA,"Uganda",2007,30.3347122576674,33.2611250119868,19
UGA,"Uganda",2008,32.0327465478473,34.1561386722097,19
UGA,"Uganda",2009,30.7494528690848,36.4755207033934,19
UGA,"Uganda",2010,32.5033758709418,39.6656647849085,19
UGA,"Uganda",2011,36.5885121798054,40.2871369967121,19
UGA,"Uganda",2012,35.0764947370684,40.163110066518,19
UGA,"Uganda",2013,30.2513763207618,34.7541872173919,19
UGA,"Uganda",2014,37.2513551937142,40.1794007141876,19
UGA,"Uganda",2015,40.8608498404438,43.2830250918727,19
UGA,"Uganda",2016,38.0443498965751,39.8547297932567,19
UGA,"Uganda",2017,36.0969755724872,39.4472087311643,19
UGA,"Uganda",2018,38.5445703747891,41.7764162007763,19
UGA,"Uganda",2019,36.2067773360606,39.2837103468775,19
UGA,"Uganda",2020,31.1743019413359,34.7891162651658,19
UGA,"Uganda",2021,33.760280951068,37.5710945938471,19
UGA,"Uganda",2022,37.3649174943344,37.8851341886923,19
UKR,"Ukraine",1990,37.513793966697,46.4687738767894,82
UKR,"Ukraine",1991,31.1279761330784,42.0491737287508,82
UKR,"Ukraine",1992,31.1598682273118,42.2708068887892,82
UKR,"Ukraine",1993,30.6643794282945,40.1361470918333,82
UKR,"Ukraine",1994,33.8093112073542,42.7625632050019,82
UKR,"Ukraine",1995,36.5049630370113,45.0118898940259,82
UKR,"Ukraine",1996,38.7704204790568,49.5496958688146,82
UKR,"Ukraine",1997,33.1543032623369,42.061235758633,82
UKR,"Ukraine",1998,26.0854235384837,33.2108229036728,82
UKR,"Ukraine",1999,23.1700059738609,29.8878129342193,82
UKR,"Ukraine",2000,23.340198226731,29.5070186486269,82
UKR,"Ukraine",2001,23.072664284961,30.3455936817196,82
UKR,"Ukraine",2002,38.1845231576177,48.0426474955257,82
UKR,"Ukraine",2003,33.3921826053703,42.1171737031152,82
UKR,"Ukraine",2004,30.6654663333561,38.8105583491622,82
UKR,"Ukraine",2005,30.2608656583815,39.3124048722997,82
UKR,"Ukraine",2006,29.8857208353833,38.9157779369365,82
UKR,"Ukraine",2007,31.7192190175828,41.1077738943203,82
UKR,"Ukraine",2008,32.2925761007574,42.4344597843966,82
UKR,"Ukraine",2009,29.6737216840591,38.766972366141,82
UKR,"Ukraine",2010,29.5222031837621,37.4302826077449,82
UKR,"Ukraine",2011,24.5376276533292,30.4659149657662,82
UKR,"Ukraine",2012,31.4949896252647,39.6699605855665,82
UKR,"Ukraine",2013,23.8833263990421,29.8102289482202,82
UKR,"Ukraine",2014,22.7342918398384,28.6158295800171,82
UKR,"Ukraine",2015,27.267661924164,35.6126289771936,82
UKR,"Ukraine",2016,26.1639374879502,32.8129851799475,82
UKR,"Ukraine",2017,26.5522424955412,32.1106101034245,82
UKR,"Ukraine",2018,28.0774805027464,34.682588927442,82
UKR,"Ukraine",2019,27.4906866959107,34.1744811094565,82
UKR,"Ukraine",2020,26.754426096129,34.1056404460137,82
UKR,"Ukraine",2021,27.7836899686612,34.0676992505162,82
UKR,"Ukraine",2022,32.4810948345911,39.1960806444824,82
ARE,"United Arab Emirates",1990,38.1575224367918,40.7521697762555,10
ARE,"United Arab Emirates",1991,48.036297117251,52.6394923677646,10
ARE,"United Arab Emirates",1992,42.6107939164845,46.4045686485221,10
ARE,"United Arab Emirates",1993,46.5001646540204,53.05622391451,10
ARE,"United Arab Emirates",1994,43.6395989167435,46.6362623142016,10
ARE,"United Arab Emirates",1995,49.5044884055847,55.0906921123131,10
ARE,"United Arab Emirates",1996,45.774022039344,49.2998364731096,10
ARE,"United Arab Emirates",1997,49.4597286363748,53.7296441170531,10
ARE,"United Arab Emirates",1998,49.3015909938562,54.5188819888906,10
ARE,"United Arab Emirates",1999,54.2717118435999,59.2471821462129,10
ARE,"United Arab Emirates",2000,47.6420930933197,53.969948313923,10
ARE,"United Arab Emirates",2001,49.024220063007,54.4039468372318,10
ARE,"United Arab Emirates",2002,45.9946244436062,52.4511672167087,10
ARE,"United Arab Emirates",2003,47.1625187184796,57.4225028773054,10
ARE,"United Arab Emirates",2004,46.2831273585624,53.192198101984,10
ARE,"United Arab Emirates",2005,50.2888592487148,54.8864351260019,10
ARE,"United Arab Emirates",2006,48.9710783137714,54.2326269216195,10
ARE,"United Arab Emirates",2007,52.7683396999655,56.8919320917057,10
ARE,"United Arab Emirates",2008,53.4598471975692,58.1594813138696,10
ARE,"United Arab Emirates",2009,48.813413118808,52.6487588940394,10
ARE,"United Arab Emirates",2010,46.4241660165808,50.5428506428865,10
ARE,"United Arab Emirates",2011,51.2077689969024,56.0986822173338,10
ARE,"United Arab Emirates",2012,52.292087779276,57.8464335806426,10
ARE,"United Arab Emirates",2013,47.9277021223764,53.1035341567786,10
ARE,"United Arab Emirates",2014,47.7874629274981,54.0115081691394,10
ARE,"United Arab Emirates",2015,46.279951239864,52.2562404844785,10
ARE,"United Arab Emirates",2016,47.1620095487155,54.3922867651194,10
ARE,"United Arab Emirates",2017,40.5126825097216,46.3257313197029,10
ARE,"United Arab Emirates",2018,44.0944073201178,51.7751794509598,10
ARE,"United Arab Emirates",2019,44.0344673865667,54.1646113440089,10
ARE,"United Arab Emirates",2020,41.8752221064131,47.8578918305691,10
ARE,"United Arab Emirates",2021,54.2818839673692,65.9391228355675,10
ARE,"United Arab Emirates",2022,39.5155943669577,46.573146274627,10
GBR,"United Kingdom of Great Britain and Northern Ireland",1990,34.1068297773721,40.9533338103339,82
GBR,"United Kingdom of Great Britain and Northern Ireland",1991,30.6021690957766,38.0890001940076,82
GBR,"United Kingdom of Great Britain and Northern Ireland",1992,29.0936863921561,37.4334156938565,82
GBR,"United Kingdom of Great Britain and Northern Ireland",1993,28.6262967780834,34.8867761770475,82
GBR,"United Kingdom of Great Britain and Northern Ireland",1994,30.6059559323289,37.8807766779117,82
GBR,"United Kingdom of Great Britain and Northern Ireland",1995,30.5600523809667,38.0585695509839,82
GBR,"United Kingdom of Great Britain and Northern Ireland",1996,28.5547383914769,35.3329205102426,82
GBR,"United Kingdom of Great Britain and Northern Ireland",1997,27.8540780947281,35.1938849307488,82
GBR,"United Kingdom of Great Britain and Northern Ireland",1998,29.221966167374,34.7742204756685,82
GBR,"United Kingdom of Great Britain and Northern Ireland",1999,31.4948368008395,37.2699490805242,82
GBR,"United Kingdom of Great Britain and Northern Ireland",2000,29.1001954877694,34.3801119595239,82
GBR,"United Kingdom of Great Britain and Northern Ireland",2001,28.4327600573345,34.9126641867575,82
GBR,"United Kingdom of Great Britain and Northern Ireland",2002,30.2051127078904,35.715225397551,82
GBR,"United Kingdom of Great Britain and Northern Ireland",2003,32.8322478645618,40.3649093705918,82
GBR,"United Kingdom of Great Britain and Northern Ireland",2004,31.4815107043195,36.8264612464955,82
GBR,"United Kingdom of Great Britain and Northern Ireland",2005,30.0697269712888,35.3606687750644,82
GBR,"United Kingdom of Great Britain and Northern Ireland",2006,32.0391351029548,39.7137878017364,82
GBR,"United Kingdom of Great Britain and Northern Ireland",2007,29.272671492433,34.4133800753684,82
GBR,"United Kingdom of Great Britain and Northern Ireland",2008,30.1771495853531,36.4699334144493,82
GBR,"United Kingdom of Great Britain and Northern Ireland",2009,29.2797626132862,35.2809335704354,82
GBR,"United Kingdom of Great Britain and Northern Ireland",2010,28.6429127278725,34.7475101573249,82
GBR,"United Kingdom of Great Britain and Northern Ireland",2011,29.5073076645124,34.4463802651835,82
GBR,"United Kingdom of Great Britain and Northern Ireland",2012,28.182179462737,32.870822363303,82
GBR,"United Kingdom of Great Britain and Northern Ireland",2013,29.8032447695663,34.9388529852298,82
GBR,"United Kingdom of Great Britain and Northern Ireland",2014,30.2198447138917,34.5890779722492,82
GBR,"United Kingdom of Great Britain and Northern Ireland",2015,30.2320588844328,33.9139364938346,82
GBR,"United Kingdom of Great Britain and Northern Ireland",2016,28.9071662855746,33.878420055176,82
GBR,"United Kingdom of Great Britain and Northern Ireland",2017,29.7994036261646,33.8808170502193,82
GBR,"United Kingdom of Great Britain and Northern Ireland",2018,31.8211249384157,37.4021296311525,82
GBR,"United Kingdom of Great Britain and Northern Ireland",2019,31.0943776711798,36.6596122549823,82
GBR,"United Kingdom of Great Britain and Northern Ireland",2020,34.1667372477432,39.1503531191846,82
GBR,"United Kingdom of Great Britain and Northern Ireland",2021,34.1666297734029,37.7144238089082,82
GBR,"United Kingdom of Great Britain and Northern Ireland",2022,33.4543858340074,38.1710600659337,82
TZA,"United Republic of Tanzania",1990,38.06584618003,38.1218038955851,81
TZA,"United Republic of Tanzania",1991,24.7155164137627,30.3277703138631,81
TZA,"United Republic of Tanzania",1992,25.6223023804098,32.293691135683,81
TZA,"United Republic of Tanzania",1993,25.6062229588611,34.7575646971946,81
TZA,"United Republic of Tanzania",1994,23.1812276029004,28.3559119741155,81
TZA,"United Republic of Tanzania",1995,25.2862145047111,28.3567494367399,81
TZA,"United Republic of Tanzania",1996,26.1026198036734,31.6888105902194,81
TZA,"United Republic of Tanzania",1997,28.2786598748319,32.5027764642965,81
TZA,"United Republic of Tanzania",1998,25.4549798903716,30.2172899456107,81
TZA,"United Republic of Tanzania",1999,22.9983450609706,26.6164222026921,81
TZA,"United Republic of Tanzania",2000,23.3069388752915,30.6310374585721,81
TZA,"United Republic of Tanzania",2001,25.4629312892839,29.7559718563306,81
TZA,"United Republic of Tanzania",2002,25.6370942723959,30.4509385844993,81
TZA,"United Republic of Tanzania",2003,29.8310767297145,36.7296001578758,81
TZA,"United Republic of Tanzania",2004,24.2367878090951,27.6692853610435,81
TZA,"United Republic of Tanzania",2005,26.7130043491633,31.4288969625638,81
TZA,"United Republic of Tanzania",2006,23.5719230076525,27.3845516990239,81
TZA,"United Republic of Tanzania",2007,25.7393928734678,30.286735487631,81
TZA,"United Republic of Tanzania",2008,25.7338133645897,28.7590306724556,81
TZA,"United Republic of Tanzania",2009,26.7033304562742,31.8043118770971,81
TZA,"United Republic of Tanzania",2010,26.3944293866093,30.5344405215384,81
TZA,"United Republic of Tanzania",2011,31.6289770031597,35.7866803028372,81
TZA,"United Republic of Tanzania",2012,29.3398363554532,32.4823266261633,81
TZA,"United Republic of Tanzania",2013,27.1484432199467,31.898367818121,81
TZA,"United Republic of Tanzania",2014,32.7085819654379,36.4429444068134,81
TZA,"United Republic of Tanzania",2015,34.7005387343426,39.206516346259,81
TZA,"United Republic of Tanzania",2016,31.7547406273555,36.2097206131527,81
TZA,"United Republic of Tanzania",2017,30.252526553208,34.3049284696846,81
TZA,"United Republic of Tanzania",2018,33.8761406122681,37.4823579224886,81
TZA,"United Republic of Tanzania",2019,32.2748502277655,36.2020077090984,81
TZA,"United Republic of Tanzania",2020,28.2281651874084,31.0161882709399,81
TZA,"United Republic of Tanzania",2021,29.894971076307,35.4177301975617,81
TZA,"United Republic of Tanzania",2022,37.5156126859772,38.173075924532,81
VIR,"United States Virgin Islands",1990,24.1662324617179,27.9264745719341,1
VIR,"United States Virgin Islands",1991,28.453903927606,30.4003721140746,1
VIR,"United States Virgin Islands",1992,26.4390233389736,30.2346350629927,1
VIR,"United States Virgin Islands",1993,29.3497891661853,32.4409592823174,1
VIR,"United States Virgin Islands",1994,29.7906497137448,33.0151610477813,1
VIR,"United States Virgin Islands",1995,29.5501002021883,33.5679994497142,1
VIR,"United States Virgin Islands",1996,30.9906965665979,35.504292975223,1
VIR,"United States Virgin Islands",1997,31.1117911356747,34.4590540319577,1
VIR,"United States Virgin Islands",1998,31.324090980763,34.0914828080852,1
VIR,"United States Virgin Islands",1999,31.5582632095742,33.7950648796093,1
VIR,"United States Virgin Islands",2000,28.7631006118918,33.4736146304631,1
VIR,"United States Virgin Islands",2001,23.4765094184076,29.1738716895942,1
VIR,"United States Virgin Islands",2002,28.4662766481992,32.0747309599493,1
VIR,"United States Virgin Islands",2003,26.9092660351575,31.280512827395,1
VIR,"United States Virgin Islands",2004,25.1599331424215,30.6642873094764,1
VIR,"United States Virgin Islands",2005,20.3476084033985,21.2307467163912,1
VIR,"United States Virgin Islands",2006,21.510279617589,26.6001089829685,1
VIR,"United States Virgin Islands",2007,20.3357923345076,24.1196240994329,1
VIR,"United States Virgin Islands",2008,22.8207267501821,25.0121976642643,1
VIR,"United States Virgin Islands",2009,22.1425101514973,25.5509212759558,1
VIR,"United States Virgin Islands",2010,25.2398355975356,26.5183279906049,1
VIR,"United States Virgin Islands",2011,21.2816803556309,25.6379952990458,1
VIR,"United States Virgin Islands",2012,20.5184828352379,22.4538054815616,1
VIR,"United States Virgin Islands",2013,23.4816966076831,31.4368161518565,1
VIR,"United States Virgin Islands",2014,35.9164803007861,40.2242269639073,1
VIR,"United States Virgin Islands",2015,22.2898256576392,24.2364752246729,1
VIR,"United States Virgin Islands",2016,25.4534372176443,27.8871665375665,1
VIR,"United States Virgin Islands",2017,24.5708826996329,28.1900374528814,1
VIR,"United States Virgin Islands",2018,30.1367809265603,34.2976261508741,1
VIR,"United States Virgin Islands",2019,26.4174835668387,30.4403472273085,1
VIR,"United States Virgin Islands",2020,22.0759588256679,24.5116213572397,1
VIR,"United States Virgin Islands",2021,28.4050439847975,30.3656250341054,1
VIR,"United States Virgin Islands",2022,21.6888517045111,22.4603424987379,1
USA,"United States of America",1990,41.0052146631471,49.5180266105196,1560
USA,"United States of America",1991,39.4131830269661,49.2587954174645,1560
USA,"United States of America",1992,37.3858416072684,46.3980840614391,1560
USA,"United States of America",1993,38.7838514136295,48.3152253504417,1560
USA,"United States of America",1994,40.2374684950354,50.4002840202427,1560
USA,"United States of America",1995,40.3230961522066,50.8193138161575,1560
USA,"United States of America",1996,39.6618177169855,49.6542893145139,1560
USA,"United States of America",1997,39.7021474604913,49.3519344055562,1560
USA,"United States of America",1998,41.2947999350678,52.4291894498216,1560
USA,"United States of America",1999,41.79697532168,51.5153640656045,1560
USA,"United States of America",2000,39.5952949546,48.7125409871738,1560
USA,"United States of America",2001,40.5519562968089,50.042523101442,1560
USA,"United States of America",2002,40.4736768782621,50.8020949987564,1560
USA,"United States of America",2003,40.0058279916009,48.9160043942135,1560
USA,"United States of America",2004,38.7409113322984,46.9370095724502,1560
USA,"United States of America",2005,40.1973035548065,49.6997342065019,1560
USA,"United States of America",2006,40.3313982023836,49.4230773983291,1560
USA,"United States of America",2007,40.5317532381817,49.2054429801986,1560
USA,"United States of America",2008,39.6275943613864,47.8799048777213,1560
USA,"United States of America",2009,37.9273347395185,45.1079364841003,1560
USA,"United States of America",2010,40.2715126506038,47.0919282733806,1560
USA,"United States of America",2011,39.9825617123197,47.3734531024194,1560
USA,"United States of America",2012,40.3273286411106,48.5605465793023,1560
USA,"United States of America",2013,38.6102659041027,45.0489039076263,1560
USA,"United States of America",2014,38.7297304943278,45.0250529613421,1560
USA,"United States of America",2015,38.513473244881,44.948084941715,1560
USA,"United States of America",2016,39.4463546782712,45.4987414704713,1560
USA,"United States of America",2017,39.3841651817147,45.3550963265048,1560
USA,"United States of America",2018,38.4945033003316,45.8704359119953,1560
USA,"United States of America",2019,39.0898757824533,44.9270548786643,1560
USA,"United States of America",2020,37.8845111791422,43.5513840513951,1560
USA,"United States of America",2021,39.0797908784008,44.6855476363441,1560
USA,"United States of America",2022,39.5101280613168,44.6768589128738,1560
URY,"Uruguay",1990,23.3372248163865,25.0787880921789,19
URY,"Uruguay",1991,27.6786504876287,28.5265872381142,19
URY,"Uruguay",1992,27.9716334485194,30.2924539627822,19
URY,"Uruguay",1993,29.6719980369106,32.8049878727808,19
URY,"Uruguay",1994,29.4738500121377,30.5319887240483,19
URY,"Uruguay",1995,29.5169849255085,31.3079424438997,19
URY,"Uruguay",1996,31.690846094118,32.8041907118691,19
URY,"Uruguay",1997,31.689744767464,33.5002366111172,19
URY,"Uruguay",1998,26.8409122987129,30.2728517404153,19
URY,"Uruguay",1999,27.8513335907906,29.0342550630355,19
URY,"Uruguay",2000,26.815609725354,35.3705124156792,19
URY,"Uruguay",2001,28.986556706902,31.1217756112644,19
URY,"Uruguay",2002,28.5375000703766,31.9461590548075,19
URY,"Uruguay",2003,29.2123071109615,30.9293976242972,19
URY,"Uruguay",2004,25.8520596523325,28.6833692187438,19
URY,"Uruguay",2005,26.4111008412415,28.005499635926,19
URY,"Uruguay",2006,26.3651161163383,27.5328953238749,19
URY,"Uruguay",2007,23.472078229516,28.3975295938814,19
URY,"Uruguay",2008,26.9308384191069,28.4688952335409,19
URY,"Uruguay",2009,26.6842798667322,27.769918788816,19
URY,"Uruguay",2010,25.8199150105777,27.5395168837021,19
URY,"Uruguay",2011,24.7847668409264,27.1841514463057,19
URY,"Uruguay",2012,26.7052893821323,28.1519321079205,19
URY,"Uruguay",2013,26.5843068512458,29.3390194544161,19
URY,"Uruguay",2014,28.6103407213064,29.3604181919057,19
URY,"Uruguay",2015,24.302518563466,25.8172053123074,19
URY,"Uruguay",2016,24.3593483512146,25.8215732846272,19
URY,"Uruguay",2017,27.577640577615,29.477905684892,19
URY,"Uruguay",2018,26.0827729653688,27.4296012683303,19
URY,"Uruguay",2019,27.2646824582301,28.8417946466561,19
URY,"Uruguay",2020,26.2003964725688,27.4099306758002,19
URY,"Uruguay",2021,26.4104598565093,28.1204177013965,19
URY,"Uruguay",2022,27.8248200259366,31.2305472793974,19
UZB,"Uzbekistan",1990,36.6484525565358,36.6995551036329,49
UZB,"Uzbekistan",1991,30.2345816370841,42.0606336492863,49
UZB,"Uzbekistan",1992,26.2813121195055,35.0376056416373,49
UZB,"Uzbekistan",1993,27.6518609473478,39.5614928329221,49
UZB,"Uzbekistan",1994,31.0704254011002,39.1287204048639,49
UZB,"Uzbekistan",1995,31.068366547151,39.7770604385563,49
UZB,"Uzbekistan",1996,30.7470306471301,39.2514559869564,49
UZB,"Uzbekistan",1997,36.6114898435767,45.7804289569885,49
UZB,"Uzbekistan",1998,30.7355053859412,35.2124532041097,49
UZB,"Uzbekistan",1999,33.7414464184556,43.7424052464149,49
UZB,"Uzbekistan",2000,28.69207206101,37.3988059766693,49
UZB,"Uzbekistan",2001,36.2843303257688,45.0696835762592,49
UZB,"Uzbekistan",2002,42.1032186222572,52.1244416063302,49
UZB,"Uzbekistan",2003,44.159271394078,56.4118496405603,49
UZB,"Uzbekistan",2004,40.4961380014865,50.816263448828,49
UZB,"Uzbekistan",2005,37.1525561762154,43.2932789046849,49
UZB,"Uzbekistan",2006,42.3241623256608,50.6152497053825,49
UZB,"Uzbekistan",2007,49.9250745896571,56.7489528178804,49
UZB,"Uzbekistan",2008,50.8263994129044,58.5962071542376,49
UZB,"Uzbekistan",2009,38.2760815632192,44.1710956964469,49
UZB,"Uzbekistan",2010,36.0956993283988,45.6986400255631,49
UZB,"Uzbekistan",2011,35.1419550109624,42.0845340215467,49
UZB,"Uzbekistan",2012,37.4988869892506,44.1974848518664,49
UZB,"Uzbekistan",2013,21.8762068578369,25.1209425834724,49
UZB,"Uzbekistan",2014,29.5702139726468,40.7881460022741,49
UZB,"Uzbekistan",2015,32.8771510606968,41.6245889656643,49
UZB,"Uzbekistan",2016,32.2962104020099,41.0287170571545,49
UZB,"Uzbekistan",2017,35.7394536580441,46.6544260685057,49
UZB,"Uzbekistan",2018,39.6903219889375,48.5157981468116,49
UZB,"Uzbekistan",2019,37.929124309729,46.7949626159208,49
UZB,"Uzbekistan",2020,36.3325932740927,43.7664112248633,49
UZB,"Uzbekistan",2021,35.79247445372,45.6037572544792,49
UZB,"Uzbekistan",2022,44.9171787394774,52.788209016596,49
VUT,"Vanuatu",1990,25.7866274560629,25.83773000316,15
VUT,"Vanuatu",1991,25.0166853784643,29.5784779907958,15
VUT,"Vanuatu",1992,24.6720689732655,29.4599945601772,15
VUT,"Vanuatu",1993,26.270966683079,31.207358754535,15
VUT,"Vanuatu",1994,25.0350270389741,30.8147780537407,15
VUT,"Vanuatu",1995,25.3726293856222,27.926358651209,15
VUT,"Vanuatu",1996,25.611348267074,30.5395733164456,15
VUT,"Vanuatu",1997,25.6377656293841,29.896885489135,15
VUT,"Vanuatu",1998,24.5661783002494,28.0905354372954,15
VUT,"Vanuatu",1999,24.1497002802729,26.7495975570689,15
VUT,"Vanuatu",2000,23.9122883288268,28.1166462104149,15
VUT,"Vanuatu",2001,25.4761929627836,29.7780088210395,15
VUT,"Vanuatu",2002,26.0161750211504,30.2373584720544,15
VUT,"Vanuatu",2003,25.0783469195168,27.6698318328957,15
VUT,"Vanuatu",2004,23.9266239854967,27.7090300007443,15
VUT,"Vanuatu",2005,23.1611695052002,27.1059098091096,15
VUT,"Vanuatu",2006,22.3451578907158,27.9345030222314,15
VUT,"Vanuatu",2007,21.4286839970999,25.6425432406273,15
VUT,"Vanuatu",2008,18.6949872245564,23.8056826151348,15
VUT,"Vanuatu",2009,21.5930822785669,27.9877958324063,15
VUT,"Vanuatu",2010,20.6226634763399,24.5092376512405,15
VUT,"Vanuatu",2011,20.4983877188368,25.0430023255353,15
VUT,"Vanuatu",2012,22.2239813397799,26.4824323739206,15
VUT,"Vanuatu",2013,23.5612400121568,28.0433338300041,15
VUT,"Vanuatu",2014,24.9361915396195,29.2846346240764,15
VUT,"Vanuatu",2015,24.3483718710008,26.4988248085065,15
VUT,"Vanuatu",2016,23.4389835520377,26.1316444019302,15
VUT,"Vanuatu",2017,24.0830489047352,27.1437242172307,15
VUT,"Vanuatu",2018,23.7365987106667,26.0317227711614,15
VUT,"Vanuatu",2019,24.424951657917,25.5279656955648,15
VUT,"Vanuatu",2020,23.4076609501075,25.3559899514984,15
VUT,"Vanuatu",2021,24.2482535110693,28.4732376070693,15
VUT,"Vanuatu",2022,22.2228657828126,22.2867042710034,15
VEN,"Venezuela, Bolivarian Republic of",1990,25.2014324980469,28.8864504386224,89
VEN,"Venezuela, Bolivarian Republic of",1991,29.0395747069884,30.7835156592041,89
VEN,"Venezuela, Bolivarian Republic of",1992,27.3438662015463,30.2928875564393,89
VEN,"Venezuela, Bolivarian Republic of",1993,28.6852522148842,31.6996210928158,89
VEN,"Venezuela, Bolivarian Republic of",1994,29.887334874418,32.4366031048557,89
VEN,"Venezuela, Bolivarian Republic of",1995,30.5509672784938,33.1386598585529,89
VEN,"Venezuela, Bolivarian Republic of",1996,31.2721675759459,35.1349163112797,89
VEN,"Venezuela, Bolivarian Republic of",1997,31.3826514754107,34.2461612837108,89
VEN,"Venezuela, Bolivarian Republic of",1998,31.9986945397422,35.0050829496667,89
VEN,"Venezuela, Bolivarian Republic of",1999,30.9978427447193,33.3054422187778,89
VEN,"Venezuela, Bolivarian Republic of",2000,30.6291185771294,33.5901287490314,89
VEN,"Venezuela, Bolivarian Republic of",2001,23.6514872354735,27.2700820324541,89
VEN,"Venezuela, Bolivarian Republic of",2002,30.5158437275744,33.285796015987,89
VEN,"Venezuela, Bolivarian Republic of",2003,29.1207528867636,32.8717233054933,89
VEN,"Venezuela, Bolivarian Republic of",2004,25.727403600598,29.7528116867114,89
VEN,"Venezuela, Bolivarian Republic of",2005,23.5265348744429,27.7722566998331,89
VEN,"Venezuela, Bolivarian Republic of",2006,24.7485108554128,28.1270084380531,89
VEN,"Venezuela, Bolivarian Republic of",2007,23.7220431834857,27.3743996353711,89
VEN,"Venezuela, Bolivarian Republic of",2008,27.3944590862332,29.3166356852076,89
VEN,"Venezuela, Bolivarian Republic of",2009,23.852548342974,28.3653424427294,89
VEN,"Venezuela, Bolivarian Republic of",2010,27.8395585818403,30.2190308218356,89
VEN,"Venezuela, Bolivarian Republic of",2011,24.848729925979,26.8665560800309,89
VEN,"Venezuela, Bolivarian Republic of",2012,24.8489957769382,27.2358603339577,89
VEN,"Venezuela, Bolivarian Republic of",2013,25.3668146643781,28.3632573204122,89
VEN,"Venezuela, Bolivarian Republic of",2014,30.8771975059156,34.1336944209843,89
VEN,"Venezuela, Bolivarian Republic of",2015,24.8929777365507,27.9122144278746,89
VEN,"Venezuela, Bolivarian Republic of",2016,25.1051915051337,27.6546947925446,89
VEN,"Venezuela, Bolivarian Republic of",2017,23.1056846375029,25.9147462370002,89
VEN,"Venezuela, Bolivarian Republic of",2018,26.6194179723095,29.0891157876493,89
VEN,"Venezuela, Bolivarian Republic of",2019,26.363878935943,29.3185190213641,89
VEN,"Venezuela, Bolivarian Republic of",2020,25.0995139348008,27.5281221667939,89
VEN,"Venezuela, Bolivarian Republic of",2021,25.9072282740899,27.737939607788,89
VEN,"Venezuela, Bolivarian Republic of",2022,22.9996841887376,24.1388247599742,89
VNM,"Viet Nam",1990,33.4412685941065,33.6948294598164,43
VNM,"Viet Nam",1991,26.9149033492898,29.2651407330999,43
VNM,"Viet Nam",1992,26.6608191301478,29.9551319621506,43
VNM,"Viet Nam",1993,28.7103624857996,32.7641398164143,43
VNM,"Viet Nam",1994,26.4692460125876,30.1550342491331,43
VNM,"Viet Nam",1995,26.7976097106283,30.4787641226599,43
VNM,"Viet Nam",1996,27.0909631298897,31.6244955885406,43
VNM,"Viet Nam",1997,29.8712086810124,33.0745332961094,43
VNM,"Viet Nam",1998,29.6699048509919,34.1941395292286,43
VNM,"Viet Nam",1999,28.4393855327378,32.8593982496637,43
VNM,"Viet Nam",2000,29.7119601152227,32.6430790155162,43
VNM,"Viet Nam",2001,31.0738971982229,34.4472409267769,43
VNM,"Viet Nam",2002,33.7877570650306,35.9480610669163,43
VNM,"Viet Nam",2003,31.3445376837481,34.6503510153848,43
VNM,"Viet Nam",2004,35.0047458914123,37.0907347479906,43
VNM,"Viet Nam",2005,29.8513119677022,32.80239500808,43
VNM,"Viet Nam",2006,31.4275331696499,34.0738483359941,43
VNM,"Viet Nam",2007,30.4693255427738,34.5971500955884,43
VNM,"Viet Nam",2008,28.5525027174179,34.9406949946031,43
VNM,"Viet Nam",2009,32.7689888209881,36.2773810599547,43
VNM,"Viet Nam",2010,31.0989418953719,34.7709876855222,43
VNM,"Viet Nam",2011,30.5196422792217,33.0586750168646,43
VNM,"Viet Nam",2012,30.0293410442978,32.5383919968122,43
VNM,"Viet Nam",2013,29.0077534740917,35.6912788991369,43
VNM,"Viet Nam",2014,32.9151766599715,36.4286770166958,43
VNM,"Viet Nam",2015,32.1409071703861,36.7847060247091,43
VNM,"Viet Nam",2016,34.2723286937753,37.7738285134069,43
VNM,"Viet Nam",2017,36.0598449783548,39.4454290896028,43
VNM,"Viet Nam",2018,34.8199372023159,38.7795579925367,43
VNM,"Viet Nam",2019,35.3984572665101,40.9056365023264,43
VNM,"Viet Nam",2020,33.6723064416944,38.1478213488135,43
VNM,"Viet Nam",2021,35.1907377208969,38.0713493750881,43
VNM,"Viet Nam",2022,36.6912971872599,37.6721388686169,43
WLF,"Wallis and Futuna",1990,15.5734273131451,16.9353722075148,2
WLF,"Wallis and Futuna",1991,20.2039687054844,25.6594638560636,2
WLF,"Wallis and Futuna",1992,20.9186639511449,26.0292525231249,2
WLF,"Wallis and Futuna",1993,23.4957023748087,29.323451549074,2
WLF,"Wallis and Futuna",1994,20.7022443700105,24.5395939519227,2
WLF,"Wallis and Futuna",1995,19.9513070308112,22.3919035977345,2
WLF,"Wallis and Futuna",1996,23.2680736808971,28.0175294342093,2
WLF,"Wallis and Futuna",1997,23.8497008778602,26.8267780614261,2
WLF,"Wallis and Futuna",1998,21.262049001007,24.7457241481069,2
WLF,"Wallis and Futuna",1999,19.6798845923943,21.8060898251844,2
WLF,"Wallis and Futuna",2000,20.196953315917,25.1078561899004,2
WLF,"Wallis and Futuna",2001,22.4279099639401,25.9914219607305,2
WLF,"Wallis and Futuna",2002,24.194837423531,27.8957431428839,2
WLF,"Wallis and Futuna",2003,20.7317398209238,24.3140187114197,2
WLF,"Wallis and Futuna",2004,21.7982329007342,26.6520660859116,2
WLF,"Wallis and Futuna",2005,19.1880817124177,23.8835172335039,2
WLF,"Wallis and Futuna",2006,17.7768159868332,21.4190101029347,2
WLF,"Wallis and Futuna",2007,18.5738335251523,21.4924915657883,2
WLF,"Wallis and Futuna",2008,16.1331655576902,19.7016890537075,2
WLF,"Wallis and Futuna",2009,17.7342342226923,21.7649502964361,2
WLF,"Wallis and Futuna",2010,18.1697487084532,22.0601217619819,2
WLF,"Wallis and Futuna",2011,16.797513338147,19.9189138847914,2
WLF,"Wallis and Futuna",2012,17.781320882521,20.8117062883785,2
WLF,"Wallis and Futuna",2013,19.5354277733407,22.9646721369141,2
WLF,"Wallis and Futuna",2014,22.2277692703877,26.6004783613549,2
WLF,"Wallis and Futuna",2015,20.4783646241659,21.7148367410775,2
WLF,"Wallis and Futuna",2016,20.4956455403817,21.8607734162022,2
WLF,"Wallis and Futuna",2017,20.8492086553478,22.7773472699779,2
WLF,"Wallis and Futuna",2018,21.7380078161131,23.2582343468881,2
WLF,"Wallis and Futuna",2019,21.5449402948645,22.5522913353444,2
WLF,"Wallis and Futuna",2020,21.4696893846215,21.8852802474493,2
WLF,"Wallis and Futuna",2021,23.2484619293468,29.0266695630804,2
WLF,"Wallis and Futuna",2022,33.5116370170512,33.575475505242,2
ESH,"Western Sahara",1990,44.3345589026444,48.395908507741,28
ESH,"Western Sahara",1991,35.7491131448993,40.6073313093017,28
ESH,"Western Sahara",1992,32.9269343714389,40.1745985560141,28
ESH,"Western Sahara",1993,31.9211629138969,35.1586736460302,28
ESH,"Western Sahara",1994,29.5078953116856,34.4984032982275,28
ESH,"Western Sahara",1995,35.4357433492885,39.4129706954675,28
ESH,"Western Sahara",1996,39.5803577549078,43.1110143632864,28
ESH,"Western Sahara",1997,35.6628379382628,39.9704470055327,28
ESH,"Western Sahara",1998,32.0473326229501,36.6226925012475,28
ESH,"Western Sahara",1999,35.1999694282823,38.044275508089,28
ESH,"Western Sahara",2000,35.1758815973329,38.623108089701,28
ESH,"Western Sahara",2001,32.4125534114709,37.5898165313622,28
ESH,"Western Sahara",2002,33.4875090917023,38.5818088313944,28
ESH,"Western Sahara",2003,36.1380510420573,40.0755224427806,28
ESH,"Western Sahara",2004,31.1596862636366,35.4140814139091,28
ESH,"Western Sahara",2005,25.5358296292428,29.9742259696138,28
ESH,"Western Sahara",2006,26.0407026387529,28.8706617910308,28
ESH,"Western Sahara",2007,28.8375046026368,31.9305644760602,28
ESH,"Western Sahara",2008,30.5041946480905,33.2743744467309,28
ESH,"Western Sahara",2009,32.3078495918977,35.4145300826925,28
ESH,"Western Sahara",2010,35.0545146963129,37.9552485860641,28
ESH,"Western Sahara",2011,35.8549419822999,39.24102717909,28
ESH,"Western Sahara",2012,36.602849610739,39.7560365700371,28
ESH,"Western Sahara",2013,38.0774767875743,41.3157728755351,28
ESH,"Western Sahara",2014,35.2717356205168,37.9396518250588,28
ESH,"Western Sahara",2015,37.4536006796495,41.9754089881015,28
ESH,"Western Sahara",2016,35.8535378738025,38.7988332187975,28
ESH,"Western Sahara",2017,37.8147434648181,39.9979621534524,28
ESH,"Western Sahara",2018,36.8028938326528,39.7669626722249,28
ESH,"Western Sahara",2019,36.4258827181397,39.6039408348127,28
ESH,"Western Sahara",2020,34.0917893934073,35.4793511585173,28
ESH,"Western Sahara",2021,34.1810938212677,36.679341793271,28
ESH,"Western Sahara",2022,36.6175803428022,38.9633851448396,28
YEM,"Yemen",1990,38.1839307423591,38.2423978322418,49
YEM,"Yemen",1991,30.5408799664952,39.3373405355655,49
YEM,"Yemen",1992,26.7415407910408,34.1421516280372,49
YEM,"Yemen",1993,25.8779685233814,35.4273340154234,49
YEM,"Yemen",1994,32.0945628349654,38.5755303840964,49
YEM,"Yemen",1995,33.2532178376505,39.4468489418682,49
YEM,"Yemen",1996,32.8575483239703,39.7827435350148,49
YEM,"Yemen",1997,33.8662591796393,39.7120527426987,49
YEM,"Yemen",1998,32.1310692155697,36.1101934005504,49
YEM,"Yemen",1999,29.3190472762334,34.6253224564318,49
YEM,"Yemen",2000,26.9330699557838,32.8063314192238,49
YEM,"Yemen",2001,32.1383680168518,37.9261962855105,49
YEM,"Yemen",2002,39.7836222941623,47.1632662960662,49
YEM,"Yemen",2003,38.3142790465935,51.5760782131107,49
YEM,"Yemen",2004,35.3103239614557,41.9790811842531,49
YEM,"Yemen",2005,31.9220569484961,36.7559138018339,49
YEM,"Yemen",2006,34.5050360988763,39.418636142679,49
YEM,"Yemen",2007,38.0328093199699,40.5913897617229,49
YEM,"Yemen",2008,40.4593364403329,44.1887316923035,49
YEM,"Yemen",2009,40.756744573787,44.4824105529335,49
YEM,"Yemen",2010,37.1717548688365,41.4537536303854,49
YEM,"Yemen",2011,38.7837776141422,42.6359295385256,49
YEM,"Yemen",2012,39.0539358275912,42.116243810735,49
YEM,"Yemen",2013,32.043782135819,36.0973399680474,49
YEM,"Yemen",2014,32.9298666305857,38.0582674935403,49
YEM,"Yemen",2015,36.1716025746398,39.0520172576681,49
YEM,"Yemen",2016,35.2314567446652,40.8650527966062,49
YEM,"Yemen",2017,35.9908971833546,38.4600223012814,49
YEM,"Yemen",2018,29.3909959032002,33.1175194601402,49
YEM,"Yemen",2019,32.126712671865,35.1095987601812,49
YEM,"Yemen",2020,34.3741893122823,37.6512902361638,49
YEM,"Yemen",2021,29.8993675526728,34.5429088400541,49
YEM,"Yemen",2022,33.6453600716991,34.0317757256366,49
ZMB,"Zambia",1990,37.9464623716227,37.9975649187199,64
ZMB,"Zambia",1991,29.3109481964498,37.4019263401574,64
ZMB,"Zambia",1992,31.5672126040162,41.77729018241,64
ZMB,"Zambia",1993,31.1923905536086,42.102739107303,64
ZMB,"Zambia",1994,26.3757449368883,34.7457965349787,64
ZMB,"Zambia",1995,30.2872610673741,38.1348934117655,64
ZMB,"Zambia",1996,31.1987011485628,40.4506392122439,64
ZMB,"Zambia",1997,29.8333263185631,37.4562485273928,64
ZMB,"Zambia",1998,33.1479817609029,44.4013072203481,64
ZMB,"Zambia",1999,29.034978513902,37.4239122955915,64
ZMB,"Zambia",2000,29.7937590409833,40.0681082801518,64
ZMB,"Zambia",2001,29.721768154328,40.2519809025256,64
ZMB,"Zambia",2002,31.3823810515763,41.8042872553843,64
ZMB,"Zambia",2003,32.8450587478945,42.9958829379381,64
ZMB,"Zambia",2004,23.0528386372051,26.3704452956016,64
ZMB,"Zambia",2005,35.4575695404856,44.6471151290164,64
ZMB,"Zambia",2006,29.6697829927228,37.9989828250167,64
ZMB,"Zambia",2007,32.0274772092035,41.6826442042017,64
ZMB,"Zambia",2008,30.8270085370589,38.9128428860976,64
ZMB,"Zambia",2009,32.0065189301537,40.4664902256559,64
ZMB,"Zambia",2010,30.5678872362292,37.005433875351,64
ZMB,"Zambia",2011,36.5209871500837,45.87061932278,64
ZMB,"Zambia",2012,33.3065987598002,36.7998989583598,64
ZMB,"Zambia",2013,35.467518491664,46.1442918985286,64
ZMB,"Zambia",2014,38.3824582497651,46.2217534627284,64
ZMB,"Zambia",2015,37.851687444598,48.2756700177347,64
ZMB,"Zambia",2016,34.369743736958,43.7066982237942,64
ZMB,"Zambia",2017,35.4729661082259,44.537294460423,64
ZMB,"Zambia",2018,39.1407555655088,46.9899222670781,64
ZMB,"Zambia",2019,39.0132487034785,49.1885335911536,64
ZMB,"Zambia",2020,34.0037320131449,40.8671350481646,64
ZMB,"Zambia",2021,38.7102448046598,49.1728275266565,64
ZMB,"Zambia",2022,35.256481314283,35.652582784686,64
ZWE,"Zimbabwe",1990,37.9959230131135,38.0470255602106,34
ZWE,"Zimbabwe",1991,26.1449862426496,31.0495919265322,34
ZWE,"Zimbabwe",1992,29.0462697317567,36.3630551495454,34
ZWE,"Zimbabwe",1993,27.0071278979153,35.5618205783361,34
ZWE,"Zimbabwe",1994,25.2135215659219,31.4241601257819,34
ZWE,"Zimbabwe",1995,27.2518076256596,32.4772966368545,34
ZWE,"Zimbabwe",1996,27.9420346513301,35.0920226833785,34
ZWE,"Zimbabwe",1997,26.4311764314628,32.0708601596403,34
ZWE,"Zimbabwe",1998,29.4289086001684,36.7568607973895,34
ZWE,"Zimbabwe",1999,25.4831628546742,31.0299512642047,34
ZWE,"Zimbabwe",2000,27.3124123305723,37.4395649398096,34
ZWE,"Zimbabwe",2001,28.9356946835636,39.3839167240541,34
ZWE,"Zimbabwe",2002,29.6907459524602,37.2309975839317,34
ZWE,"Zimbabwe",2003,30.5864722806364,39.548953037636,34
ZWE,"Zimbabwe",2004,25.3601736499211,27.7049953485017,34
ZWE,"Zimbabwe",2005,33.9978133895663,41.8888224424636,34
ZWE,"Zimbabwe",2006,29.9450083006012,37.1531509337603,34
ZWE,"Zimbabwe",2007,33.5463721020126,40.8511751295171,34
ZWE,"Zimbabwe",2008,30.6058848356651,37.0103417867559,34
ZWE,"Zimbabwe",2009,31.3971012637801,38.8091623246038,34
ZWE,"Zimbabwe",2010,30.1719200218948,33.1160825199292,34
ZWE,"Zimbabwe",2011,31.5217770276277,38.3191302665605,34
ZWE,"Zimbabwe",2012,30.0005854006492,35.6327726954814,34
ZWE,"Zimbabwe",2013,34.4106395073718,44.8651648001976,34
ZWE,"Zimbabwe",2014,39.6691511337438,45.1011434154811,34
ZWE,"Zimbabwe",2015,38.7158427934599,47.9449647380454,34
ZWE,"Zimbabwe",2016,34.3017852830512,41.0428814446169,34
ZWE,"Zimbabwe",2017,33.6128540658386,40.711671259649,34
ZWE,"Zimbabwe",2018,35.7639167060767,42.405126353331,34
ZWE,"Zimbabwe",2019,38.8517297811113,46.1458345395195,34
ZWE,"Zimbabwe",2020,32.9785557160157,38.0222358878571,34
ZWE,"Zimbabwe",2021,41.4285169546343,49.4902168160979,34
ZWE,"Zimbabwe",2022,33.5505962572873,33.9006603008803,34
